"Entity","Year","Code","Gdp_per_capita","Continent","Growth","Ldc","Population","Gdp"
"Afghanistan",2002,"AFG",1280.4631,"Asia",NA,TRUE,21378117,27373889965.9827
"Afghanistan",2003,"AFG",1292.3335,"Asia",0.927039599969731,TRUE,22733049,29378680779.8415
"Afghanistan",2004,"AFG",1260.0605,"Asia",-2.49726560520175,TRUE,23560654,29687849459.567
"Afghanistan",2005,"AFG",1352.3207,"Asia",7.3218865284643,TRUE,24404567,33002801128.6369
"Afghanistan",2006,"AFG",1366.9932,"Asia",1.08498671949634,TRUE,25424094,34754563614.1608
"Afghanistan",2007,"AFG",1528.3446,"Asia",11.8033798558764,TRUE,25909852,39599182390.9992
"Afghanistan",2008,"AFG",1556.8445,"Asia",1.86475615512366,TRUE,26482622,41229324406.279
"Afghanistan",2009,"AFG",1823.7426,"Asia",17.1435297487964,TRUE,27466101,50091098449.6026
"Afghanistan",2010,"AFG",2026.1638,"Asia",11.0992198131469,TRUE,28284089,57308197247.7782
"Afghanistan",2011,"AFG",1961.0963,"Asia",-3.21136425396605,TRUE,29347708,57553681572.2804
"Afghanistan",2012,"AFG",2122.8308,"Asia",8.24714727165618,TRUE,30560034,64873781424.2472
"Afghanistan",2013,"AFG",2165.3408,"Asia",2.00251475529749,TRUE,31622704,68473931177.5232
"Afghanistan",2014,"AFG",2144.4497,"Asia",-0.964795010559069,TRUE,32792523,70321916109.5931
"Afghanistan",2015,"AFG",2108.714,"Asia",-1.66642752217504,TRUE,33831764,71341514391.496
"Afghanistan",2016,"AFG",2101.422,"Asia",-0.345803176722871,TRUE,34700612,72920629470.264
"Afghanistan",2017,"AFG",2096.093,"Asia",-0.253590187977483,TRUE,35688935,74807326830.955
"Afghanistan",2018,"AFG",2060.699,"Asia",-1.68857011592519,TRUE,36743039,75716343724.261
"Afghanistan",2019,"AFG",2079.9219,"Asia",0.932833955856714,TRUE,37856121,78737775116.9499
"Afghanistan",2020,"AFG",1968.341,"Asia",-5.36466777911228,TRUE,39068979,76901073193.839
"Afghanistan",2021,"AFG",1516.3057,"Asia",-22.9652941233252,TRUE,40000412,60652852717.9484
"Albania",1990,"ALB",4827.9053,"Europe",NA,FALSE,3286542,15867113540.4726
"Albania",1991,"ALB",3497.0054,"Europe",-27.5668186780714,FALSE,3266790,11423982270.666
"Albania",1992,"ALB",3265.4143,"Europe",-6.62255482934056,FALSE,3247039,10602927583.2577
"Albania",1993,"ALB",3599.4646,"Europe",10.2299515255997,FALSE,3227287,11616505310.5402
"Albania",1994,"ALB",3922.3281,"Europe",8.96976455887357,FALSE,3207536,12581008584.5616
"Albania",1995,"ALB",4472.415,"Europe",14.0244998882169,FALSE,3187784,14257092978.36
"Albania",1996,"ALB",4909.825,"Europe",9.78017469309087,FALSE,3168033,15554487624.225
"Albania",1997,"ALB",4401.113,"Europe",-10.3611024832861,FALSE,3148281,13855940436.753
"Albania",1998,"ALB",4819.9443,"Europe",9.51648594344203,FALSE,3128530,15079340340.879
"Albania",1999,"ALB",5475.845,"Europe",13.6080555951653,FALSE,3108778,17023186467.41
"Albania",2000,"ALB",5893.654,"Europe",7.6300370079869,FALSE,3089027,18205656334.658
"Albania",2001,"ALB",6442.612,"Europe",9.31439137757323,FALSE,3060173,19715507291.876
"Albania",2002,"ALB",6755.1094,"Europe",4.85047679419466,FALSE,3051010,20609906330.494
"Albania",2003,"ALB",7155.2964,"Europe",5.92421197501257,FALSE,3039616,21749353422.1824
"Albania",2004,"ALB",7581.5063,"Europe",5.95656526541654,FALSE,3026939,22948757098.2157
"Albania",2005,"ALB",8041.5435,"Europe",6.0678865359513,FALSE,3011487,24217003710.1845
"Albania",2006,"ALB",8570.107,"Europe",6.57291103380838,FALSE,2992547,25646447992.529
"Albania",2007,"ALB",9151.78,"Europe",6.78723147797339,FALSE,2970017,27180942180.26
"Albania",2008,"ALB",9913.951,"Europe",8.32811759023926,FALSE,2947314,29219526577.614
"Albania",2009,"ALB",10315.777,"Europe",4.05313683717018,FALSE,2927519,30199633167.263
"Albania",2010,"ALB",10751.421,"Europe",4.22308469832181,FALSE,2913021,31319115152.841
"Albania",2011,"ALB",11054.788,"Europe",2.82164562247167,FALSE,2905195,32116314823.66
"Albania",2012,"ALB",11229.992,"Europe",1.58486983196783,FALSE,2900401,32571480026.792
"Albania",2013,"ALB",11363.318,"Europe",1.18723147799214,FALSE,2895092,32897851035.256
"Albania",2014,"ALB",11588.925,"Europe",1.9853972228886,FALSE,2889104,33481609573.2
"Albania",2015,"ALB",11880.598,"Europe",2.51682533108119,FALSE,2880703,34224474300.394
"Albania",2016,"ALB",12294.077,"Europe",3.48028777676005,FALSE,2876101,35359007153.777
"Albania",2017,"ALB",12773.269,"Europe",3.89774685810086,FALSE,2873457,36703439220.933
"Albania",2018,"ALB",13319.495,"Europe",4.2763211203021,FALSE,2866376,38178680800.12
"Albania",2019,"ALB",13655.665,"Europe",2.52389448699069,FALSE,2854191,38975876142.015
"Albania",2020,"ALB",13256.125,"Europe",-2.9258186986866,FALSE,2837849,37618881075.125
"Albania",2021,"ALB",14518.906,"Europe",9.52601910437629,FALSE,2811666,40822314357.396
"Algeria",1990,"DZA",8828.874,"Africa",NA,FALSE,25375810,224039829137.94
"Algeria",1991,"DZA",8517.377,"Africa",-3.52816225489229,FALSE,25987928,221348980224.856
"Algeria",1992,"DZA",8471.527,"Africa",-0.53831126648498,FALSE,26628568,225584632783.336
"Algeria",1993,"DZA",8109.884,"Africa",-4.26892341841087,FALSE,27277048,221213695142.432
"Algeria",1994,"DZA",7869.2705,"Africa",-2.96691666613234,FALSE,27887279,219452541959.969
"Algeria",1995,"DZA",8013.1235,"Africa",1.82803475874924,FALSE,28470191,228135156551.589
"Algeria",1996,"DZA",8195.86,"Africa",2.28046528922212,FALSE,29033044,237950763997.84
"Algeria",1997,"DZA",8147.8784,"Africa",-0.585437037723936,FALSE,29579301,241008547704.998
"Algeria",1998,"DZA",8435.036,"Africa",3.52432358342511,FALSE,30054133,253507693803.788
"Algeria",1999,"DZA",8584.071,"Africa",1.7668567152529,FALSE,30474354,261594018415.134
"Algeria",2000,"DZA",8786.19,"Africa",2.35458210911816,FALSE,30903893,271527475637.67
"Algeria",2001,"DZA",8926.11,"Africa",1.59249913785156,FALSE,31331221,279665925080.31
"Algeria",2002,"DZA",9299.683,"Africa",4.18517136804275,FALSE,31750835,295272700485.305
"Algeria",2003,"DZA",9835.162,"Africa",5.75803497818151,FALSE,32175818,316454382512.516
"Algeria",2004,"DZA",10114.726,"Africa",2.84249512107681,FALSE,32628286,330026172739.636
"Algeria",2005,"DZA",10566.373,"Africa",4.46524206389772,FALSE,33109249,349844674683.877
"Algeria",2006,"DZA",10592.247,"Africa",0.244871158722106,FALSE,33623506,356148480557.982
"Algeria",2007,"DZA",10775.532,"Africa",1.73036939187691,FALSE,34189416,368409146169.312
"Algeria",2008,"DZA",10847.177,"Africa",0.664885965723089,FALSE,34816961,377665738569.097
"Algeria",2009,"DZA",10824.576,"Africa",-0.208358359045866,FALSE,35490445,384169019176.32
"Algeria",2010,"DZA",11007.747,"Africa",1.69217713469793,FALSE,36188236,398350946264.292
"Algeria",2011,"DZA",11113.969,"Africa",0.964974939921855,FALSE,36903376,410142976859.344
"Algeria",2012,"DZA",11270.701,"Africa",1.41022527595677,FALSE,37646166,424298680782.366
"Algeria",2013,"DZA",11360.638,"Africa",0.79797166121257,FALSE,38414171,436409490801.098
"Algeria",2014,"DZA",11561.26,"Africa",1.76593955374689,FALSE,39205031,453259556699.06
"Algeria",2015,"DZA",11751.634,"Africa",1.64665443039945,FALSE,40019529,470294857660.386
"Algeria",2016,"DZA",11888.323,"Africa",1.16314888635913,FALSE,40850721,485646566030.883
"Algeria",2017,"DZA",11809.483,"Africa",-0.663171752651742,FALSE,41689299,492329067822.417
"Algeria",2018,"DZA",11725.878,"Africa",-0.707948010933244,FALSE,42505035,498408854795.73
"Algeria",2019,"DZA",11627.28,"Africa",-0.840858142989378,FALSE,43294546,503397808814.88
"Algeria",2020,"DZA",10844.7705,"Africa",-6.72994457861168,FALSE,44042091,477626369235.116
"Algeria",2021,"DZA",11039.806,"Africa",1.79842902161922,FALSE,44761099,494153849306.794
"Angola",1990,"AGO",5768.5645,"Africa",NA,TRUE,11626360,67067407560.22
"Angola",1991,"AGO",5635.1665,"Africa",-2.31249906280844,TRUE,12023529,67754587832.5785
"Angola",1992,"AGO",5136.5503,"Africa",-8.8482957868237,TRUE,12423712,63815021600.7136
"Angola",1993,"AGO",3783.1143,"Africa",-26.3491238467966,TRUE,12827135,48526517846.5305
"Angola",1994,"AGO",3713.1033,"Africa",-1.85061815340869,TRUE,13249764,49197742432.6212
"Angola",1995,"AGO",4131.883,"Africa",11.2784284778719,TRUE,13699778,56605879821.974
"Angola",1996,"AGO",4537.859,"Africa",9.82544762279088,TRUE,14170973,64305877366.807
"Angola",1997,"AGO",4708.2793,"Africa",3.75552215262748,TRUE,14660413,69025319057.3509
"Angola",1998,"AGO",4770.1426,"Africa",1.31392587521305,TRUE,15159370,72312356626.162
"Angola",1999,"AGO",4719.449,"Africa",-1.06272713943605,TRUE,15667235,73940716553.515
"Angola",2000,"AGO",4708.361,"Africa",-0.234942680808708,TRUE,16194869,76251289599.709
"Angola",2001,"AGO",4747.8276,"Africa",0.838223747074614,TRUE,16747208,79512856365.3408
"Angola",2002,"AGO",5219.634,"Africa",9.93731111887888,TRUE,17327699,90444246842.166
"Angola",2003,"AGO",5195.307,"Africa",-0.466067161030835,TRUE,17943712,93223092559.584
"Angola",2004,"AGO",5565.581,"Africa",7.12708604130613,TRUE,18600423,103522160840.763
"Angola",2005,"AGO",6178.327,"Africa",11.0095603675519,TRUE,19291161,119187100867.647
"Angola",2006,"AGO",6648.7583,"Africa",7.6142182179739,TRUE,20015279,133076752378.066
"Angola",2007,"AGO",7309.32,"Africa",9.93511374898377,TRUE,20778561,151877151488.52
"Angola",2008,"AGO",7832.8896,"Africa",7.16304115841146,TRUE,21578655,169023222331.488
"Angola",2009,"AGO",7613.7812,"Africa",-2.79728696801753,TRUE,22414773,170661177269.668
"Angola",2010,"AGO",7691.1313,"Africa",1.01592228576255,TRUE,23294825,179163557685.522
"Angola",2011,"AGO",7664.44,"Africa",-0.347039973170142,TRUE,24218352,185620105802.88
"Angola",2012,"AGO",8012.101,"Africa",4.53602611541091,TRUE,25177394,201723823644.794
"Angola",2013,"AGO",8100.3853,"Africa",1.10188700816428,TRUE,26165620,211951603613.386
"Angola",2014,"AGO",8183.678,"Africa",1.0282560262905,TRUE,27160769,222274987728.382
"Angola",2015,"AGO",7967.104,"Africa",-2.6464139962496,TRUE,28157798,224336105076.992
"Angola",2016,"AGO",7488.1387,"Africa",-6.01178671698022,TRUE,29183070,218526875851.809
"Angola",2017,"AGO",7216.0615,"Africa",-3.63344231324135,TRUE,30234839,218176457666.598
"Angola",2018,"AGO",6878.5933,"Africa",-4.67662588518681,TRUE,31297155,215280400692.062
"Angola",2019,"AGO",6602.424,"Africa",-4.0149095600695,TRUE,32375632,213757649731.968
"Angola",2020,"AGO",6032.275,"Africa",-8.63544964697815,TRUE,33451132,201786427285.3
"Angola",2021,"AGO",5908.57,"Africa",-2.05071884156475,TRUE,34532429,204037274016.53
"Antigua and Barbuda",1990,"ATG",15264.63,"North America",NA,FALSE,63066,962679155.58
"Antigua and Barbuda",1991,"ATG",15521.875,"North America",1.68523573778074,FALSE,63387,983885090.625
"Antigua and Barbuda",1992,"ATG",15452.782,"North America",-0.445133078316896,FALSE,64404,995220971.928
"Antigua and Barbuda",1993,"ATG",15978.309,"North America",3.40085688130461,FALSE,65587,1047969352.383
"Antigua and Barbuda",1994,"ATG",16730.518,"North America",4.70768840432364,FALSE,66843,1118318014.674
"Antigua and Barbuda",1995,"ATG",15690.93,"North America",-6.21372273111926,FALSE,68189,1069948825.77
"Antigua and Barbuda",1996,"ATG",16391.719,"North America",4.4662043613731,FALSE,69612,1141060343.028
"Antigua and Barbuda",1997,"ATG",16943.895,"North America",3.36862778089351,FALSE,71053,1203914571.435
"Antigua and Barbuda",1998,"ATG",17414.447,"North America",2.777118248195,FALSE,72412,1261014936.164
"Antigua and Barbuda",1999,"ATG",17754.545,"North America",1.95296468501123,FALSE,73666,1307906311.97
"Antigua and Barbuda",2000,"ATG",18545.92,"North America",4.45730938190756,FALSE,74912,1389311959.04
"Antigua and Barbuda",2001,"ATG",17433.018,"North America",-6.00079154876112,FALSE,76069,1326112246.242
"Antigua and Barbuda",2002,"ATG",17388.543,"North America",-0.255119337340204,FALSE,77032,1339474244.376
"Antigua and Barbuda",2003,"ATG",18237.268,"North America",4.88094373404372,FALSE,77884,1420391380.912
"Antigua and Barbuda",2004,"ATG",19077.41,"North America",4.60673166616842,FALSE,78719,1501754637.79
"Antigua and Barbuda",2005,"ATG",20076.44,"North America",5.23671714346968,FALSE,79611,1598305464.84
"Antigua and Barbuda",2006,"ATG",22340.793,"North America",11.2786579692416,FALSE,80604,1800757278.972
"Antigua and Barbuda",2007,"ATG",24088.123,"North America",7.82125325631905,FALSE,81704,1968096001.592
"Antigua and Barbuda",2008,"ATG",23727.38,"North America",-1.49759696926157,FALSE,82912,1967284530.56
"Antigua and Barbuda",2009,"ATG",20571.906,"North America",-13.2988724418794,FALSE,84173,1731599043.738
"Antigua and Barbuda",2010,"ATG",18702.09,"North America",-9.0891723887908,FALSE,85320,1595662318.8
"Antigua and Barbuda",2011,"ATG",18117.186,"North America",-3.12747933519729,FALSE,86332,1564092901.752
"Antigua and Barbuda",2012,"ATG",18526.39,"North America",2.25865098476109,FALSE,87260,1616612791.4
"Antigua and Barbuda",2013,"ATG",18243.814,"North America",-1.52526207210364,FALSE,88064,1606623236.096
"Antigua and Barbuda",2014,"ATG",18779.48,"North America",2.93615139904409,FALSE,88765,1666960542.2
"Antigua and Barbuda",2015,"ATG",19345.018,"North America",3.01146783617012,FALSE,89409,1729618714.362
"Antigua and Barbuda",2016,"ATG",20267.918,"North America",4.77073735470291,FALSE,89969,1823484314.542
"Antigua and Barbuda",2017,"ATG",20777.875,"North America",2.51607984599108,FALSE,90468,1879732795.5
"Antigua and Barbuda",2018,"ATG",22085.262,"North America",6.29220745624853,FALSE,90926,2008124532.612
"Antigua and Barbuda",2019,"ATG",23035.658,"North America",4.3033041672768,FALSE,91364,2104629857.512
"Antigua and Barbuda",2020,"ATG",18275.69,"North America",-20.6634774661093,FALSE,91846,1678549023.74
"Antigua and Barbuda",2021,"ATG",19124.43,"North America",4.64409278117544,FALSE,92349,1766121986.07
"Argentina",1990,"ARG",14136.525,"South America",NA,FALSE,32755901,463054613384.025
"Argentina",1991,"ARG",15209.487,"South America",7.58999824921612,FALSE,33230294,505415724599.178
"Argentina",1992,"ARG",16190.511,"South America",6.45007947999825,FALSE,33693527,545515419522.297
"Argentina",1993,"ARG",17282.965,"South America",6.74749549288469,FALSE,34152717,590260212565.905
"Argentina",1994,"ARG",18046.893,"South America",4.42012120026859,FALSE,34613491,624665968433.463
"Argentina",1995,"ARG",17303.924,"South America",-4.11688039597731,FALSE,35070020,606848960758.48
"Argentina",1996,"ARG",18031.549,"South America",4.20497108054797,FALSE,35513793,640368698655.357
"Argentina",1997,"ARG",19261.898,"South America",6.82331285016058,FALSE,35947791,692422683567.318
"Argentina",1998,"ARG",19773.176,"South America",2.65434901586541,FALSE,36372860,719206962403.36
"Argentina",1999,"ARG",18884.943,"South America",-4.49211092846187,FALSE,36794682,694865472273.126
"Argentina",2000,"ARG",18524.81,"South America",-1.90698483972124,FALSE,37213984,689381982943.04
"Argentina",2001,"ARG",17514.504,"South America",-5.45379952614899,FALSE,37624825,658980147961.8
"Argentina",2002,"ARG",15439.745,"South America",-11.8459477927551,FALSE,38029349,587163451076.005
"Argentina",2003,"ARG",16631.574,"South America",7.71922722816989,FALSE,38424282,639056289479.868
"Argentina",2004,"ARG",17950.15,"South America",7.92814919381654,FALSE,38815916,696751514587.4
"Argentina",2005,"ARG",19338.146,"South America",7.73250362810338,FALSE,39216789,758379991333.194
"Argentina",2006,"ARG",20679.242,"South America",6.93497711724794,FALSE,39622115,819355304636.83
"Argentina",2007,"ARG",22316.256,"South America",7.91621859253837,FALSE,40016763,893024327399.328
"Argentina",2008,"ARG",22992.39,"South America",3.02978241511479,FALSE,40424148,929447776233.72
"Argentina",2009,"ARG",21413.283,"South America",-6.86795500598241,FALSE,40854831,874836058120.173
"Argentina",2010,"ARG",23521.27,"South America",9.84429617821798,FALSE,41288694,971162519521.38
"Argentina",2011,"ARG",24647.629,"South America",4.78868275394994,FALSE,41730660,1028561825605.14
"Argentina",2012,"ARG",24118.867,"South America",-2.14528545524603,FALSE,42161721,1016892941290.11
"Argentina",2013,"ARG",24424.137,"South America",1.26568963625033,FALSE,42582455,1040039714716.33
"Argentina",2014,"ARG",23550.1,"South America",-3.57857884599976,FALSE,43024071,1013221174457.1
"Argentina",2015,"ARG",23933.887,"South America",1.62966186980098,FALSE,43477012,1040573892305.64
"Argentina",2016,"ARG",23189.527,"South America",-3.11006732838674,FALSE,43900313,1018027493621.95
"Argentina",2017,"ARG",23597.117,"South America",1.75764688947731,FALSE,44288894,1045090213518.6
"Argentina",2018,"ARG",22747.242,"South America",-3.60160522999483,FALSE,44654882,1015775407335.44
"Argentina",2019,"ARG",22071.748,"South America",-2.96956439818066,FALSE,44973465,992642986166.82
"Argentina",2020,"ARG",19685.217,"South America",-10.8126053269546,FALSE,45191965,889613637681.405
"Argentina",2021,"ARG",21527.195,"South America",9.35716380469669,FALSE,45312281,975446308981.795
"Armenia",1990,"ARM",5153.2983,"Asia",NA,FALSE,3552128,18305175183.7824
"Armenia",1991,"ARM",4473.519,"Asia",-13.1911498311674,FALSE,3613977,16167194775.063
"Armenia",1992,"ARM",2634.9631,"Asia",-41.0986496313082,FALSE,3571861,9411721933.3291
"Armenia",1993,"ARM",2484.5522,"Asia",-5.70827348587917,FALSE,3453332,8579983617.9304
"Armenia",1994,"ARM",2683.6375,"Asia",8.0129248240387,FALSE,3364610,9029393568.875
"Armenia",1995,"ARM",2912.781,"Asia",8.53854143862575,FALSE,3307581,9634259092.761
"Armenia",1996,"ARM",3105.953,"Asia",6.6318751735884,FALSE,3278735,10183596809.455
"Armenia",1997,"ARM",3236.0605,"Asia",4.18897195160391,FALSE,3246289,10505187604.4845
"Armenia",1998,"ARM",3505.3684,"Asia",8.32209101158646,FALSE,3208401,11246627479.9284
"Armenia",1999,"ARM",3660.0342,"Asia",4.41225521403115,FALSE,3167286,11592375081.1812
"Armenia",2000,"ARM",3921.8574,"Asia",7.15357249940451,FALSE,3221100,12632694871.14
"Armenia",2001,"ARM",4346.9077,"Asia",10.83798457333,FALSE,3211800,13961398150.86
"Armenia",2002,"ARM",4965.224,"Asia",14.2242794803304,FALSE,3199800,15887723755.2
"Armenia",2003,"ARM",5698.7783,"Asia",14.7738410190557,FALSE,3182500,18136361939.75
"Armenia",2004,"ARM",6334.856,"Asia",11.1616502084315,FALSE,3164900,20049185754.4
"Armenia",2005,"ARM",7259.204,"Asia",14.5914603268014,FALSE,3146400,22840359465.6
"Armenia",2006,"ARM",8273.786,"Asia",13.9764910863505,FALSE,3127100,25872956200.6
"Armenia",2007,"ARM",9476.472,"Asia",14.5361023357384,FALSE,3107400,29447189092.8
"Armenia",2008,"ARM",10201.56,"Asia",7.65145509847968,FALSE,3087100,31493235876
"Armenia",2009,"ARM",8819.678,"Asia",-13.5457910358808,FALSE,3066000,27041132748
"Armenia",2010,"ARM",9068.788,"Asia",2.82447953315303,FALSE,3044800,27612645702.4
"Armenia",2011,"ARM",9551.158,"Asia",5.31901286037339,FALSE,3027900,28919951308.2
"Armenia",2012,"ARM",10289.976,"Asia",7.73537617114073,FALSE,3024100,31117916421.6
"Armenia",2013,"ARM",10677.304,"Asia",3.76412928465527,FALSE,3022000,32266812688
"Armenia",2014,"ARM",11105.532,"Asia",4.01063789136283,FALSE,3013800,33469852341.6
"Armenia",2015,"ARM",11506.039,"Asia",3.60637383242875,FALSE,3004600,34571044779.4
"Armenia",2016,"ARM",11580.384,"Asia",0.646138953639905,FALSE,2992300,34651983043.2
"Armenia",2017,"ARM",12509.64,"Asia",8.02439711843752,FALSE,2979400,37271221416
"Armenia",2018,"ARM",13231.431,"Asia",5.76987826987828,FALSE,2969000,39284118639
"Armenia",2019,"ARM",14317.553,"Asia",8.20865105218022,FALSE,2962500,42415750762.5
"Armenia",2020,"ARM",13357.697,"Asia",-6.70405061535306,FALSE,2961500,39558819665.5
"Armenia",2021,"ARM",14193.117,"Asia",6.25422181682965,FALSE,2962300,42044270489.1
"Aruba",1990,"ABW",30823.482,"North America",NA,FALSE,62753,1934265965.946
"Aruba",1991,"ABW",32222.658,"North America",4.53931843261576,FALSE,65896,2123344271.568
"Aruba",1992,"ABW",32986.543,"North America",2.37064552526982,FALSE,69005,2276236399.715
"Aruba",1993,"ABW",34336.555,"North America",4.09261437307936,FALSE,73685,2530089055.175
"Aruba",1994,"ABW",35984.83,"North America",4.80035053021482,FALSE,77595,2792242883.85
"Aruba",1995,"ABW",35780.723,"North America",-0.567202901889501,FALSE,79805,2855480599.015
"Aruba",1996,"ABW",35125.926,"North America",-1.83002730269033,FALSE,83021,2916189502.446
"Aruba",1997,"ABW",36479.94,"North America",3.85474250557837,FALSE,86301,3148255301.94
"Aruba",1998,"ABW",36105.26,"North America",-1.02708502261791,FALSE,88451,3193546352.26
"Aruba",1999,"ABW",35495.25,"North America",-1.68953221774335,FALSE,89659,3182468619.75
"Aruba",2000,"ABW",37241.03,"North America",4.9183482296927,FALSE,90588,3373590425.64
"Aruba",2001,"ABW",38123.344,"North America",2.36919870368784,FALSE,91439,3485960452.016
"Aruba",2002,"ABW",37309.79,"North America",-2.134004823921,FALSE,92074,3435261604.46
"Aruba",2003,"ABW",37353.56,"North America",0.117315053234009,FALSE,93128,3478662335.68
"Aruba",2004,"ABW",39713.848,"North America",6.31877657711876,FALSE,95138,3778296071.024
"Aruba",2005,"ABW",39166.133,"North America",-1.37915368966512,FALSE,97635,3823985395.455
"Aruba",2006,"ABW",39146.91,"North America",-0.0490806687502137,FALSE,99405,3891398588.55
"Aruba",2007,"ABW",39866.715,"North America",1.83872750109777,FALSE,100150,3992651507.25
"Aruba",2008,"ABW",40096.78,"North America",0.577085420757648,FALSE,100917,4046446747.26
"Aruba",2009,"ABW",34978.008,"North America",-12.766042560026,FALSE,101604,3553905524.832
"Aruba",2010,"ABW",33639.395,"North America",-3.82701324786707,FALSE,101838,3425768708.01
"Aruba",2011,"ABW",34446.855,"North America",2.4003404341844,FALSE,102591,3533937301.305
"Aruba",2012,"ABW",33815.11,"North America",-1.83397003877423,FALSE,104110,3520491102.1
"Aruba",2013,"ABW",35720.7,"North America",5.63532101477711,FALSE,105675,3774784972.5
"Aruba",2014,"ABW",35467.234,"North America",-0.709577359906162,FALSE,106807,3788148861.838
"Aruba",2015,"ABW",36490.523,"North America",2.88516719403606,FALSE,107906,3937546374.838
"Aruba",2016,"ABW",37043.7,"North America",1.51594703095923,FALSE,108727,4027650369.9
"Aruba",2017,"ABW",38865.188,"North America",4.91713300777192,FALSE,108735,4226006217.18
"Aruba",2018,"ABW",40706.75,"North America",4.73833292662832,FALSE,108908,4433290729
"Aruba",2019,"ABW",40780.516,"North America",0.181213189458759,FALSE,109203,4453354688.748
"Aruba",2020,"ABW",33155.242,"North America",-18.6983264262767,FALSE,108587,3600228263.054
"Aruba",2021,"ABW",38866.332,"North America",17.2253003009298,FALSE,107700,4185903956.4
"Australia",1990,"AUS",31006.1,"Oceania",NA,FALSE,17065128,529123065280.8
"Australia",1991,"AUS",30496.127,"Oceania",-1.6447505490855,FALSE,17284036,527096156928.572
"Australia",1992,"AUS",30285.854,"Oceania",-0.689507228245741,FALSE,17478635,529355387729.29
"Australia",1993,"AUS",31232.586,"Oceania",3.12598746596348,FALSE,17634808,550780657453.488
"Australia",1994,"AUS",32164.658,"Oceania",2.98429339152384,FALSE,17805468,572706788749.944
"Australia",1995,"AUS",33044.844,"Oceania",2.73650041607779,FALSE,18004882,594968516928.408
"Australia",1996,"AUS",33905.26,"Oceania",2.60378290785699,FALSE,18224767,617915463574.42
"Australia",1997,"AUS",34852.75,"Oceania",2.79452214789091,FALSE,18423037,642093502801.75
"Australia",1998,"AUS",36099.023,"Oceania",3.57582400241014,FALSE,18607584,671715602790.432
"Australia",1999,"AUS",37475.98,"Oceania",3.8143885500724,FALSE,18812264,705008029418.72
"Australia",2000,"AUS",38494.887,"Oceania",2.71882683254714,FALSE,19028802,732511582735.374
"Australia",2001,"AUS",38779.6,"Oceania",0.739612510097759,FALSE,19274701,747465194899.6
"Australia",2002,"AUS",39872.15,"Oceania",2.81733179300458,FALSE,19495210,777315937401.5
"Australia",2003,"AUS",40642.562,"Oceania",1.93220581282925,FALSE,19720737,801501276208.194
"Australia",2004,"AUS",41905.85,"Oceania",3.10828830131329,FALSE,19932722,835297658223.7
"Australia",2005,"AUS",42704.44,"Oceania",1.9056766537369,FALSE,20176844,861640823987.36
"Australia",2006,"AUS",43286.723,"Oceania",1.36351864115299,FALSE,20450966,885255300324.418
"Australia",2007,"AUS",44109.668,"Oceania",1.90114876563883,FALSE,20827622,918699491649.496
"Australia",2008,"AUS",44777.273,"Oceania",1.51351173171379,FALSE,21249199,951481184654.327
"Australia",2009,"AUS",44684.402,"Oceania",-0.207406556446613,FALSE,21691653,969278542696.506
"Australia",2010,"AUS",44965.395,"Oceania",0.628839119297143,FALSE,22031750,990666341291.25
"Australia",2011,"AUS",45405.367,"Oceania",0.978467997445595,FALSE,22340024,1014356988508.81
"Australia",2012,"AUS",46360.605,"Oceania",2.10379975565445,FALSE,22733465,1053937191146.33
"Australia",2013,"AUS",46744.625,"Oceania",0.828332589706275,FALSE,23128129,1081115717056.62
"Australia",2014,"AUS",47240.273,"Oceania",1.06033153544392,FALSE,23475686,1108997815502.28
"Australia",2015,"AUS",47567.68,"Oceania",0.693067544296366,FALSE,23815995,1132871629041.6
"Australia",2016,"AUS",48109.203,"Oceania",1.13842634326501,FALSE,24190907,1163805255617.12
"Australia",2017,"AUS",48400.246,"Oceania",0.604963254120002,FALSE,24592588,1190287308976.65
"Australia",2018,"AUS",49052.816,"Oceania",1.34827827114763,FALSE,24963258,1224518101434.53
"Australia",2019,"AUS",49379.094,"Oceania",0.665156512115428,FALSE,25334826,1251010754527.64
"Australia",2020,"AUS",48747.85,"Oceania",-1.27836286344176,FALSE,25649248,1250345694116.8
"Australia",2021,"AUS",49774.34,"Oceania",2.10571338017984,FALSE,25685412,1278474429928.08
"Austria",1990,"AUT",37494.56,"Europe",NA,FALSE,7677850,287877607496
"Austria",1991,"AUT",38399.676,"Europe",2.41399285656373,FALSE,7754891,297785301815.316
"Austria",1992,"AUT",38774.492,"Europe",0.976091569105945,FALSE,7840709,304019508394.828
"Austria",1993,"AUT",38658.65,"Europe",-0.29875826613021,FALSE,7905633,305621099175.45
"Austria",1994,"AUT",39435.21,"Europe",2.00876129921763,FALSE,7936118,312962479914.78
"Austria",1995,"AUT",40425.395,"Europe",2.51091600627966,FALSE,7948278,321312277719.81
"Austria",1996,"AUT",41319.375,"Europe",2.21143170029632,FALSE,7959017,328861608054.375
"Austria",1997,"AUT",42136.664,"Europe",1.97798006383203,FALSE,7968041,335746666355.224
"Austria",1998,"AUT",43597.89,"Europe",3.46782554973978,FALSE,7976789,347771169375.21
"Austria",1999,"AUT",45060.617,"Europe",3.35504080587386,FALSE,7992324,360139050703.908
"Austria",2000,"AUT",46469.86,"Europe",3.12743831270664,FALSE,8011566,372296350400.76
"Austria",2001,"AUT",46878.918,"Europe",0.880265186940518,FALSE,8042293,377013994078.974
"Austria",2002,"AUT",47419.277,"Europe",1.15266952193735,FALSE,8081957,383240557685.089
"Austria",2003,"AUT",47633.113,"Europe",0.450947406895292,FALSE,8121423,386848659479.799
"Austria",2004,"AUT",48633.273,"Europe",2.09971580064482,FALSE,8171966,397429453424.718
"Austria",2005,"AUT",49387.027,"Europe",1.54987306735453,FALSE,8227829,406348012974.383
"Austria",2006,"AUT",50840.695,"Europe",2.94342074893473,FALSE,8268641,420383455145.495
"Austria",2007,"AUT",52565.074,"Europe",3.39172979440978,FALSE,8295487,436052888021.038
"Austria",2008,"AUT",53166.055,"Europe",1.14330857785913,FALSE,8321496,442421114018.28
"Austria",2009,"AUT",51030.727,"Europe",-4.01633711585334,FALSE,8343323,425765838285.821
"Austria",2010,"AUT",51843.43,"Europe",1.59257578282199,FALSE,8363404,433587549835.72
"Austria",2011,"AUT",53179.15,"Europe",2.57644989924471,FALSE,8391643,446260441843.45
"Austria",2012,"AUT",53297.445,"Europe",0.222446203070185,FALSE,8429991,449296981672.995
"Austria",2013,"AUT",52997.754,"Europe",-0.562298999511138,FALSE,8479823,449411573317.542
"Austria",2014,"AUT",52932.9,"Europe",-0.122371223505055,FALSE,8546356,452383407512.4
"Austria",2015,"AUT",52873.86,"Europe",-0.111537437019322,FALSE,8642699,456972856948.14
"Austria",2016,"AUT",53345.742,"Europe",0.89246746880216,FALSE,8736668,466064037067.656
"Austria",2017,"AUT",54172.99,"Europe",1.5507292034667,FALSE,8797566,476590454942.34
"Austria",2018,"AUT",55217.285,"Europe",1.92770419354738,FALSE,8840521,488149567605.485
"Austria",2019,"AUT",55806.438,"Europe",1.06697205413124,FALSE,8879920,495556704924.96
"Austria",2020,"AUT",51988.414,"Europe",-6.84154756481681,FALSE,8916864,463573617213.696
"Austria",2021,"AUT",54121.145,"Europe",4.10231979763799,FALSE,8955797,484697988027.565
"Azerbaijan",1990,"AZE",7616.91,"Asia",NA,FALSE,7175200,54652852632
"Azerbaijan",1991,"AZE",7463.629,"Asia",-2.01237772272483,FALSE,7271300,54270285547.7
"Azerbaijan",1992,"AZE",5690.181,"Asia",-23.761202492782,FALSE,7382050,42005200651.05
"Azerbaijan",1993,"AZE",4309.9214,"Asia",-24.2568663457278,FALSE,7494800,32301998908.72
"Azerbaijan",1994,"AZE",3414.5112,"Asia",-20.7755575310492,FALSE,7596550,25938505056.36
"Azerbaijan",1995,"AZE",2976.995,"Asia",-12.8134357854793,FALSE,7684850,22877760025.75
"Azerbaijan",1996,"AZE",2985.3372,"Asia",0.280222170342915,FALSE,7763000,23175172683.6
"Azerbaijan",1997,"AZE",3128.164,"Asia",4.78427696542958,FALSE,7838250,24519331473
"Azerbaijan",1998,"AZE",3408.4753,"Asia",8.96088887922756,FALSE,7913000,26971265048.9
"Azerbaijan",1999,"AZE",3628.7168,"Asia",6.46158415758507,FALSE,7982750,28967139035.2
"Azerbaijan",2000,"AZE",3998.5205,"Asia",10.1910322679356,FALSE,8048600,32182492096.3
"Azerbaijan",2001,"AZE",4360.4595,"Asia",9.05182304304804,FALSE,8111200,35368559096.4
"Azerbaijan",2002,"AZE",4736.5645,"Asia",8.62535244278729,FALSE,8171950,38706968265.775
"Azerbaijan",2003,"AZE",5180.6865,"Asia",9.37645840144264,FALSE,8234100,42658290709.65
"Azerbaijan",2004,"AZE",5610.763,"Asia",8.30153494136347,FALSE,8306500,46605802859.5
"Azerbaijan",2005,"AZE",7106.598,"Asia",26.6600995265706,FALSE,8391850,59637504426.3
"Azerbaijan",2006,"AZE",9453.941,"Asia",33.0304739342228,FALSE,8484550,80212435111.55
"Azerbaijan",2007,"AZE",11684.191,"Asia",23.5906909086909,FALSE,8581300,100265548228.3
"Azerbaijan",2008,"AZE",12672.376,"Asia",8.45745332304136,FALSE,8763400,111053099838.4
"Azerbaijan",2009,"AZE",13565.855,"Asia",7.05060361214029,FALSE,8947243,121377001187.765
"Azerbaijan",2010,"AZE",14082.238,"Asia",3.80649063402196,FALSE,9054332,127505258155.016
"Azerbaijan",2011,"AZE",13913.837,"Asia",-1.19583975217575,FALSE,9173082,127632767735.634
"Azerbaijan",2012,"AZE",14027.469,"Asia",0.816683420971509,FALSE,9295784,130396321890.696
"Azerbaijan",2013,"AZE",14651.694,"Asia",4.45001874536312,FALSE,9416801,137972086710.894
"Azerbaijan",2014,"AZE",14867.943,"Asia",1.47593172502784,FALSE,9535079,141767011072.497
"Azerbaijan",2015,"AZE",14852.611,"Asia",-0.103121191680641,FALSE,9649341,143317908279.351
"Azerbaijan",2016,"AZE",14232.192,"Asia",-4.17717127311825,FALSE,9757812,138875053883.904
"Azerbaijan",2017,"AZE",14121.407,"Asia",-0.778411364883216,FALSE,9854033,139152810584.431
"Azerbaijan",2018,"AZE",14209.593,"Asia",0.624484514892896,FALSE,9939771,141240100423.203
"Azerbaijan",2019,"AZE",14442.041,"Asia",1.63585262435031,FALSE,10024283,144771106081.603
"Azerbaijan",2020,"AZE",13726.77,"Asia",-4.95270024506923,FALSE,10093121,138545950549.17
"Azerbaijan",2021,"AZE",14431.661,"Asia",5.13515561199029,FALSE,10137750,146304571302.75
"Bahrain",1990,"BHR",36997.734,"Asia",NA,FALSE,514797,19046322469.998
"Bahrain",1991,"BHR",39769.312,"Asia",7.49121013735598,FALSE,503052,20006031940.224
"Bahrain",1992,"BHR",40971.727,"Asia",3.02347448203278,FALSE,516458,21160176182.966
"Bahrain",1993,"BHR",44690.414,"Asia",9.07622712608624,FALSE,530225,23695974763.15
"Bahrain",1994,"BHR",43113.48,"Asia",-3.52857326405612,FALSE,544366,23469512653.68
"Bahrain",1995,"BHR",43369.152,"Asia",0.593021022659267,FALSE,558879,24238108300.608
"Bahrain",1996,"BHR",43737.188,"Asia",0.84861239620272,FALSE,573792,25096048576.896
"Bahrain",1997,"BHR",43716.02,"Asia",-0.0483981731976119,FALSE,589115,25753763122.3
"Bahrain",1998,"BHR",44458.438,"Asia",1.69827445407886,FALSE,604842,26890330556.796
"Bahrain",1999,"BHR",45053.746,"Asia",1.33902140241634,FALSE,620989,27977880674.794
"Bahrain",2000,"BHR",46154.03,"Asia",2.44215874968532,FALSE,637582,29426978755.46
"Bahrain",2001,"BHR",46084.926,"Asia",-0.149724736929797,FALSE,661316,30476698922.616
"Bahrain",2002,"BHR",46478.207,"Asia",0.853383164811858,FALSE,710553,33025229418.471
"Bahrain",2003,"BHR",47504.56,"Asia",2.20824568383198,FALSE,764517,36318043697.52
"Bahrain",2004,"BHR",47455.24,"Asia",-0.103821612072609,FALSE,823741,39090826852.84
"Bahrain",2005,"BHR",46821.023,"Asia",-1.33645304501673,FALSE,888822,41615555304.906
"Bahrain",2006,"BHR",46303.49,"Asia",-1.10534321302634,FALSE,960424,44470983079.76
"Bahrain",2007,"BHR",46792.176,"Asia",1.05539776807321,FALSE,1039295,48630874555.92
"Bahrain",2008,"BHR",46588.64,"Asia",-0.434978702422388,FALSE,1103496,51410377885.44
"Bahrain",2009,"BHR",44972.746,"Asia",-3.46842921364522,FALSE,1178415,52996558477.59
"Bahrain",2010,"BHR",45600.066,"Asia",1.39488925137015,FALSE,1228543,56021641883.838
"Bahrain",2011,"BHR",46564.71,"Asia",2.11544430659377,FALSE,1195020,55645759744.2
"Bahrain",2012,"BHR",47793.53,"Asia",2.63895125729334,FALSE,1208964,57780657202.92
"Bahrain",2013,"BHR",48915.53,"Asia",2.34759809539074,FALSE,1253191,61300501956.23
"Bahrain",2014,"BHR",49117.99,"Asia",0.413897181529055,FALSE,1314562,64568643170.38
"Bahrain",2015,"BHR",48453.727,"Asia",-1.35238229414518,FALSE,1370322,66397208090.094
"Bahrain",2016,"BHR",48486.305,"Asia",0.0672352820248509,FALSE,1423726,69031213072.43
"Bahrain",2017,"BHR",48929.445,"Asia",0.913948794406997,FALSE,1501116,73448772760.62
"Bahrain",2018,"BHR",48937.66,"Asia",0.016789481262262,FALSE,1503091,73557756307.06
"Bahrain",2019,"BHR",49768.977,"Asia",1.69872650224795,FALSE,1483756,73845018237.612
"Bahrain",2020,"BHR",47847.84,"Asia",-3.86010948145469,FALSE,1472204,70441781439.36
"Bahrain",2021,"BHR",49387.418,"Asia",3.21765413025959,FALSE,1504365,74296703079.57
"Bangladesh",1990,"BGD",1730.3689,"Asia",NA,TRUE,111633717,193167512088.201
"Bangladesh",1991,"BGD",1756.3326,"Asia",1.50047195138563,TRUE,113787109,199848008996.453
"Bangladesh",1992,"BGD",1818.1508,"Asia",3.51973196876263,TRUE,115952192,210818570646.554
"Bangladesh",1993,"BGD",1867.7809,"Asia",2.7297020687173,TRUE,118132360,220645365679.924
"Bangladesh",1994,"BGD",1903.5808,"Asia",1.91670768236253,TRUE,120343179,229082964955.363
"Bangladesh",1995,"BGD",1964.0612,"Asia",3.17719111266515,TRUE,122600370,240794629822.644
"Bangladesh",1996,"BGD",2017.2135,"Asia",2.70624459156364,TRUE,124862179,251873673118.217
"Bangladesh",1997,"BGD",2070.4375,"Asia",2.63849116615569,TRUE,127198069,263355651985.188
"Bangladesh",1998,"BGD",2137.1501,"Asia",3.22214990793008,TRUE,129622332,277022379796.033
"Bangladesh",1999,"BGD",2194.5264,"Asia",2.68471082120064,TRUE,132108065,289914636295.416
"Bangladesh",2000,"BGD",2267.0754,"Asia",3.3059069145853,TRUE,134544304,305022081808.522
"Bangladesh",2001,"BGD",2337.3645,"Asia",3.1004306252893,TRUE,136805810,319765043687.745
"Bangladesh",2002,"BGD",2382.2815,"Asia",1.92169428431038,TRUE,138933658,330979083180.727
"Bangladesh",2003,"BGD",2451.9902,"Asia",2.92613194536415,TRUE,140970351,345657919142.56
"Bangladesh",2004,"BGD",2537.9507,"Asia",3.50574402785132,TRUE,142902856,362680403417.199
"Bangladesh",2005,"BGD",2663.0962,"Asia",4.93096654714373,TRUE,144715786,385392059776.613
"Bangladesh",2006,"BGD",2806.5928,"Asia",5.3883370792238,TRUE,146405973,410901949698.794
"Bangladesh",2007,"BGD",2973.2812,"Asia",5.9391729359528,TRUE,147989278,440013738078.974
"Bangladesh",2008,"BGD",3124.2268,"Asia",5.0767347535107,TRUE,149474264,466991501499.075
"Bangladesh",2009,"BGD",3253.0913,"Asia",4.1246845459491,TRUE,150873714,490805966412.088
"Bangladesh",2010,"BGD",3395.3647,"Asia",4.37348315431541,TRUE,152201981,516781233557.471
"Bangladesh",2011,"BGD",3571.0586,"Asia",5.17452219492062,TRUE,153591076,548482732833.054
"Bangladesh",2012,"BGD",3756.932,"Asia",5.20499439577945,TRUE,155070101,582587824690.132
"Bangladesh",2013,"BGD",3932.7083,"Asia",4.67871923154318,TRUE,156532141,615595250127.47
"Bangladesh",2014,"BGD",4119.425,"Asia",4.74778920165527,TRUE,157964929,650724677645.825
"Bangladesh",2015,"BGD",4337.3857,"Asia",5.29104668734106,TRUE,159383179,691306321415.14
"Bangladesh",2016,"BGD",4589.0938,"Asia",5.80322151198128,TRUE,160811932,737981040107.222
"Bangladesh",2017,"BGD",4830.776,"Asia",5.2664471578245,TRUE,162186147,783484946460.072
"Bangladesh",2018,"BGD",5124.4985,"Asia",6.08023431432134,TRUE,163523103,837973896038.845
"Bangladesh",2019,"BGD",5467.208,"Asia",6.68766904702967,TRUE,164913055,901613973600.44
"Bangladesh",2020,"BGD",5591.374,"Asia",2.27110437356691,TRUE,166298024,929834447644.976
"Bangladesh",2021,"BGD",5911.013,"Asia",5.71664496061255,TRUE,167658854,991033665559.102
"Barbados",1990,"BRB",14097.3955,"North America",NA,FALSE,258582,3645332723.181
"Barbados",1991,"BRB",13519.722,"North America",-4.0977320952654,FALSE,259373,3506650854.306
"Barbados",1992,"BRB",12710.419,"North America",-5.98609202171465,FALSE,260267,3308102621.873
"Barbados",1993,"BRB",12772.787,"North America",0.49068406006128,FALSE,261027,3334042272.249
"Barbados",1994,"BRB",12993.924,"North America",1.73131361229151,FALSE,261620,3399470396.88
"Barbados",1995,"BRB",13225.754,"North America",1.78414157263041,FALSE,262039,3465663352.406
"Barbados",1996,"BRB",13726.032,"North America",3.78260475735446,FALSE,262284,3600118577.088
"Barbados",1997,"BRB",14353.12,"North America",4.56860365763391,FALSE,262392,3766143863.04
"Barbados",1998,"BRB",14864.666,"North America",3.56400559599584,FALSE,262436,3901023486.376
"Barbados",1999,"BRB",14884.602,"North America",0.134116703328561,FALSE,262517,3907461063.234
"Barbados",2000,"BRB",15517.94,"North America",4.25498780551875,FALSE,262063,4066677910.22
"Barbados",2001,"BRB",15109.764,"North America",-2.63034913139245,FALSE,262425,3965179817.7
"Barbados",2002,"BRB",15167.127,"North America",0.379641932196963,FALSE,264148,4006366262.796
"Barbados",2003,"BRB",15436.603,"North America",1.77671090906009,FALSE,265776,4102678598.928
"Barbados",2004,"BRB",15595.853,"North America",1.03163889101767,FALSE,267298,4168740315.194
"Barbados",2005,"BRB",16154.261,"North America",3.5804902752033,FALSE,268706,4340746856.266
"Barbados",2006,"BRB",17081.633,"North America",5.74072685838121,FALSE,270002,4612075073.266
"Barbados",2007,"BRB",17371.072,"North America",1.69444572424661,FALSE,271288,4712563380.736
"Barbados",2008,"BRB",17405.893,"North America",0.200453950107396,FALSE,272714,4746830703.602
"Barbados",2009,"BRB",16462.707,"North America",-5.41877397499802,FALSE,274123,4512806630.961
"Barbados",2010,"BRB",16019.508,"North America",-2.69213926968389,FALSE,275243,4409257440.444
"Barbados",2011,"BRB",15864.572,"North America",-0.967170777030104,FALSE,276139,4380827047.508
"Barbados",2012,"BRB",15755.267,"North America",-0.688988016821382,FALSE,276938,4363232132.446
"Barbados",2013,"BRB",15489.761,"North America",-1.6851888324076,FALSE,277665,4300964488.065
"Barbados",2014,"BRB",15441.22,"North America",-0.313374751230836,FALSE,278348,4298032704.56
"Barbados",2015,"BRB",15789.451,"North America",2.25520392818702,FALSE,278990,4405098934.49
"Barbados",2016,"BRB",16156.518,"North America",2.32476100657332,FALSE,279598,4517330119.764
"Barbados",2017,"BRB",16198.962,"North America",0.26270512000172,FALSE,280171,4538479382.502
"Barbados",2018,"BRB",16003.857,"North America",-1.20442902452638,FALSE,280711,4492458702.327
"Barbados",2019,"BRB",15954.803,"North America",-0.306513611062634,FALSE,281207,4486602287.221
"Barbados",2020,"BRB",13805.777,"North America",-13.4694612023727,FALSE,281698,3889059769.346
"Barbados",2021,"BRB",13754.803,"North America",-0.369222246600102,FALSE,282147,3880876402.041
"Belarus",1990,"BLR",8895.173,"Europe",NA,FALSE,10189348,90636013217.204
"Belarus",1991,"BLR",8784.377,"Europe",-1.24557442559015,FALSE,10194050,89548378356.85
"Belarus",1992,"BLR",7923.6504,"Europe",-9.79837955497584,FALSE,10216470,80951736602.088
"Belarus",1993,"BLR",7305.307,"Europe",-7.80376933338705,FALSE,10239050,74799403638.35
"Belarus",1994,"BLR",6458.2144,"Europe",-11.5955783925303,FALSE,10226955,66047868049.152
"Belarus",1995,"BLR",5805.3633,"Europe",-10.1088483528822,FALSE,10193831,59178892373.8023
"Belarus",1996,"BLR",5988.0396,"Europe",3.14668162111405,FALSE,10159569,60835901490.9324
"Belarus",1997,"BLR",6698.458,"Europe",11.8639562771094,FALSE,10117433,67771200018.314
"Belarus",1998,"BLR",7293.908,"Europe",8.8893593122477,FALSE,10071963,73463971501.404
"Belarus",1999,"BLR",7575.9185,"Europe",3.86638411123364,FALSE,10026738,75961749908.853
"Belarus",2000,"BLR",8053.174,"Europe",6.29963878307297,FALSE,9979610,80367535782.14
"Belarus",2001,"BLR",8477.084,"Europe",5.26388725737207,FALSE,9928549,84165143871.116
"Belarus",2002,"BLR",8961.642,"Europe",5.71609293950607,FALSE,9865548,88411509309.816
"Belarus",2003,"BLR",9660.193,"Europe",7.79489964004364,FALSE,9796749,94638486112.557
"Belarus",2004,"BLR",10839.956,"Europe",12.2126234952035,FALSE,9730146,105474354513.576
"Belarus",2005,"BLR",11940.187,"Europe",10.149773670668,FALSE,9663915,115388952252.105
"Belarus",2006,"BLR",13214.871,"Europe",10.6755781965559,FALSE,9604924,126927831624.804
"Belarus",2007,"BLR",14417.354,"Europe",9.09946831868431,FALSE,9560953,137843643978.362
"Belarus",2008,"BLR",15942.897,"Europe",10.5812966789884,FALSE,9527985,151903683472.545
"Belarus",2009,"BLR",16014.115,"Europe",0.446706768537731,FALSE,9504583,152207485189.045
"Belarus",2010,"BLR",17300.703,"Europe",8.03408742849668,FALSE,9483836,164077029936.708
"Belarus",2011,"BLR",18274.021,"Europe",5.62588699430306,FALSE,9461643,172902262876.503
"Belarus",2012,"BLR",18611.455,"Europe",1.84652299567786,FALSE,9446836,175819363106.38
"Belarus",2013,"BLR",18805.432,"Europe",1.04224521940922,FALSE,9443211,177583662322.152
"Belarus",2014,"BLR",19119.346,"Europe",1.6692730057996,FALSE,9448515,180649427471.19
"Belarus",2015,"BLR",18362.746,"Europe",-3.95724832847317,FALSE,9461076,173731335474.696
"Belarus",2016,"BLR",17883.127,"Europe",-2.61191327266629,FALSE,9469379,169342107268.133
"Belarus",2017,"BLR",18356.102,"Europe",2.64481150304417,FALSE,9458989,173630166900.878
"Belarus",2018,"BLR",18974.7,"Europe",3.36998563202581,FALSE,9438785,179098113739.5
"Belarus",2019,"BLR",19279.209,"Europe",1.60481588641717,FALSE,9419758,181605483211.422
"Belarus",2020,"BLR",19225.574,"Europe",-0.2782012477794,FALSE,9379952,180334961292.448
"Belarus",2021,"BLR",19751.203,"Europe",2.73400939810692,FALSE,9302585,183737244759.755
"Belgium",1990,"BEL",35506.926,"Europe",NA,FALSE,9967379,353910988566.954
"Belgium",1991,"BEL",36023.684,"Europe",1.45537239692335,FALSE,10004486,360398442246.424
"Belgium",1992,"BEL",36426.992,"Europe",1.11956345164475,FALSE,10045158,365914890104.736
"Belgium",1993,"BEL",35935.957,"Europe",-1.34799766063582,FALSE,10084475,362395259967.575
"Belgium",1994,"BEL",36981.45,"Europe",2.90932282671641,FALSE,10115603,374089666564.35
"Belgium",1995,"BEL",37784.15,"Europe",2.17054766646523,FALSE,10136811,383010787345.65
"Belgium",1996,"BEL",38208.72,"Europe",1.12367222764043,FALSE,10156637,388072099274.64
"Belgium",1997,"BEL",39562.37,"Europe",3.54277766960003,FALSE,10181245,402794181750.65
"Belgium",1998,"BEL",40252.47,"Europe",1.74433432577472,FALSE,10203008,410696273429.76
"Belgium",1999,"BEL",41583.098,"Europe",3.30570521510853,FALSE,10226419,425246183466.062
"Belgium",2000,"BEL",43024.14,"Europe",3.46545127541965,FALSE,10251250,441051215175
"Belgium",2001,"BEL",43347.89,"Europe",0.752484535425926,FALSE,10286570,445901104837.3
"Belgium",2002,"BEL",43890.598,"Europe",1.25198250710703,FALSE,10332785,453512112655.43
"Belgium",2003,"BEL",44160.91,"Europe",0.615876776160592,FALSE,10376133,458219475561.03
"Belgium",2004,"BEL",45540.47,"Europe",3.1239392485345,FALSE,10421137,474583476914.39
"Belgium",2005,"BEL",46342.188,"Europe",1.76045174764336,FALSE,10478617,485602038993.996
"Belgium",2006,"BEL",47212.58,"Europe",1.87818494888502,FALSE,10547958,497996310911.64
"Belgium",2007,"BEL",48590.402,"Europe",2.91833659588186,FALSE,10625700,516307034531.4
"Belgium",2008,"BEL",48423.516,"Europe",-0.34345466003759,FALSE,10709973,518614548925.068
"Belgium",2009,"BEL",47064.79,"Europe",-2.80592181699487,FALSE,10796493,508134675781.47
"Belgium",2010,"BEL",47972.56,"Europe",1.92876670649119,FALSE,10895586,522689153120.16
"Belgium",2011,"BEL",48154.87,"Europe",0.380029750340622,FALSE,11038264,531546167945.68
"Belgium",2012,"BEL",48210.926,"Europe",0.116407748582847,FALSE,11106932,535475476739.032
"Belgium",2013,"BEL",48204.586,"Europe",-0.0131505459986322,FALSE,11159407,537934594440.502
"Belgium",2014,"BEL",48748.62,"Europe",1.12859386449248,FALSE,11209057,546426060251.34
"Belgium",2015,"BEL",49456.4,"Europe",1.45189751012439,FALSE,11274196,557581147054.4
"Belgium",2016,"BEL",49829.926,"Europe",0.755263221746827,FALSE,11331422,564643919734.772
"Belgium",2017,"BEL",50442.27,"Europe",1.22886796982198,FALSE,11375158,573788791128.66
"Belgium",2018,"BEL",51113.48,"Europe",1.33064986964307,FALSE,11427054,584076496087.92
"Belgium",2019,"BEL",51977.184,"Europe",1.68977733466788,FALSE,11488980,597164827432.32
"Belgium",2020,"BEL",48978.934,"Europe",-5.76839637945757,FALSE,11538604,565148523768.136
"Belgium",2021,"BEL",51739.54,"Europe",5.63631295037985,FALSE,11586195,599464399650.3
"Belize",1990,"BLZ",6396.5005,"North America",NA,FALSE,183076,1171045725.538
"Belize",1991,"BLZ",6981.0063,"North America",9.13789970000002,FALSE,187040,1305727418.352
"Belize",1992,"BLZ",7663.6484,"North America",9.77856301318622,FALSE,190983,1463626562.3772
"Belize",1993,"BLZ",7979.022,"North America",4.11518879180313,FALSE,194902,1555127345.844
"Belize",1994,"BLZ",7823.966,"North America",-1.94329580743103,FALSE,199097,1557728158.702
"Belize",1995,"BLZ",7675.2173,"North America",-1.90119307778178,FALSE,204146,1566864910.9258
"Belize",1996,"BLZ",7521.8643,"North America",-1.99802812097581,FALSE,210310,1581923280.933
"Belize",1997,"BLZ",7530.272,"North America",0.111776810437803,FALSE,217446,1637427525.312
"Belize",1998,"BLZ",7554.926,"North America",0.3273985322177,FALSE,225173,1701165352.198
"Belize",1999,"BLZ",7954.445,"North America",5.28819210141832,FALSE,233059,1853854997.255
"Belize",2000,"BLZ",8702.083,"North America",9.39899641018325,FALSE,240799,2095452884.317
"Belize",2001,"BLZ",8857.37,"North America",1.78448079614961,FALSE,248379,2199984703.23
"Belize",2002,"BLZ",9023.401,"North America",1.87449547664825,FALSE,256009,2310071866.609
"Belize",2003,"BLZ",9566.061,"North America",6.01391869872568,FALSE,263780,2523335570.58
"Belize",2004,"BLZ",9710.014,"North America",1.50483046261151,FALSE,271688,2638094283.632
"Belize",2005,"BLZ",9631.592,"North America",-0.807640442124992,FALSE,279731,2694254861.752
"Belize",2006,"BLZ",9781.776,"North America",1.55928531856415,FALSE,287878,2815958111.328
"Belize",2007,"BLZ",9815.055,"North America",0.340214292373905,FALSE,296100,2906237785.5
"Belize",2008,"BLZ",9397.152,"North America",-4.25777542764661,FALSE,304361,2860126579.872
"Belize",2009,"BLZ",9101.549,"North America",-3.14566583577662,FALSE,312614,2845271639.086
"Belize",2010,"BLZ",8988.865,"North America",-1.23807496943653,FALSE,320245,2878639071.925
"Belize",2011,"BLZ",8776.863,"North America",-2.35849576114449,FALSE,327298,2872649706.174
"Belize",2012,"BLZ",8912.105,"North America",1.54089222994594,FALSE,334414,2980332681.47
"Belize",2013,"BLZ",9109.572,"North America",2.21571671339151,FALSE,341627,3112075753.644
"Belize",2014,"BLZ",9276.317,"North America",1.83043725874277,FALSE,348923,3236720356.591
"Belize",2015,"BLZ",9387.914,"North America",1.2030313323704,FALSE,356333,3345223559.362
"Belize",2016,"BLZ",9208.114,"North America",-1.9152284522419,FALSE,364705,3358245216.37
"Belize",2017,"BLZ",8873.754,"North America",-3.63114531379606,FALSE,373202,3311702740.308
"Belize",2018,"BLZ",8798.538,"North America",-0.847623226877828,FALSE,380226,3345432909.588
"Belize",2019,"BLZ",9028.552,"North America",2.61422977317367,FALSE,385829,3483477189.608
"Belize",2020,"BLZ",7703.118,"North America",-14.6804714643057,FALSE,390812,3010470951.816
"Belize",2021,"BLZ",8762.623,"North America",13.7542356225102,FALSE,395346,3464267952.558
"Benin",1990,"BEN",2109.5593,"Africa",NA,TRUE,5281479,11141593142.2047
"Benin",1991,"BEN",2132.3967,"Africa",1.08256734001267,TRUE,5446932,11615019821.9244
"Benin",1992,"BEN",2129.2012,"Africa",-0.149854855806136,TRUE,5617844,11961520186.2128
"Benin",1993,"BEN",2155.3667,"Africa",1.22888809192856,TRUE,5872706,12657834951.2902
"Benin",1994,"BEN",2118.2788,"Africa",-1.72072343884686,TRUE,6096506,12914099413.8728
"Benin",1995,"BEN",2200.5938,"Africa",3.88593796057441,TRUE,6226773,13702598057.8074
"Benin",1996,"BEN",2237.5264,"Africa",1.67830155660713,TRUE,6391858,14301951020.0512
"Benin",1997,"BEN",2297.9944,"Africa",2.70244856105384,TRUE,6583365,15128535903.156
"Benin",1998,"BEN",2317.4812,"Africa",0.847991622607963,TRUE,6789489,15734513115.1068
"Benin",1999,"BEN",2367.7612,"Africa",2.16959688820775,TRUE,7002818,16581000751.0616
"Benin",2000,"BEN",2431.4456,"Africa",2.68964623628431,TRUE,7221619,17558973742.4264
"Benin",2001,"BEN",2485.1165,"Africa",2.20736585675616,TRUE,7445596,18503173471.934
"Benin",2002,"BEN",2523.6099,"Africa",1.54895756396128,TRUE,7675426,19369781040.3174
"Benin",2003,"BEN",2532.9985,"Africa",0.372030558288752,TRUE,7913070,20043794440.395
"Benin",2004,"BEN",2566.3457,"Africa",1.31651084672966,TRUE,8159094,20939055802.7958
"Benin",2005,"BEN",2528.6765,"Africa",-1.46781472192152,TRUE,8426144,21306992318.416
"Benin",2006,"BEN",2549.1943,"Africa",0.811404701234028,TRUE,8693242,22160762954.9206
"Benin",2007,"BEN",2625.2126,"Africa",2.98205201541521,TRUE,8953969,23506072238.8094
"Benin",2008,"BEN",2673.7693,"Africa",1.8496292452657,TRUE,9228466,24674789076.8938
"Benin",2009,"BEN",2656.4316,"Africa",-0.64843664709592,TRUE,9509423,25261131754.9668
"Benin",2010,"BEN",2634.1348,"Africa",-0.83935155717919,TRUE,9797484,25807893556.8432
"Benin",2011,"BEN",2633.939,"Africa",-0.0074331807164904,TRUE,10093623,26585987270.997
"Benin",2012,"BEN",2681.3516,"Africa",1.80006446618544,TRUE,10397657,27879774233.2012
"Benin",2013,"BEN",2792.0273,"Africa",4.12760862842457,TRUE,10708834,29899356879.1682
"Benin",2014,"BEN",2883.8992,"Africa",3.29050865655933,TRUE,11030004,31809419711.5968
"Benin",2015,"BEN",2849.8206,"Africa",-1.18168485223061,TRUE,11360681,32375902743.8286
"Benin",2016,"BEN",2859.3916,"Africa",0.335845702006643,TRUE,11697842,33448711152.9272
"Benin",2017,"BEN",2933.8374,"Africa",2.60355384690925,TRUE,12039780,35322756851.772
"Benin",2018,"BEN",3040.1675,"Africa",3.62426697539544,TRUE,12383347,37647449090.6225
"Benin",2019,"BEN",3156.439,"Africa",3.82450966928631,TRUE,12726755,40171225825.445
"Benin",2020,"BEN",3186.478,"Africa",0.951673705717114,TRUE,13070169,41647805974.782
"Benin",2021,"BEN",3321.5522,"Africa",4.23898109448739,TRUE,13413417,44553364745.8674
"Bermuda",1990,"BMU",65961.41,"North America",NA,FALSE,57559,3796672798.19
"Bermuda",1991,"BMU",63958.895,"North America",-3.03588871129348,FALSE,57984,3708592567.68
"Bermuda",1992,"BMU",64385.406,"North America",0.666851733445373,FALSE,58407,3760558408.242
"Bermuda",1993,"BMU",65967.85,"North America",2.45776814702388,FALSE,58816,3879965065.6
"Bermuda",1994,"BMU",65904.72,"North America",-0.0956981317414538,FALSE,59194,3901163995.68
"Bermuda",1995,"BMU",68313.38,"North America",3.65476099435671,FALSE,59526,4066422257.88
"Bermuda",1996,"BMU",69643.41,"North America",1.94695387638556,FALSE,59813,4165581282.33
"Bermuda",1997,"BMU",72403.88,"North America",3.96372032903042,FALSE,60177,4357048286.76
"Bermuda",1998,"BMU",74677.09,"North America",3.13962456155663,FALSE,60639,4528344060.51
"Bermuda",1999,"BMU",76772.32,"North America",2.80571993365035,FALSE,61124,4692631287.68
"Bermuda",2000,"BMU",83181.52,"North America",8.34832137416193,FALSE,61550,5119822556
"Bermuda",2001,"BMU",88231.78,"North America",6.07137258371811,FALSE,61867,5458635533.26
"Bermuda",2002,"BMU",86364.16,"North America",-2.11672030191389,FALSE,62142,5366841630.72
"Bermuda",2003,"BMU",88727.31,"North America",2.7362623569777,FALSE,62386,5535341961.66
"Bermuda",2004,"BMU",90195.81,"North America",1.65507102604598,FALSE,62555,5642198894.55
"Bermuda",2005,"BMU",91114.08,"North America",1.01808498643119,FALSE,62711,5713855070.88
"Bermuda",2006,"BMU",95615.36,"North America",4.94026828784311,FALSE,62834,6007895530.24
"Bermuda",2007,"BMU",98257.99,"North America",2.76381326180229,FALSE,63010,6191235949.9
"Bermuda",2008,"BMU",95855.8,"North America",-2.44477828215293,FALSE,63300,6067672140
"Bermuda",2009,"BMU",89961.984,"North America",-6.14862741743328,FALSE,63565,5718433512.96
"Bermuda",2010,"BMU",88399.914,"North America",-1.73636677465894,FALSE,63725,5633284519.65
"Bermuda",2011,"BMU",85829.375,"North America",-2.90785237641748,FALSE,63733,5470163556.875
"Bermuda",2012,"BMU",80982.37,"North America",-5.64725654823888,FALSE,63646,5154203921.02
"Bermuda",2013,"BMU",80503.65,"North America",-0.591141010074169,FALSE,63574,5117939045.1
"Bermuda",2014,"BMU",77361.1,"North America",-3.9036118238117,FALSE,63529,4914673321.9
"Bermuda",2015,"BMU",77842.75,"North America",0.62259973035543,FALSE,63464,4940212286
"Bermuda",2016,"BMU",78149.35,"North America",0.393870977065951,FALSE,63449,4958498108.15
"Bermuda",2017,"BMU",81834.95,"North America",4.71609808654837,FALSE,63578,5202902451.1
"Bermuda",2018,"BMU",81423.41,"North America",-0.502890268766577,FALSE,63831,5197337683.71
"Bermuda",2019,"BMU",81681.73,"North America",0.31725519724609,FALSE,64107,5236370665.11
"Bermuda",2020,"BMU",76117.805,"North America",-6.81171297424773,FALSE,64382,4900616521.51
"Bermuda",2021,"BMU",80271.13,"North America",5.45644346943532,FALSE,64648,5189368012.24
"Bhutan",1990,"BTN",2737.9932,"Asia",NA,TRUE,589287,1613463798.8484
"Bhutan",1991,"BTN",2682.3093,"Asia",-2.03374865941961,TRUE,599784,1608806201.1912
"Bhutan",1992,"BTN",2917.5796,"Asia",8.77118459083,TRUE,577774,1685701635.8104
"Bhutan",1993,"BTN",3118.9631,"Asia",6.90241664700425,TRUE,554673,1730004619.5663
"Bhutan",1994,"BTN",3270.7488,"Asia",4.86654362791275,TRUE,554497,1813620397.3536
"Bhutan",1995,"BTN",3460.4612,"Asia",5.80027423689647,TRUE,547989,1896294672.5268
"Bhutan",1996,"BTN",3585.363,"Asia",3.60939749880737,TRUE,548784,1967589848.592
"Bhutan",1997,"BTN",3713.2947,"Asia",3.56816590119327,TRUE,558697,2074606609.0059
"Bhutan",1998,"BTN",3860.3472,"Asia",3.96016238624961,TRUE,569435,2198216807.832
"Bhutan",1999,"BTN",4067.465,"Asia",5.36526351826592,TRUE,582579,2369619692.235
"Bhutan",2000,"BTN",4087.8306,"Asia",0.500695150419232,TRUE,596863,2439874835.4078
"Bhutan",2001,"BTN",4311.447,"Asia",5.4702951731904,TRUE,610794,2633405958.918
"Bhutan",2002,"BTN",4663.1274,"Asia",8.15689952816305,TRUE,624409,2911698716.7066
"Bhutan",2003,"BTN",4904.5107,"Asia",5.17642516050493,TRUE,637663,3127425006.4941
"Bhutan",2004,"BTN",5076.3154,"Asia",3.50299368293764,TRUE,650544,3302366525.5776
"Bhutan",2005,"BTN",5336.7764,"Asia",5.13090656266156,TRUE,661865,3532225511.986
"Bhutan",2006,"BTN",5626.0547,"Asia",5.42046880585066,TRUE,670799,3773951866.7053
"Bhutan",2007,"BTN",6577.4316,"Asia",16.9101964117057,TRUE,678641,4463714758.4556
"Bhutan",2008,"BTN",6811.933,"Asia",3.56524270050942,TRUE,686351,4675377026.483
"Bhutan",2009,"BTN",7188.8594,"Asia",5.53332512225238,TRUE,693988,4988982157.2872
"Bhutan",2010,"BTN",7958.227,"Asia",10.7022207166828,TRUE,701632,5583746726.464
"Bhutan",2011,"BTN",8499.3545,"Asia",6.79959870458583,TRUE,709377,6029246597.1465
"Bhutan",2012,"BTN",8837.576,"Asia",3.979378669286,TRUE,717279,6339007675.704
"Bhutan",2013,"BTN",8929.046,"Asia",1.03501231559424,TRUE,725273,6475995979.558
"Bhutan",2014,"BTN",9349.044,"Asia",4.70372758747127,TRUE,733139,6854148769.116
"Bhutan",2015,"BTN",9877.247,"Asia",5.64980761669321,TRUE,740618,7315266918.646
"Bhutan",2016,"BTN",10587.57,"Asia",7.19150791713521,TRUE,747866,7918083625.62
"Bhutan",2017,"BTN",10986.888,"Asia",3.77157364721084,TRUE,754335,8287794159.48
"Bhutan",2018,"BTN",11233.78,"Asia",2.24715133166006,TRUE,759759,8534965459.02
"Bhutan",2019,"BTN",11797.284,"Asia",5.01615662759996,TRUE,764824,9022845938.016
"Bhutan",2020,"BTN",10547.052,"Asia",-10.5976256907946,TRUE,770006,8121293322.312
"Bhutan",2021,"BTN",10907.856,"Asia",3.42089903415665,TRUE,775442,8458409672.352
"Bolivia",1990,"BOL",4437.8667,"South America",NA,FALSE,7130142,31642619748.0714
"Bolivia",1991,"BOL",4575.7065,"South America",3.10599234537623,FALSE,7280289,33312465699.1785
"Bolivia",1992,"BOL",4556.9937,"South America",-0.408959796700253,FALSE,7430336,33859994340.8832
"Bolivia",1993,"BOL",4657.0303,"South America",2.19523235241691,FALSE,7579195,35296540764.6085
"Bolivia",1994,"BOL",4779.8394,"South America",2.63706894928297,FALSE,7727322,36935358152.0868
"Bolivia",1995,"BOL",4909.178,"South America",2.70591936624482,FALSE,7874676,38658186176.328
"Bolivia",1996,"BOL",5028.4443,"South America",2.42945560336171,FALSE,8021736,40336852665.3048
"Bolivia",1997,"BOL",5181.4165,"South America",3.04213770449839,FALSE,8167900,42321291830.35
"Bolivia",1998,"BOL",5343.9575,"South America",3.1369993128327,FALSE,8313394,44426424216.755
"Bolivia",1999,"BOL",5270.0273,"South America",-1.383435403444,FALSE,8459806,44583408572.7038
"Bolivia",2000,"BOL",5305.619,"South America",0.67536082782721,FALSE,8606326,45661886745.794
"Bolivia",2001,"BOL",5300.3145,"South America",-0.0999789091527168,FALSE,8752736,46392253535.472
"Bolivia",2002,"BOL",5337.7656,"South America",0.706582599957027,FALSE,8900355,47508008746.788
"Bolivia",2003,"BOL",5387.5815,"South America",0.933272528864896,FALSE,9050700,48761383882.05
"Bolivia",2004,"BOL",5515.656,"South America",2.37721693862078,FALSE,9204287,50767680817.272
"Bolivia",2005,"BOL",5660.5747,"South America",2.62740642273558,FALSE,9360754,52987247265.3238
"Bolivia",2006,"BOL",5829.371,"South America",2.9819640044676,FALSE,9521689,55505457727.619
"Bolivia",2007,"BOL",5989.69,"South America",2.75019380307068,FALSE,9685960,58015897752.4
"Bolivia",2008,"BOL",6248.934,"South America",4.32817057310146,FALSE,9850858,61557361485.372
"Bolivia",2009,"BOL",6349.008,"South America",1.60145714453056,FALSE,10016275,63593410105.2
"Bolivia",2010,"BOL",6499.8184,"South America",2.3753380055593,FALSE,10182345,66183393386.148
"Bolivia",2011,"BOL",6724.301,"South America",3.45367495190328,FALSE,10348929,69589313623.629
"Bolivia",2012,"BOL",6952.7383,"South America",3.39719028044699,FALSE,10515807,73113654084.3081
"Bolivia",2013,"BOL",7305.228,"South America",5.06979674468691,FALSE,10682608,78038887074.624
"Bolivia",2014,"BOL",7581.5986,"South America",3.78318924474363,FALSE,10848888,82251914072.3568
"Bolivia",2015,"BOL",7825.7666,"South America",3.22053451893377,FALSE,11014705,86198510497.853
"Bolivia",2016,"BOL",8034.173,"South America",2.66307967835381,FALSE,11180020,89822214823.46
"Bolivia",2017,"BOL",8244.934,"South America",2.6233067174431,FALSE,11344587,93535371072.258
"Bolivia",2018,"BOL",8466.293,"South America",2.68478801649595,FALSE,11508368,97433215439.824
"Bolivia",2019,"BOL",8528.749,"South America",0.73770184896743,FALSE,11671386,99542321676.114
"Bolivia",2020,"BOL",7679.933,"South America",-9.95240919858235,FALSE,11816299,90748384627.967
"Bolivia",2021,"BOL",8052.1772,"South America",4.84697197228153,FALSE,11937360,96121738020.192
"Bosnia and Herzegovina",1994,"BIH",1730.2883,"Europe",NA,FALSE,3725412,6446036796.2796
"Bosnia and Herzegovina",1995,"BIH",2096.766,"Europe",21.1801524636097,FALSE,3715564,7790668266.024
"Bosnia and Herzegovina",1996,"BIH",3802.5938,"Europe",81.3551822187121,FALSE,3875246,14735986413.0748
"Bosnia and Herzegovina",1997,"BIH",4933.543,"Europe",29.7415201171369,FALSE,4018227,19824095688.261
"Bosnia and Herzegovina",1998,"BIH",5609.8877,"Europe",13.7091072278077,FALSE,4089356,22940827925.3212
"Bosnia and Herzegovina",1999,"BIH",6092.245,"Europe",8.59834146056078,FALSE,4130305,25162829984.725
"Bosnia and Herzegovina",2000,"BIH",6826.658,"Europe",12.0548828879994,FALSE,4159771,28397333975.318
"Bosnia and Herzegovina",2001,"BIH",6966.1177,"Europe",2.04286929270515,FALSE,4179438,29114457027.8526
"Bosnia and Herzegovina",2002,"BIH",7310.2744,"Europe",4.94043762711618,FALSE,4188002,30615443807.7488
"Bosnia and Herzegovina",2003,"BIH",7619.566,"Europe",4.23091642086649,FALSE,4178523,31838531781.018
"Bosnia and Herzegovina",2004,"BIH",8181.4995,"Europe",7.37487541941365,FALSE,4140987,33879483070.0065
"Bosnia and Herzegovina",2005,"BIH",8601.171,"Europe",5.12951812806443,FALSE,4096493,35234636793.303
"Bosnia and Herzegovina",2006,"BIH",9147.743,"Europe",6.35462310887669,FALSE,4063272,37169767995.096
"Bosnia and Herzegovina",2007,"BIH",9804.853,"Europe",7.18330193578896,FALSE,4013424,39351032346.672
"Bosnia and Herzegovina",2008,"BIH",10507.673,"Europe",7.16808298910755,FALSE,3947544,41479501505.112
"Bosnia and Herzegovina",2009,"BIH",10364.503,"Europe",-1.36252812587525,FALSE,3879794,40212136552.382
"Bosnia and Herzegovina",2010,"BIH",10637.086,"Europe",2.6299669168893,FALSE,3811472,40542955450.592
"Bosnia and Herzegovina",2011,"BIH",10934.089,"Europe",2.79214627013451,FALSE,3741798,40913152352.022
"Bosnia and Herzegovina",2012,"BIH",11047.185,"Europe",1.03434314463692,FALSE,3670113,40544417281.905
"Bosnia and Herzegovina",2013,"BIH",11484.3545,"Europe",3.95729319279074,FALSE,3610859,41468384805.5155
"Bosnia and Herzegovina",2014,"BIH",11768.1045,"Europe",2.47075270969735,FALSE,3564829,41951280196.6305
"Bosnia and Herzegovina",2015,"BIH",12292.545,"Europe",4.45645685760184,FALSE,3518541,43251823576.845
"Bosnia and Herzegovina",2016,"BIH",12837.599,"Europe",4.43402078251493,FALSE,3473003,44585019839.797
"Bosnia and Herzegovina",2017,"BIH",13402.434,"Europe",4.3998492241423,FALSE,3428682,45952684211.988
"Bosnia and Herzegovina",2018,"BIH",14066.845,"Europe",4.95739057547308,FALSE,3387000,47644404015
"Bosnia and Herzegovina",2019,"BIH",14634.738,"Europe",4.03710284715585,FALSE,3345533,48960998925.354
"Bosnia and Herzegovina",2020,"BIH",14358.987,"Europe",-1.88422232089157,FALSE,3299349,47375309399.463
"Bosnia and Herzegovina",2021,"BIH",15666.54,"Europe",9.10616466189434,FALSE,3244907,50836465311.78
"Botswana",1990,"BWA",9164.872,"Africa",NA,FALSE,1305696,11966536710.912
"Botswana",1991,"BWA",9569.46,"Africa",4.41455156165847,FALSE,1341756,12839880371.76
"Botswana",1992,"BWA",9570.549,"Africa",0.0113799524738257,FALSE,1380033,13207673448.117
"Botswana",1993,"BWA",9476.661,"Africa",-0.981009553370458,FALSE,1420115,13457948436.015
"Botswana",1994,"BWA",9550.831,"Africa",0.782659630855214,FALSE,1460023,13944432929.113
"Botswana",1995,"BWA",9956.809,"Africa",4.25070865561331,FALSE,1498836,14923623774.324
"Botswana",1996,"BWA",10280.627,"Africa",3.25222669230675,FALSE,1535914,15790158938.078
"Botswana",1997,"BWA",10880.853,"Africa",5.83841822098982,FALSE,1571691,17101338732.423
"Botswana",1998,"BWA",10689.217,"Africa",-1.76122221300112,FALSE,1606899,17176492108.083
"Botswana",1999,"BWA",11474.064,"Africa",7.34241806485919,FALSE,1641997,18840378665.808
"Botswana",2000,"BWA",11462.079,"Africa",-0.104452964529399,FALSE,1677382,19226284997.178
"Botswana",2001,"BWA",11262.898,"Africa",-1.73773885173886,FALSE,1712254,19284942152.092
"Botswana",2002,"BWA",11725.56,"Africa",4.10784151645518,FALSE,1744763,20458323242.28
"Botswana",2003,"BWA",12054.874,"Africa",2.8085140496488,FALSE,1775736,21406273737.264
"Botswana",2004,"BWA",12166.467,"Africa",0.925708555726097,FALSE,1807146,21986582173.182
"Botswana",2005,"BWA",12494.217,"Africa",2.69387982558947,FALSE,1839877,22987822491.309
"Botswana",2006,"BWA",13287.226,"Africa",6.3470083799569,FALSE,1874516,24907117732.616
"Botswana",2007,"BWA",13783.38,"Africa",3.73406759243802,FALSE,1911201,26342809639.38
"Botswana",2008,"BWA",13945.599,"Africa",1.17691741793378,FALSE,1949970,27193499682.03
"Botswana",2009,"BWA",11729.565,"Africa",-15.8905616029831,FALSE,1990673,23349728347.245
"Botswana",2010,"BWA",12653.371,"Africa",7.87587604484905,FALSE,2033111,25725707767.181
"Botswana",2011,"BWA",13250.251,"Africa",4.71716193257908,FALSE,2073535,27474859207.285
"Botswana",2012,"BWA",12975.948,"Africa",-2.07017210466428,FALSE,2108617,27361304543.916
"Botswana",2013,"BWA",14144.519,"Africa",9.00566956649333,FALSE,2140682,30278917221.958
"Botswana",2014,"BWA",14665.272,"Africa",3.68165930562927,FALSE,2172044,31853616055.968
"Botswana",2015,"BWA",13682.704,"Africa",-6.6999643784309,FALSE,2203273,30146732290.192
"Botswana",2016,"BWA",14373.52,"Africa",5.04882660620299,FALSE,2234776,32121597531.52
"Botswana",2017,"BWA",14656.773,"Africa",1.97065854432316,FALSE,2266747,33223196227.431
"Botswana",2018,"BWA",14962.081,"Africa",2.08305061421092,FALSE,2299141,34399933872.421
"Botswana",2019,"BWA",15117.995,"Africa",1.04206092721995,FALSE,2332083,35256419133.585
"Botswana",2020,"BWA",13545.674,"Africa",-10.4003275566634,FALSE,2365894,32047628842.556
"Botswana",2021,"BWA",14840.913,"Africa",9.56201219666145,FALSE,2401441,35639576955.633
"Brazil",1990,"BRA",10401.843,"South America",NA,FALSE,149143223,1551364390159.99
"Brazil",1991,"BRA",10328.957,"South America",-0.700702750464513,FALSE,151724256,1567153316080.99
"Brazil",1992,"BRA",10103.788,"South America",-2.17997809459367,FALSE,154275079,1558762691899.25
"Brazil",1993,"BRA",10431.409,"South America",3.24255615814583,FALSE,156794577,1635588361668.99
"Brazil",1994,"BRA",10867.751,"South America",4.18296320276581,FALSE,159265006,1730852428221.51
"Brazil",1995,"BRA",11151.191,"South America",2.6080833099691,FALSE,161735073,1803538690421.94
"Brazil",1996,"BRA",11224.399,"South America",0.65650386582024,FALSE,164202549,1843074926793.05
"Brazil",1997,"BRA",11432.65,"South America",1.85534209894,FALSE,166661659,1905384415766.35
"Brazil",1998,"BRA",11304.097,"South America",-1.12443746637918,FALSE,169159655,1912197148606.53
"Brazil",1999,"BRA",11196.839,"South America",-0.948841822571054,FALSE,171641543,1921842722682.58
"Brazil",2000,"BRA",11529.486,"South America",2.97090098375087,FALSE,174018282,2006341346063.05
"Brazil",2001,"BRA",11536.364,"South America",0.059655738339062,FALSE,176301203,2033874851445.89
"Brazil",2002,"BRA",11739.432,"South America",1.76024265531151,FALSE,178503484,2095529512181.09
"Brazil",2003,"BRA",11733.411,"South America",-0.0512886824507407,FALSE,180622688,2119320234228.77
"Brazil",2004,"BRA",12268.664,"South America",4.56178514500174,FALSE,182675143,2241179950618.95
"Brazil",2005,"BRA",12520.855,"South America",2.0555701908537,FALSE,184688101,2312452932846.35
"Brazil",2006,"BRA",12877.444,"South America",2.84796046276392,FALSE,186653106,2403614919941.06
"Brazil",2007,"BRA",13518.848,"South America",4.98083315291451,FALSE,188552320,2549010154127.36
"Brazil",2008,"BRA",14067.946,"South America",4.06172182718527,FALSE,190367302,2678076924701.69
"Brazil",2009,"BRA",13916.963,"South America",-1.07324125355614,FALSE,192079951,2673169571108.81
"Brazil",2010,"BRA",14824.741,"South America",6.52281679558967,FALSE,193701929,2871580928625.39
"Brazil",2011,"BRA",15271.47,"South America",3.01340171811433,FALSE,195284734,2982284956738.98
"Brazil",2012,"BRA",15425.353,"South America",1.0076502131098,FALSE,196876111,3036883509442.18
"Brazil",2013,"BRA",15751.484,"South America",2.1142530741436,FALSE,198478299,3126327751045.72
"Brazil",2014,"BRA",15695.644,"South America",-0.354506280170174,FALSE,200085127,3140464923086.79
"Brazil",2015,"BRA",15011.577,"South America",-4.35832387635704,FALSE,201675532,3027467777633.96
"Brazil",2016,"BRA",14402.494,"South America",-4.05742181517637,FALSE,203218114,2926847667576.32
"Brazil",2017,"BRA",14477.861,"South America",0.523291313296157,FALSE,204703445,2963668022931.15
"Brazil",2018,"BRA",14619.591,"South America",0.97894295296798,FALSE,206107261,3013203857950.25
"Brazil",2019,"BRA",14685.128,"South America",0.448282034702614,FALSE,207455459,3046509969713.75
"Brazil",2020,"BRA",14021.958,"South America",-4.51592931297569,FALSE,208660842,2925833562768.64
"Brazil",2021,"BRA",14592.353,"South America",4.06786983672322,FALSE,209550294,3057831861301.78
"Bulgaria",1990,"BGR",12509.962,"Europe",NA,FALSE,8718289,109065464095.018
"Bulgaria",1991,"BGR",11567.453,"Europe",-7.5340676494461,FALSE,8632367,99854499551.251
"Bulgaria",1992,"BGR",10842.027,"Europe",-6.27126818669589,FALSE,8540164,92592688672.428
"Bulgaria",1993,"BGR",10767.086,"Europe",-0.691208387509095,FALSE,8472313,91222122689.918
"Bulgaria",1994,"BGR",11000.124,"Europe",2.16435533253845,FALSE,8443591,92880548005.284
"Bulgaria",1995,"BGR",11365.372,"Europe",3.32039893368474,FALSE,8406067,95538078511.924
"Bulgaria",1996,"BGR",12018.81,"Europe",5.74937626326706,FALSE,8362826,100511216757.06
"Bulgaria",1997,"BGR",10385.342,"Europe",-13.5909295512617,FALSE,8312068,86323668907.256
"Bulgaria",1998,"BGR",10851.023,"Europe",4.48402180688897,FALSE,8256786,89594574792.078
"Bulgaria",1999,"BGR",9995.847,"Europe",-7.88106337992279,FALSE,8210624,82072141278.528
"Bulgaria",2000,"BGR",10506.14,"Europe",5.10505012731787,FALSE,8170172,85836970856.08
"Bulgaria",2001,"BGR",11127.175,"Europe",5.91116242502004,FALSE,8009142,89119124633.85
"Bulgaria",2002,"BGR",12039.07,"Europe",8.19520677979811,FALSE,7837161,94352129880.27
"Bulgaria",2003,"BGR",12770.331,"Europe",6.07406552167236,FALSE,7775327,99293499423.237
"Bulgaria",2004,"BGR",13704.788,"Europe",7.31740625986907,FALSE,7716860,105757930325.68
"Bulgaria",2005,"BGR",14782.738,"Europe",7.86549926930646,FALSE,7658972,113220576425.336
"Bulgaria",2006,"BGR",15908.718,"Europe",7.61685690431638,FALSE,7601022,120922515509.796
"Bulgaria",2007,"BGR",17092.562,"Europe",7.4414795711383,FALSE,7545338,128969157575.956
"Bulgaria",2008,"BGR",18268.04,"Europe",6.87713170208187,FALSE,7492561,136874404050.44
"Bulgaria",2009,"BGR",17770.709,"Europe",-2.72241028594202,FALSE,7444443,132293030220.087
"Bulgaria",2010,"BGR",18163.873,"Europe",2.21242720253874,FALSE,7395599,134332720994.927
"Bulgaria",2011,"BGR",18664.834,"Europe",2.75800761214307,FALSE,7348328,137155322297.552
"Bulgaria",2012,"BGR",18914.984,"Europe",1.34022086668438,FALSE,7305888,138190754625.792
"Bulgaria",2013,"BGR",18914.525,"Europe",-0.00242664757209905,FALSE,7160005,135428093572.625
"Bulgaria",2014,"BGR",19206.262,"Europe",1.54239665019342,FALSE,7073572,135856877107.864
"Bulgaria",2015,"BGR",19991.818,"Europe",4.09010352977586,FALSE,6984225,139627355071.05
"Bulgaria",2016,"BGR",20744.523,"Europe",3.76506528820942,FALSE,6894139,143015625050.697
"Bulgaria",2017,"BGR",21473.805,"Europe",3.51553998132422,FALSE,6803468,146096345155.74
"Bulgaria",2018,"BGR",22210.123,"Europe",3.42891257511186,FALSE,6710798,149047649008.154
"Bulgaria",2019,"BGR",23270.225,"Europe",4.77305776289487,FALSE,6616726,153972702783.35
"Bulgaria",2020,"BGR",22483.598,"Europe",-3.38040134979355,FALSE,6550696,147283215484.208
"Bulgaria",2021,"BGR",24398.13,"Europe",8.51523853077252,FALSE,6507301,158765975747.13
"Burkina Faso",1990,"BFA",981.8448,"Africa",NA,TRUE,9159356,8993066059.9488
"Burkina Faso",1991,"BFA",1044.174,"Africa",6.34817233843883,TRUE,9394632,9809630473.968
"Burkina Faso",1992,"BFA",1021.14453,"Africa",-2.20552034431043,TRUE,9629275,9832881494.11575
"Burkina Faso",1993,"BFA",1030.5592,"Africa",0.921972328442075,TRUE,9871713,10173384651.9096
"Burkina Faso",1994,"BFA",1018.1222,"Africa",-1.20682053005785,TRUE,10123798,10307263492.1156
"Burkina Faso",1995,"BFA",1049.0837,"Africa",3.04103967087643,TRUE,10386722,10896540746.6314
"Burkina Faso",1996,"BFA",1135.2567,"Africa",8.21412057016995,TRUE,10655942,12097229550.3114
"Burkina Faso",1997,"BFA",1176.3839,"Africa",3.62272250848642,TRUE,10934223,12862843896.2097
"Burkina Faso",1998,"BFA",1228.1229,"Africa",4.39813907687788,TRUE,11240664,13804916869.6056
"Burkina Faso",1999,"BFA",1280.9227,"Africa",4.29922770758529,TRUE,11574928,14826588026.0656
"Burkina Faso",2000,"BFA",1266.7449,"Africa",-1.10684274702917,TRUE,11925546,15106624575.2154
"Burkina Faso",2001,"BFA",1310.0723,"Africa",3.42037295749129,TRUE,12295001,16107340238.5723
"Burkina Faso",2002,"BFA",1325.7034,"Africa",1.19314788962411,TRUE,12680897,16811108267.9498
"Burkina Faso",2003,"BFA",1385.4551,"Africa",4.50716955240515,TRUE,13082532,18125260680.3132
"Burkina Faso",2004,"BFA",1402.7844,"Africa",1.25080199278924,TRUE,13500533,18938337084.0852
"Burkina Faso",2005,"BFA",1477.0398,"Africa",5.29342926824678,TRUE,13932123,20578300169.4954
"Burkina Faso",2006,"BFA",1521.1544,"Africa",2.98668999982261,TRUE,14373707,21864627647.3608
"Burkina Faso",2007,"BFA",1536.3859,"Africa",1.00131189838455,TRUE,14816307,22763565164.8713
"Burkina Faso",2008,"BFA",1578.3458,"Africa",2.73107817508609,TRUE,15258093,24082547002.5594
"Burkina Faso",2009,"BFA",1578.1489,"Africa",-0.0124750862580394,TRUE,15710066,24792823376.8274
"Burkina Faso",2010,"BFA",1661.8721,"Africa",5.30515213108219,TRUE,16176498,26883270701.9058
"Burkina Faso",2011,"BFA",1720.0825,"Africa",3.50270035822853,TRUE,16661908,28659856367.41
"Burkina Faso",2012,"BFA",1776.391,"Africa",3.27359298173199,TRUE,17172287,30504696076.217
"Burkina Faso",2013,"BFA",1823.595,"Africa",2.65729785841067,TRUE,17695409,32269259375.355
"Burkina Faso",2014,"BFA",1846.6451,"Africa",1.26399227898738,TRUE,18229461,33663344831.2911
"Burkina Faso",2015,"BFA",1862.8547,"Africa",0.877786424689841,TRUE,18777487,34979729912.1389
"Burkina Faso",2016,"BFA",1916.7563,"Africa",2.89349459192925,TRUE,19334856,37060207047.5928
"Burkina Faso",2017,"BFA",1978.155,"Africa",3.20326063360272,TRUE,19894407,39354220679.085
"Burkina Faso",2018,"BFA",2051.2185,"Africa",3.6935174442852,TRUE,20438288,41923394453.928
"Burkina Faso",2019,"BFA",2110.0623,"Africa",2.86872412665935,TRUE,20961952,44231024649.6096
"Burkina Faso",2020,"BFA",2093.7336,"Africa",-0.773849189192188,TRUE,21478690,44970654936.984
"Burkina Faso",2021,"BFA",2179.789,"Africa",4.11014085077491,TRUE,21995243,47944988743.727
"Burundi",1990,"BDI",1175.155,"Africa",NA,TRUE,5587052,6565652093.06
"Burundi",1991,"BDI",1209.3882,"Africa",2.91307955120815,TRUE,5703857,6898177350.2874
"Burundi",1992,"BDI",1190.0674,"Africa",-1.59756809269349,TRUE,5858407,6971899186.6318
"Burundi",1993,"BDI",1153.5413,"Africa",-3.06924633008179,TRUE,5676843,6548472854.1159
"Burundi",1994,"BDI",1103.1674,"Africa",-4.36689176191611,TRUE,5713854,6303337461.1596
"Burundi",1995,"BDI",956.49097,"Africa",-13.2959358661251,TRUE,6066316,5802376475.16652
"Burundi",1996,"BDI",880.3094,"Africa",-7.96469306971084,TRUE,6070506,5343923494.5564
"Burundi",1997,"BDI",867.28424,"Africa",-1.47961160019421,TRUE,6070042,5264451762.73808
"Burundi",1998,"BDI",891.6998,"Africa",2.81517395035335,TRUE,6187108,5517042966.1784
"Burundi",1999,"BDI",862.00665,"Africa",-3.32994916001999,TRUE,6337155,5462669752.08075
"Burundi",2000,"BDI",837.3484,"Africa",-2.86056377871332,TRUE,6470194,5417806593.5896
"Burundi",2001,"BDI",833.6709,"Africa",-0.439183976466667,TRUE,6634365,5530877040.4785
"Burundi",2002,"BDI",846.7473,"Africa",1.56853261880678,TRUE,6824132,5778315345.8436
"Burundi",2003,"BDI",810.5523,"Africa",-4.27459290392778,TRUE,7043154,5708844673.9542
"Burundi",2004,"BDI",818.7461,"Africa",1.01089096903433,TRUE,7310656,5985571088.4416
"Burundi",2005,"BDI",796.1087,"Africa",-2.7648864525889,TRUE,7587299,6040314743.4013
"Burundi",2006,"BDI",809.696,"Africa",1.70671417106735,TRUE,7865547,6368701943.712
"Burundi",2007,"BDI",807.4475,"Africa",-0.277696814606968,TRUE,8161874,6590284756.615
"Burundi",2008,"BDI",812.59216,"Africa",0.637151022202687,TRUE,8505637,6911613942.00592
"Burundi",2009,"BDI",801.8034,"Africa",-1.32769678703275,TRUE,8947646,7174252984.7964
"Burundi",2010,"BDI",804.3549,"Africa",0.318220152221858,TRUE,9376444,7541988675.9756
"Burundi",2011,"BDI",807.665,"Africa",0.411522326773905,TRUE,9717978,7848870701.37
"Burundi",2012,"BDI",814.3208,"Africa",0.824079290299815,TRUE,10071028,8201047577.7824
"Burundi",2013,"BDI",824.61053,"Africa",1.26359660713567,TRUE,10439341,8608390514.86073
"Burundi",2014,"BDI",831.29486,"Africa",0.810604492280729,TRUE,10799785,8977805759.6051
"Burundi",2015,"BDI",781.5793,"Africa",-5.98049649916036,TRUE,11047580,8634559843.094
"Burundi",2016,"BDI",764.3366,"Africa",-2.20613570497581,TRUE,11239451,8590723763.2066
"Burundi",2017,"BDI",750.7876,"Africa",-1.77264833320817,TRUE,11506762,8639134225.7512
"Burundi",2018,"BDI",740.44824,"Africa",-1.37713515779961,TRUE,11859446,8781305918.07504
"Burundi",2019,"BDI",729.65845,"Africa",-1.45719706214712,TRUE,12255336,8942209469.9892
"Burundi",2020,"BDI",711.3553,"Africa",-2.50845446934795,TRUE,12617036,8975195428.8908
"Burundi",2021,"BDI",705.0304,"Africa",-0.88913374230853,TRUE,12965481,9141058255.6224
"Cambodia",1993,"KHM",1716.841,"Asia",NA,TRUE,8616381,14792956172.421
"Cambodia",1994,"KHM",1077.8984,"Asia",-37.2161778522298,TRUE,9239162,9958877937.1408
"Cambodia",1995,"KHM",1153.9265,"Asia",7.05336421317631,TRUE,10018497,11560609178.4705
"Cambodia",1996,"KHM",1193.2308,"Asia",3.40613548609899,TRUE,10801270,12888408043.116
"Cambodia",1997,"KHM",1214.0117,"Asia",1.74156583956767,TRUE,11570982,14047307528.4894
"Cambodia",1998,"KHM",1244.981,"Asia",2.55098859426149,TRUE,12058173,15012196279.713
"Cambodia",1999,"KHM",1376.0468,"Asia",10.5275341551397,TRUE,12265731,16878219892.2108
"Cambodia",2000,"KHM",1486.107,"Asia",7.99828901168186,TRUE,12462336,18520364765.952
"Cambodia",2001,"KHM",1578.6277,"Asia",6.22570918513943,TRUE,12658484,19983033482.4068
"Cambodia",2002,"KHM",1652.5381,"Asia",4.68193988994365,TRUE,12855241,21243775537.1821
"Cambodia",2003,"KHM",1761.4211,"Asia",6.58883447225816,TRUE,13050968,22988250410.6248
"Cambodia",2004,"KHM",1909.4185,"Asia",8.40215891588899,TRUE,13244731,25289734398.9235
"Cambodia",2005,"KHM",2124.8374,"Asia",11.2819112206151,TRUE,13439202,28556119035.7548
"Cambodia",2006,"KHM",2313.3303,"Asia",8.87093290055984,TRUE,13639028,31551576734.9484
"Cambodia",2007,"KHM",2505.5203,"Asia",8.30793596573736,TRUE,13841770,34680835722.931
"Cambodia",2008,"KHM",2629.259,"Asia",4.93864288387525,TRUE,14053479,36950236142.061
"Cambodia",2009,"KHM",2592.1555,"Asia",-1.41117706547739,TRUE,14276810,37007711563.955
"Cambodia",2010,"KHM",2706.9917,"Asia",4.43014317620992,TRUE,14500726,39253344925.9742
"Cambodia",2011,"KHM",2856.5308,"Asia",5.52418021821049,TRUE,14722584,42055514651.5872
"Cambodia",2012,"KHM",3021.3323,"Asia",5.7692883969604,TRUE,14945085,45154068036.7455
"Cambodia",2013,"KHM",3197.532,"Asia",5.8318543776201,TRUE,15170208,48507225526.656
"Cambodia",2014,"KHM",3378.3645,"Asia",5.65537733476944,TRUE,15396772,52015907939.394
"Cambodia",2015,"KHM",3565.245,"Asia",5.53168552416413,TRUE,15623251,55700717511.495
"Cambodia",2016,"KHM",3761.9114,"Asia",5.51620996593502,TRUE,15852803,59636840327.6542
"Cambodia",2017,"KHM",3972.724,"Asia",5.60386935215965,TRUE,16073372,63855070705.328
"Cambodia",2018,"KHM",4217.6216,"Asia",6.16447555883571,TRUE,16274522,68639775516.8752
"Cambodia",2019,"KHM",4464.2944,"Asia",5.84862330940261,TRUE,16481304,73577393151.8976
"Cambodia",2020,"KHM",4276.1846,"Asia",-4.21365132191999,TRUE,16725474,71521214346.5004
"Cambodia",2021,"KHM",4354.5654,"Asia",1.8329610934009,TRUE,16974305,73915721242.047
"Cameroon",1990,"CMR",3483.1868,"Africa",NA,FALSE,11331821,39470849327.1628
"Cameroon",1991,"CMR",3251.7551,"Africa",-6.64425175244693,FALSE,11667180,37938812067.618
"Cameroon",1992,"CMR",3059.7925,"Africa",-5.9033535459051,FALSE,12006353,36736948861.7525
"Cameroon",1993,"CMR",2736.2827,"Africa",-10.5729326416742,FALSE,12353131,33801658646.1337
"Cameroon",1994,"CMR",2709.08,"Africa",-0.994148009633664,FALSE,12704903,34418598619.24
"Cameroon",1995,"CMR",2710.938,"Africa",0.068584168795317,FALSE,13058516,35400827248.008
"Cameroon",1996,"CMR",2749.52,"Africa",1.42319743203275,FALSE,13414757,36884142666.64
"Cameroon",1997,"CMR",2798.5774,"Africa",1.78421688149205,FALSE,13775214,38551002580.5636
"Cameroon",1998,"CMR",2854.37,"Africa",1.9936057512649,FALSE,14144860,40374664038.2
"Cameroon",1999,"CMR",2905.131,"Africa",1.77836089925272,FALSE,14525140,42197434493.34
"Cameroon",2000,"CMR",2937.992,"Africa",1.13113659934786,FALSE,14912631,43813190576.952
"Cameroon",2001,"CMR",2985.578,"Africa",1.61967765739321,FALSE,15309490,45707676535.22
"Cameroon",2002,"CMR",3036.7678,"Africa",1.7145691722005,FALSE,15725528,47754777068.3984
"Cameroon",2003,"CMR",3116.1528,"Africa",2.61412808710629,FALSE,16160340,50358088739.952
"Cameroon",2004,"CMR",3245.4958,"Africa",4.15072714020957,FALSE,16610487,53909265794.4546
"Cameroon",2005,"CMR",3228.361,"Africa",-0.527956314101539,FALSE,17074594,55122953360.434
"Cameroon",2006,"CMR",3261.4517,"Africa",1.02499999225614,FALSE,17550407,57239804745.8419
"Cameroon",2007,"CMR",3309.2822,"Africa",1.46654019128966,FALSE,18049896,59732199544.6512
"Cameroon",2008,"CMR",3308.3198,"Africa",-0.0290818353297246,FALSE,18574056,61448917231.1088
"Cameroon",2009,"CMR",3298.4075,"Africa",-0.299617346545531,FALSE,19113974,63045675196.405
"Cameroon",2010,"CMR",3298.6245,"Africa",0.00657893240905189,FALSE,19668066,64877564375.217
"Cameroon",2011,"CMR",3314.8982,"Africa",0.493348060684088,FALSE,20232304,67068028111.4528
"Cameroon",2012,"CMR",3371.9756,"Africa",1.72184473115947,FALSE,20809529,70169224035.4924
"Cameroon",2013,"CMR",3442.2007,"Africa",2.08260996906382,FALSE,21402376,73671273648.8632
"Cameroon",2014,"CMR",3530.2832,"Africa",2.55890076368876,FALSE,22059893,77877669651.6976
"Cameroon",2015,"CMR",3614.7556,"Africa",2.39279386990823,FALSE,22763414,82284178231.6184
"Cameroon",2016,"CMR",3667.3228,"Africa",1.45423939588059,FALSE,23454161,86013979390.1708
"Cameroon",2017,"CMR",3691.0947,"Africa",0.648208551480666,FALSE,24128601,89060951269.5147
"Cameroon",2018,"CMR",3732.5012,"Africa",1.12179457221729,FALSE,24806383,92589854315.1596
"Cameroon",2019,"CMR",3756.5095,"Africa",0.643222834060977,FALSE,25506095,95813888175.4025
"Cameroon",2020,"CMR",3665.5105,"Africa",-2.42243497587322,FALSE,26210558,96075075559.859
"Cameroon",2021,"CMR",3700.4644,"Africa",0.953588865725524,FALSE,26915758,99600804278.0152
"Canada",1997,"CAN",36910.477,"North America",NA,FALSE,29905948,1103842805817.2
"Canada",1998,"CAN",38031.625,"North America",3.03747903339207,FALSE,30155173,1146850231346.12
"Canada",1999,"CAN",39671.383,"North America",4.31156438884744,FALSE,30401286,1206061060598.54
"Canada",2000,"CAN",41338.65,"North America",4.2026944208121,FALSE,30685730,1268506652464.5
"Canada",2001,"CAN",41623.95,"North America",0.690153161750555,FALSE,31020855,1291210517477.25
"Canada",2002,"CAN",42416.41,"North America",1.90385583300001,FALSE,31359199,1330144642055.59
"Canada",2003,"CAN",42793.08,"North America",0.888028949173205,FALSE,31642461,1354078364969.88
"Canada",2004,"CAN",43704.414,"North America",2.12962936998224,FALSE,31938807,1395866843794.1
"Canada",2005,"CAN",44680.797,"North America",2.23406038575418,FALSE,32242732,1440630963217.4
"Canada",2006,"CAN",45396.84,"North America",1.60257436768641,FALSE,32571193,1478629237230.12
"Canada",2007,"CAN",45888.477,"North America",1.08297626002163,FALSE,32888886,1509220888766.62
"Canada",2008,"CAN",45851.63,"North America",-0.0802968466353799,FALSE,33247298,1524442806395.74
"Canada",2009,"CAN",44003.617,"North America",-4.03041942020382,FALSE,33630069,1479844675959.57
"Canada",2010,"CAN",44861.523,"North America",1.94962609550938,FALSE,34005902,1525556554708.75
"Canada",2011,"CAN",45822.598,"North America",2.14231469582519,FALSE,34339221,1573512319516.16
"Canada",2012,"CAN",46126.516,"North America",0.663249168019686,FALSE,34713395,1601207969881.82
"Canada",2013,"CAN",46704.76,"North America",1.25360432598031,FALSE,35080992,1638449311921.92
"Canada",2014,"CAN",47564.61,"North America",1.84103290542548,FALSE,35434066,1685407530004.26
"Canada",2015,"CAN",47522.14,"North America",-0.0892890743769394,FALSE,35704498,1696754152585.72
"Canada",2016,"CAN",47457.586,"North America",-0.13583984222932,FALSE,36110803,1713731538901.56
"Canada",2017,"CAN",48317.176,"North America",1.8112804979166,FALSE,36545075,1765754820708.2
"Canada",2018,"CAN",48962.48,"North America",1.33555818742388,FALSE,37072620,1815167415297.6
"Canada",2019,"CAN",49171.51,"North America",0.426918734508544,FALSE,37618495,1849758203077.45
"Canada",2020,"CAN",46064.254,"North America",-6.31922021512051,FALSE,38028638,1751760840106.05
"Canada",2021,"CAN",47892.945,"North America",3.96986999941429,FALSE,38239864,1831419703359.48
"Cayman Islands",2006,"CYM",84778.38,"North America",NA,FALSE,48232,4089030824.16
"Cayman Islands",2007,"CYM",84870.016,"North America",0.108088878320155,FALSE,49687,4216936484.992
"Cayman Islands",2008,"CYM",82125.12,"North America",-3.23423528045524,FALSE,51151,4200782013.12
"Cayman Islands",2009,"CYM",74068.88,"North America",-9.80971473770752,FALSE,52618,3897356327.84
"Cayman Islands",2010,"CYM",70095.9,"North America",-5.36389911660607,FALSE,54099,3792118094.1
"Cayman Islands",2011,"CYM",69103.24,"North America",-1.41614559482079,FALSE,55606,3842554763.44
"Cayman Islands",2012,"CYM",68270.04,"North America",-1.20573217695728,FALSE,57136,3900677005.44
"Cayman Islands",2013,"CYM",67537.55,"North America",-1.0729303805886,FALSE,58655,3961414995.25
"Cayman Islands",2014,"CYM",67762.36,"North America",0.332866679350965,FALSE,60160,4076583577.6
"Cayman Islands",2015,"CYM",68135.46,"North America",0.550600657946397,FALSE,61642,4200006025.32
"Cayman Islands",2016,"CYM",68824.43,"North America",1.011176852699,FALSE,63100,4342821533
"Cayman Islands",2017,"CYM",69534.77,"North America",1.03210444314615,FALSE,64535,4487426381.95
"Cayman Islands",2018,"CYM",71046.02,"North America",2.17337311966373,FALSE,65941,4684845604.82
"Cayman Islands",2019,"CYM",72402.836,"North America",1.9097705965795,FALSE,67327,4874665739.372
"Cayman Islands",2020,"CYM",67093.41,"North America",-7.33317407621988,FALSE,68684,4608243772.44
"Cayman Islands",2021,"CYM",67500.1,"North America",0.60615491148833,FALSE,70108,4732297010.8
"Central African Republic",1990,"CAF",1200.6134,"Africa",NA,TRUE,2871910,3448053629.594
"Central African Republic",1991,"CAF",1157.3817,"Africa",-3.60080105719294,TRUE,2963191,3429543037.0047
"Central African Republic",1992,"CAF",1049.1194,"Africa",-9.35407048513035,TRUE,3058831,3209078943.4214
"Central African Republic",1993,"CAF",1019.441,"Africa",-2.82888677875941,TRUE,3157839,3219230547.999
"Central African Republic",1994,"CAF",1036.2839,"Africa",1.65217015992096,TRUE,3257954,3376165277.1406
"Central African Republic",1995,"CAF",1080.77,"Africa",4.29284870680709,TRUE,3348052,3618474160.04
"Central African Republic",1996,"CAF",1010.7439,"Africa",-6.47927866243511,TRUE,3435965,3472880664.3635
"Central African Republic",1997,"CAF",1035.1074,"Africa",2.41045234109254,TRUE,3531700,3655688804.58
"Central African Republic",1998,"CAF",1054.313,"Africa",1.85542099302932,TRUE,3628827,3825919480.851
"Central African Republic",1999,"CAF",1062.2982,"Africa",0.757384192360319,TRUE,3729450,3961788021.99
"Central African Republic",2000,"CAF",1007.24786,"Africa",-5.18219272140346,TRUE,3833416,3861200062.48976
"Central African Republic",2001,"CAF",1028.7914,"Africa",2.13885190086183,TRUE,3919487,4032334518.0118
"Central African Republic",2002,"CAF",1042.7086,"Africa",1.35277180582962,TRUE,4006077,4177170940.1622
"Central African Republic",2003,"CAF",962.8648,"Africa",-7.65734549422533,TRUE,4103086,3950717080.7728
"Central African Republic",2004,"CAF",998.6891,"Africa",3.72059504096526,TRUE,4192826,4187329624.3966
"Central African Republic",2005,"CAF",985.3248,"Africa",-1.33818422570148,TRUE,4288810,4225870855.488
"Central African Republic",2006,"CAF",1011.7775,"Africa",2.68466804042688,TRUE,4377579,4429135936.6725
"Central African Republic",2007,"CAF",1038.7501,"Africa",2.66586280086283,TRUE,4462770,4635702783.777
"Central African Republic",2008,"CAF",1038.3353,"Africa",-0.0399326074673797,TRUE,4558984,4733754019.3352
"Central African Republic",2009,"CAF",1103.4637,"Africa",6.27238619355425,TRUE,4529047,4997638960.0939
"Central African Republic",2010,"CAF",1130.8958,"Africa",2.48599931289085,TRUE,4492995,5081109174.921
"Central African Republic",2011,"CAF",1160.4148,"Africa",2.61023164114678,TRUE,4565021,5297317930.7108
"Central African Republic",2012,"CAF",1208.5157,"Africa",4.14514706292956,TRUE,4610848,5572282198.3136
"Central African Republic",2013,"CAF",764.0515,"Africa",-36.777693496245,TRUE,4642419,3547047200.5785
"Central African Republic",2014,"CAF",765.2596,"Africa",0.158117613799586,TRUE,4623182,3537934408.0472
"Central African Republic",2015,"CAF",795.03705,"Africa",3.89115667415346,TRUE,4629320,3680480916.306
"Central African Republic",2016,"CAF",818.396,"Africa",2.9380957780521,TRUE,4713663,3857642944.548
"Central African Republic",2017,"CAF",839.60004,"Africa",2.5909266418702,TRUE,4793511,4024632027.34044
"Central African Republic",2018,"CAF",854.64746,"Africa",1.79221287316756,TRUE,4878657,4169531813.26122
"Central African Republic",2019,"CAF",861.7668,"Africa",0.833014819935224,TRUE,4944703,4261180881.2604
"Central African Republic",2020,"CAF",847.765,"Africa",-1.62477830429299,TRUE,5026628,4261399286.42
"Central African Republic",2021,"CAF",837.5047,"Africa",-1.21027643273785,TRUE,5112100,4281407776.87
"Chad",1990,"TCD",1027.2444,"Africa",NA,TRUE,5982833,6145831695.3852
"Chad",1991,"TCD",1075.1841,"Africa",4.66682514891295,TRUE,6205676,6672244164.9516
"Chad",1992,"TCD",1113.2217,"Africa",3.53777553072075,TRUE,6474656,7207727559.2352
"Chad",1993,"TCD",917.1849,"Africa",-17.6098615397095,TRUE,6629146,6080152611.0954
"Chad",1994,"TCD",987.9856,"Africa",7.71934862861349,TRUE,6783450,6701950918.32
"Chad",1995,"TCD",957.2465,"Africa",-3.11129028601227,TRUE,7089064,6785981702.276
"Chad",1996,"TCD",936.1237,"Africa",-2.20662076069225,TRUE,7410108,6936777718.3596
"Chad",1997,"TCD",955.7835,"Africa",2.10012843388112,TRUE,7670366,7331209261.761
"Chad",1998,"TCD",987.98285,"Africa",3.36889578026823,TRUE,7938840,7843437768.894
"Chad",1999,"TCD",947.70355,"Africa",-4.07692299517143,TRUE,8222705,7792686719.10275
"Chad",2000,"TCD",907.8335,"Africa",-4.20701705717996,TRUE,8512093,7727563180.5155
"Chad",2001,"TCD",980.4698,"Africa",8.00105966567658,TRUE,8804124,8632177697.4552
"Chad",2002,"TCD",1027.67,"Africa",4.8140391473557,TRUE,9116192,9368437032.64
"Chad",2003,"TCD",1133.0654,"Africa",10.2557630367725,TRUE,9487833,10750335293.2782
"Chad",2004,"TCD",1448.41,"Africa",27.8311031296164,TRUE,9920036,14368279342.76
"Chad",2005,"TCD",1632.9542,"Africa",12.7411575451702,TRUE,10328092,16865301209.3864
"Chad",2006,"TCD",1586.3641,"Africa",-2.85311737463304,TRUE,10706424,16984286672.9784
"Chad",2007,"TCD",1583.7002,"Africa",-0.167924879288431,TRUE,11081660,17550027158.332
"Chad",2008,"TCD",1576.7651,"Africa",-0.437904850930746,TRUE,11476296,18095423010.0696
"Chad",2009,"TCD",1586.4545,"Africa",0.614511318141173,TRUE,11893754,18868899555.193
"Chad",2010,"TCD",1741.054,"Africa",9.74496904890749,TRUE,12312575,21436857954.05
"Chad",2011,"TCD",1682.6577,"Africa",-3.35407747261142,TRUE,12754997,21462293915.5269
"Chad",2012,"TCD",1769.325,"Africa",5.15061976063225,TRUE,13210998,23374549036.35
"Chad",2013,"TCD",1804.8231,"Africa",2.00630749014455,TRUE,13691079,24709975643.1249
"Chad",2014,"TCD",1861.6929,"Africa",3.1509902549452,TRUE,14188678,26414961092.9862
"Chad",2015,"TCD",1853.2594,"Africa",-0.453001673906588,TRUE,14647621,27145841305.8874
"Chad",2016,"TCD",1683.4781,"Africa",-9.1612269712486,TRUE,15114655,25445190681.5555
"Chad",2017,"TCD",1579.7606,"Africa",-6.16090580566507,TRUE,15622759,24680219131.4954
"Chad",2018,"TCD",1563.544,"Africa",-1.02652262627641,TRUE,16156531,25261447105.864
"Chad",2019,"TCD",1561.9967,"Africa",-0.098961078166024,TRUE,16685223,26062263264.7641
"Chad",2020,"TCD",1489.1868,"Africa",-4.6613350719627,TRUE,17224679,25650764601.0372
"Chad",2021,"TCD",1425.4945,"Africa",-4.27698526470957,TRUE,17828273,25414105105.9985
"Chile",1990,"CHL",9701.824,"South America",NA,FALSE,13437176,130365116609.024
"Chile",1991,"CHL",10290.04,"South America",6.06294239103905,FALSE,13662491,140587578889.64
"Chile",1992,"CHL",11256.21,"South America",9.38937069243655,FALSE,13884577,156287714473.17
"Chile",1993,"CHL",11812.649,"South America",4.94339569002355,FALSE,14102276,166585236489.124
"Chile",1994,"CHL",12221.508,"South America",3.4611965529493,FALSE,14316256,174966237234.048
"Chile",1995,"CHL",13122.946,"South America",7.37583283503149,FALSE,14527381,190642036384.426
"Chile",1996,"CHL",13825.156,"South America",5.35100883597327,FALSE,14734046,203700484461.176
"Chile",1997,"CHL",14652.775,"South America",5.98632666423438,FALSE,14932434,218801595604.35
"Chile",1998,"CHL",15074.58,"South America",2.87866974003218,FALSE,15127799,228045216249.42
"Chile",1999,"CHL",14855.357,"South America",-1.45425610531106,FALSE,15319313,227573863609.741
"Chile",2000,"CHL",15415.754,"South America",3.77235632910068,FALSE,15503635,239000223265.79
"Chile",2001,"CHL",15725.602,"South America",2.00994385354099,FALSE,15683849,246637967202.098
"Chile",2002,"CHL",16053.654,"South America",2.08610137786776,FALSE,15857925,254577641107.95
"Chile",2003,"CHL",16636.654,"South America",3.63157197732054,FALSE,16024752,266598254459.808
"Chile",2004,"CHL",17571.025,"South America",5.61633967984189,FALSE,16187322,284427839545.05
"Chile",2005,"CHL",18415.756,"South America",4.80752261179982,FALSE,16348778,301075106546.168
"Chile",2006,"CHL",19339.488,"South America",5.01598739687906,FALSE,16509195,319279378592.16
"Chile",2007,"CHL",20140.53,"South America",4.14200210470927,FALSE,16671581,335774477277.93
"Chile",2008,"CHL",20695.562,"South America",2.75579639661917,FALSE,16838988,348492320171.256
"Chile",2009,"CHL",20255.1,"South America",-2.12829204638175,FALSE,17009731,344533802378.1
"Chile",2010,"CHL",21225.104,"South America",4.7889371071977,FALSE,17181464,364678360272.256
"Chile",2011,"CHL",22323.723,"South America",5.17603588656151,FALSE,17351816,387357133930.968
"Chile",2012,"CHL",23467.979,"South America",5.12574000313477,FALSE,17519119,411138316790.501
"Chile",2013,"CHL",24011.592,"South America",2.31640312955794,FALSE,17687006,424693171773.552
"Chile",2014,"CHL",24197.184,"South America",0.772926676415294,FALSE,17864195,432263213426.88
"Chile",2015,"CHL",24464.746,"South America",1.10575676905213,FALSE,18047625,441530561528.25
"Chile",2016,"CHL",24599.375,"South America",0.55029796753255,FALSE,18267221,449362219586.875
"Chile",2017,"CHL",24546.912,"South America",-0.213269646078405,FALSE,18558868,455562899615.616
"Chile",2018,"CHL",25071.99,"South America",2.13907965287039,FALSE,18893191,473689895820.09
"Chile",2019,"CHL",24816.611,"South America",-1.01858288871366,FALSE,19197744,476422944925.584
"Chile",2020,"CHL",23017.69,"South America",-7.24885843598871,FALSE,19370624,445867018338.56
"Chile",2021,"CHL",25449.13,"South America",10.5633536640732,FALSE,19456334,495146773289.42
"China",1990,"CHN",1423.8964,"Asia",NA,FALSE,1135185000,1616385834834
"China",1991,"CHN",1534.7053,"Asia",7.78209004531509,FALSE,1150780000,1766108165134
"China",1992,"CHN",1731.6572,"Asia",12.8332064794459,FALSE,1164970000,2017328688284
"China",1993,"CHN",1949.5343,"Asia",12.5819994858105,FALSE,1178440000,2297409200492
"China",1994,"CHN",2178.924,"Asia",11.7663844129339,FALSE,1191835000,2596917885540
"China",1995,"CHN",2391.477,"Asia",9.75495244441751,FALSE,1204855000,2881383020835
"China",1996,"CHN",2601.3635,"Asia",8.77643815934672,FALSE,1217550000,3167290129425
"China",1997,"CHN",2812.7112,"Asia",8.12449701858276,FALSE,1230075000,3459845729340
"China",1998,"CHN",3004.4272,"Asia",6.81605704844493,FALSE,1241935000,3731303294632
"China",1999,"CHN",3206.73,"Asia",6.73348983127299,FALSE,1252735000,4017182906550
"China",2000,"CHN",3451.6792,"Asia",7.63859757447618,FALSE,1262645000,4358245483484
"China",2001,"CHN",3712.3381,"Asia",7.5516548583078,FALSE,1271850000,4721537212485
"China",2002,"CHN",4024.3557,"Asia",8.40488101016446,FALSE,1280400000,5152785038280
"China",2003,"CHN",4400.825,"Asia",9.35477199493076,FALSE,1288400000,5670022930000
"China",2004,"CHN",4817.212,"Asia",9.46156686530368,FALSE,1296075000,6243468042900
"China",2005,"CHN",5334.6465,"Asia",10.741368658884,FALSE,1303720000,6954885334980
"China",2006,"CHN",5979.7817,"Asia",12.0933074009684,FALSE,1311020000,7839613404334
"China",2007,"CHN",6795.174,"Asia",13.635820518331,FALSE,1317885000,8955257886990
"China",2008,"CHN",7412.8745,"Asia",9.09028230918002,FALSE,1324655000,9819501270797.5
"China",2009,"CHN",8069.3545,"Asia",8.8559438042557,FALSE,1331260000,10742408871670
"China",2010,"CHN",8884.588,"Asia",10.1028341238447,FALSE,1337705000,11884957790540
"China",2011,"CHN",9680.098,"Asia",8.953819805713,FALSE,1345035000,13020070613430
"China",2012,"CHN",10370.727,"Asia",7.13452487774402,FALSE,1354190000,14043934796130
"China",2013,"CHN",11101.938,"Asia",7.05072074503551,FALSE,1363240000,15134605959120
"China",2014,"CHN",11851.404,"Asia",6.75076729846627,FALSE,1371860000,16258467091440
"China",2015,"CHN",12612.352,"Asia",6.42074137376466,FALSE,1379860000,17403280030720
"China",2016,"CHN",13399.138,"Asia",6.23821789940528,FALSE,1387790000,18595189725020
"China",2017,"CHN",14243.532,"Asia",6.30185314906077,FALSE,1396215000,19887033031380
"China",2018,"CHN",15133.996,"Asia",6.25170779270198,FALSE,1402760000,21229364228960
"China",2019,"CHN",15977.764,"Asia",5.57531533641214,FALSE,1407745000,22492617382180
"China",2020,"CHN",16296.779,"Asia",1.99661855063075,FALSE,1411100000,22996384846900
"China",2021,"CHN",17602.695,"Asia",8.01333809582862,FALSE,1412360000,24861342310200
"Colombia",1990,"COL",8434.959,"South America",NA,FALSE,32440069,273630651972.171
"Colombia",1991,"COL",8430.223,"South America",-0.056147279435511,FALSE,33098372,279026656896.956
"Colombia",1992,"COL",8598.992,"South America",2.00195178704051,FALSE,33760571,290306879944.432
"Colombia",1993,"COL",8885.187,"South America",3.32823893777317,FALSE,34441473,306018928160.451
"Colombia",1994,"COL",9220.502,"South America",3.77386542342891,FALSE,35127410,323892354159.82
"Colombia",1995,"COL",9518.26,"South America",3.22930356720274,FALSE,35804662,340798082128.12
"Colombia",1996,"COL",9538.272,"South America",0.210248511807837,FALSE,36462745,347791579676.64
"Colombia",1997,"COL",9691.028,"South America",1.60150601702278,FALSE,37121149,359742094351.172
"Colombia",1998,"COL",9578.656,"South America",-1.15954674777536,FALSE,37792165,361998148030.24
"Colombia",1999,"COL",9023.621,"South America",-5.79449768318229,FALSE,38454863,347002109318.923
"Colombia",2000,"COL",9138.319,"South America",1.2710861859114,FALSE,39089934,357216286580.946
"Colombia",2001,"COL",9146.405,"South America",0.0884845451335322,FALSE,39709262,363196992503.11
"Colombia",2002,"COL",9232.627,"South America",0.942687318132094,FALSE,40324680,372302729334.36
"Colombia",2003,"COL",9453.328,"South America",2.39044640274105,FALSE,40937429,386994943813.712
"Colombia",2004,"COL",9816.277,"South America",3.83937804760398,FALSE,41543171,407799273994.367
"Colombia",2005,"COL",10150.708,"South America",3.40690263732371,FALSE,42128977,427638943865.716
"Colombia",2006,"COL",10692.728,"South America",5.33972605654698,FALSE,42691084,456484149237.152
"Colombia",2007,"COL",11272.578,"South America",5.42284438545524,FALSE,43235374,487374125774.172
"Colombia",2008,"COL",11507.525,"South America",2.08423485736803,FALSE,43758808,503555577030.2
"Colombia",2009,"COL",11507.717,"South America",0.00166847345542084,FALSE,44271541,509464364981.897
"Colombia",2010,"COL",11890.203,"South America",3.32373484679888,FALSE,44777319,532411412705.757
"Colombia",2011,"COL",12578.016,"South America",5.78470359168805,FALSE,45259614,569276149045.824
"Colombia",2012,"COL",12934.966,"South America",2.83788794671593,FALSE,45715810,591332448012.46
"Colombia",2013,"COL",13465.075,"South America",4.0982635748714,FALSE,46151584,621434539928.8
"Colombia",2014,"COL",13938.231,"South America",3.51394997799863,FALSE,46565429,649039706016.099
"Colombia",2015,"COL",14215.688,"South America",1.99061846514095,FALSE,46969940,667710012418.72
"Colombia",2016,"COL",14358.168,"South America",1.00227298179307,FALSE,47437512,681115766798.016
"Colombia",2017,"COL",14334.915,"South America",-0.161949630342804,FALSE,48131078,689954911988.37
"Colombia",2018,"COL",14426.435,"South America",0.638441176665495,FALSE,49024465,707248257732.275
"Colombia",2019,"COL",14616.135,"South America",1.31494717856491,FALSE,49907985,729461846337.975
"Colombia",2020,"COL",13387.701,"South America",-8.40464322476497,FALSE,50629997,677819261466.897
"Colombia",2021,"COL",14648.592,"South America",9.41827876197714,FALSE,51188173,749834661502.416
"Comoros",1990,"COM",2922.7122,"Africa",NA,TRUE,444596,1299426153.2712
"Comoros",1991,"COM",2695.256,"Africa",-7.78236735043567,TRUE,455556,1227840042.336
"Comoros",1992,"COM",2856.0085,"Africa",5.9642757496876,TRUE,465113,1328366681.4605
"Comoros",1993,"COM",2876.2837,"Africa",0.709913853547706,TRUE,473682,1362443815.5834
"Comoros",1994,"COM",2666.0454,"Africa",-7.3093728549795,TRUE,482142,1285412461.2468
"Comoros",1995,"COM",2703.5845,"Africa",1.40804428911826,TRUE,490586,1326340705.517
"Comoros",1996,"COM",2611.8218,"Africa",-3.39411251987869,TRUE,499107,1303578543.1326
"Comoros",1997,"COM",2659.274,"Africa",1.81682379709059,TRUE,507777,1350318173.898
"Comoros",1998,"COM",2636.3442,"Africa",-0.862257894447879,TRUE,516597,1361927504.6874
"Comoros",1999,"COM",2633.5657,"Africa",-0.105392156304928,TRUE,525886,1384955331.7102
"Comoros",2000,"COM",2863.1519,"Africa",8.71769403740335,TRUE,536080,1534878470.552
"Comoros",2001,"COM",2871.1968,"Africa",0.280980551538335,TRUE,547220,1571176312.896
"Comoros",2002,"COM",2878.5344,"Africa",0.255558936259606,TRUE,558923,1608879082.4512
"Comoros",2003,"COM",2881.9607,"Africa",0.119029322699777,TRUE,569798,1642135442.9386
"Comoros",2004,"COM",2881.5667,"Africa",-0.0136712481887846,TRUE,580704,1673337308.9568
"Comoros",2005,"COM",2905.6892,"Africa",0.837131411880903,TRUE,592677,1722135157.9884
"Comoros",2006,"COM",2923.5322,"Africa",0.614071181460161,TRUE,604753,1768014868.5466
"Comoros",2007,"COM",2888.4465,"Africa",-1.20011334234663,TRUE,616927,1781960633.9055
"Comoros",2008,"COM",2942.991,"Africa",1.88836802066439,TRUE,629307,1852044837.237
"Comoros",2009,"COM",2976.7795,"Africa",1.14810069075985,TRUE,641947,1910934669.6865
"Comoros",2010,"COM",3025.5173,"Africa",1.63726604540242,TRUE,654836,1981217646.6628
"Comoros",2011,"COM",3084.8267,"Africa",1.96030609377114,TRUE,668056,2060836985.8952
"Comoros",2012,"COM",3115.238,"Africa",0.985834957924857,TRUE,681630,2123439677.94
"Comoros",2013,"COM",3185.3196,"Africa",2.2496387113922,TRUE,696192,2217594022.9632
"Comoros",2014,"COM",3183.157,"Africa",-0.0678927163227092,TRUE,711503,2264825754.971
"Comoros",2015,"COM",3150.8777,"Africa",-1.01406559588484,TRUE,726682,2289686108.7914
"Comoros",2016,"COM",3185.6296,"Africa",1.10292760648883,TRUE,741741,2362912085.1336
"Comoros",2017,"COM",3240.1792,"Africa",1.71236480223563,TRUE,756669,2451743155.0848
"Comoros",2018,"COM",3294.832,"Africa",1.6867215245379,TRUE,771590,2542259422.88
"Comoros",2019,"COM",3290.6506,"Africa",-0.126907836272075,TRUE,786578,2588353367.6468
"Comoros",2020,"COM",3222.374,"Africa",-2.07486628935932,TRUE,802163,2584869194.962
"Comoros",2021,"COM",3228.5269,"Africa",0.190943074888267,TRUE,818174,2641496767.8806
"Costa Rica",1990,"CRI",9810.552,"North America",NA,FALSE,3121706,30625659041.712
"Costa Rica",1991,"CRI",9781.46,"North America",-0.29653785026572,FALSE,3202176,31321956456.96
"Costa Rica",1992,"CRI",10416.108,"North America",6.4882747565292,FALSE,3284258,34209186027.864
"Costa Rica",1993,"CRI",10882.049,"North America",4.47327351060493,FALSE,3367434,36644581792.266
"Costa Rica",1994,"CRI",11100.709,"North America",2.00936422910795,FALSE,3451122,38309901045.498
"Costa Rica",1995,"CRI",11290.96,"North America",1.7138635018718,FALSE,3535176,39915530808.96
"Costa Rica",1996,"CRI",11182.4795,"North America",-0.960773043213329,FALSE,3619013,40469538682.7335
"Costa Rica",1997,"CRI",11532.463,"North America",3.12974863937824,FALSE,3701711,42689845144.193
"Costa Rica",1998,"CRI",12092.476,"North America",4.85597048956499,FALSE,3782838,45743877726.888
"Costa Rica",1999,"CRI",12343.711,"North America",2.07761421234161,FALSE,3862101,47672658596.811
"Costa Rica",2000,"CRI",12570.696,"North America",1.8388716326881,FALSE,3937739,49500119896.344
"Costa Rica",2001,"CRI",12771.951,"North America",1.60098533923658,FALSE,4008947,51202074645.597
"Costa Rica",2002,"CRI",12986.001,"North America",1.67593815541573,FALSE,4075705,52927109205.705
"Costa Rica",2003,"CRI",13333.217,"North America",2.67377154830036,FALSE,4138784,55183305188.128
"Costa Rica",2004,"CRI",13713.009,"North America",2.84846485285584,FALSE,4200078,57595707414.702
"Costa Rica",2005,"CRI",14049.909,"North America",2.45679121190688,FALSE,4261240,59870034227.16
"Costa Rica",2006,"CRI",14864.781,"North America",5.79983827653262,FALSE,4321340,64235772726.54
"Costa Rica",2007,"CRI",15861.875,"North America",6.70776111669589,FALSE,4380248,69478946245
"Costa Rica",2008,"CRI",16385.002,"North America",3.29801489420387,FALSE,4440056,72750326440.112
"Costa Rica",2009,"CRI",16024.03,"North America",-2.20306350893335,FALSE,4499791,72104785977.73
"Costa Rica",2010,"CRI",16667.016,"North America",4.01263602227404,FALSE,4555962,75934291549.392
"Costa Rica",2011,"CRI",17186.45,"North America",3.11653867734933,FALSE,4609833,79226664362.85
"Costa Rica",2012,"CRI",17809.941,"North America",3.62780562594368,FALSE,4663934,83064389367.894
"Costa Rica",2013,"CRI",18044.945,"North America",1.31951026676619,FALSE,4716147,85102613226.915
"Costa Rica",2014,"CRI",18480.652,"North America",2.41456540876128,FALSE,4767119,88099467281.588
"Costa Rica",2015,"CRI",18956.191,"North America",2.57317220193314,FALSE,4818038,91331648573.258
"Costa Rica",2016,"CRI",19553.6,"North America",3.15152448084111,FALSE,4866998,95167332092.8
"Costa Rica",2017,"CRI",20168.22,"North America",3.14325750756895,FALSE,4913177,99090034634.94
"Costa Rica",2018,"CRI",20503.277,"North America",1.66131170723047,FALSE,4957818,101651515769.586
"Costa Rica",2019,"CRI",20818.062,"North America",1.53529116345647,FALSE,4999553,104081004326.286
"Costa Rica",2020,"CRI",19824.348,"North America",-4.77332616263704,FALSE,5034320,99802111623.36
"Costa Rica",2021,"CRI",21199.281,"North America",6.9355774020916,FALSE,5059988,107268107468.628
"Cote d'Ivoire",1990,"CIV",4276.7056,"Africa",NA,FALSE,12189778,52132091835.3568
"Cote d'Ivoire",1991,"CIV",4119.784,"Africa",-3.66921679154161,FALSE,12683870,52254804684.08
"Cote d'Ivoire",1992,"CIV",3959.5618,"Africa",-3.88909224367102,FALSE,13200310,52267443224.158
"Cote d'Ivoire",1993,"CIV",3810.0437,"Africa",-3.77612744925461,FALSE,13735951,52334573571.0587
"Cote d'Ivoire",1994,"CIV",3705.7505,"Africa",-2.73732293411753,FALSE,14287201,52944802249.3505
"Cote d'Ivoire",1995,"CIV",3831.7156,"Africa",3.39917919460579,FALSE,14855565,56922300157.314
"Cote d'Ivoire",1996,"CIV",3985.4023,"Africa",4.01091093503913,FALSE,15442312,61543825762.1176
"Cote d'Ivoire",1997,"CIV",4220.4854,"Africa",5.89860401294994,FALSE,16047170,67726846696.318
"Cote d'Ivoire",1998,"CIV",4255.1753,"Africa",0.821941002331161,FALSE,16663948,70908019930.0844
"Cote d'Ivoire",1999,"CIV",4176.597,"Africa",-1.8466524751636,FALSE,17215935,71904022473.195
"Cote d'Ivoire",2000,"CIV",4052.982,"Africa",-2.95970619142809,FALSE,17699004,71733744629.928
"Cote d'Ivoire",2001,"CIV",3863.1667,"Africa",-4.6833491981953,FALSE,18178913,70228171343.7971
"Cote d'Ivoire",2002,"CIV",3664.5195,"Africa",-5.14208201266594,FALSE,18654771,68360772097.5345
"Cote d'Ivoire",2003,"CIV",3407.9788,"Africa",-7.00066407069194,FALSE,19125542,65179441674.5096
"Cote d'Ivoire",2004,"CIV",3435.2803,"Africa",0.801105335514412,FALSE,19595000,67314317478.5
"Cote d'Ivoire",2005,"CIV",3391.712,"Africa",-1.26826040949264,FALSE,20068458,68066429820.096
"Cote d'Ivoire",2006,"CIV",3410.9978,"Africa",0.568615495655295,FALSE,20546802,70085096419.0356
"Cote d'Ivoire",2007,"CIV",3374.8477,"Africa",-1.05981012359493,FALSE,21030558,70974930296.0166
"Cote d'Ivoire",2008,"CIV",3461.7117,"Africa",2.57386429615772,FALSE,21514439,74476785205.2363
"Cote d'Ivoire",2009,"CIV",3511.2925,"Africa",1.4322625422562,FALSE,21997940,77241201737.45
"Cote d'Ivoire",2010,"CIV",3673.1814,"Africa",4.61052162415976,FALSE,22488065,82602742079.991
"Cote d'Ivoire",2011,"CIV",3404.5247,"Africa",-7.31400578256222,FALSE,22982000,78242786655.4
"Cote d'Ivoire",2012,"CIV",3589.4216,"Africa",5.43091668566835,FALSE,23467078,84233236662.0848
"Cote d'Ivoire",2013,"CIV",3894.5154,"Africa",8.49980397956039,FALSE,23939775,93233822410.035
"Cote d'Ivoire",2014,"CIV",4162.0244,"Africa",6.86886486570319,FALSE,24527395,102083616458.438
"Cote d'Ivoire",2015,"CIV",4347.778,"Africa",4.46305889028426,FALSE,25246342,109765490328.076
"Cote d'Ivoire",2016,"CIV",4541.195,"Africa",4.44864020196062,FALSE,25989405,118022956038.975
"Cote d'Ivoire",2017,"CIV",4750.9365,"Africa",4.61864112860161,FALSE,26733372,127008552802.878
"Cote d'Ivoire",2018,"CIV",4949.6147,"Africa",4.18187445780427,FALSE,27464173,135937074404.143
"Cote d'Ivoire",2019,"CIV",5126.6343,"Africa",3.57643191903401,FALSE,28193009,144535246959.609
"Cote d'Ivoire",2020,"CIV",5098.56,"Africa",-0.54761659125948,FALSE,28915449,147427151653.44
"Cote d'Ivoire",2021,"CIV",5325.0303,"Africa",4.44184828657503,FALSE,29639736,157832492284.001
"Croatia",1995,"HRV",15073.547,"Europe",NA,FALSE,4620030,69640239346.41
"Croatia",1996,"HRV",16237.305,"Europe",7.72053186950623,FALSE,4557097,73994973903.585
"Croatia",1997,"HRV",17323.97,"Europe",6.69239753764557,FALSE,4534920,78562818032.4
"Croatia",1998,"HRV",17737.672,"Europe",2.38803230437364,FALSE,4532135,80389524089.72
"Croatia",1999,"HRV",17681.547,"Europe",-0.316416945808898,FALSE,4512597,79789695947.559
"Croatia",2000,"HRV",18368.258,"Europe",3.88377216088617,FALSE,4468302,82074923957.916
"Croatia",2001,"HRV",19675.709,"Europe",7.11799126514881,FALSE,4299642,84598504796.178
"Croatia",2002,"HRV",20797.479,"Europe",5.70129391525358,FALSE,4302174,89474373419.346
"Croatia",2003,"HRV",21948.346,"Europe",5.53368511635474,FALSE,4303399,94452490228.054
"Croatia",2004,"HRV",22853.732,"Europe",4.12507621303217,FALSE,4304600,98376174767.2
"Croatia",2005,"HRV",23797.303,"Europe",4.12873923611251,FALSE,4310145,102569826538.935
"Croatia",2006,"HRV",24954.39,"Europe",4.86226107218956,FALSE,4311159,107582343038.01
"Croatia",2007,"HRV",26208.113,"Europe",5.02405789121674,FALSE,4310217,112962654190.521
"Croatia",2008,"HRV",26735.941,"Europe",2.01398704286721,FALSE,4309705,115224018607.405
"Croatia",2009,"HRV",24838.78,"Europe",-7.09592005757344,FALSE,4305181,106935443719.18
"Croatia",2010,"HRV",24590.521,"Europe",-0.999481456013533,FALSE,4295427,105626787847.467
"Croatia",2011,"HRV",24654.197,"Europe",0.258945306608182,FALSE,4280622,105535298070.534
"Croatia",2012,"HRV",24153.059,"Europe",-2.03266810920672,FALSE,4260368,102900919665.712
"Croatia",2013,"HRV",24124.064,"Europe",-0.120046905859844,FALSE,4233922,102139405299.008
"Croatia",2014,"HRV",24118.531,"Europe",-0.0229356048798389,FALSE,4201598,101336371612.538
"Croatia",2015,"HRV",24931.486,"Europe",3.37066548538964,FALSE,4151725,103508673713.35
"Croatia",2016,"HRV",25999.834,"Europe",4.28513567141565,FALSE,4106867,106777860260.078
"Croatia",2017,"HRV",27211.824,"Europe",4.66152976207464,FALSE,4041407,109974055996.368
"Croatia",2018,"HRV",28225.002,"Europe",3.72330057698447,FALSE,3988775,112583182352.55
"Croatia",2019,"HRV",29352.79,"Europe",3.9957056513229,FALSE,3949390,115925615298.1
"Croatia",2020,"HRV",26950.719,"Europe",-8.18345036366219,FALSE,3914206,105490666014.114
"Croatia",2021,"HRV",31635.824,"Europe",17.3839703497335,FALSE,3878981,122714760215.344
"Curacao",2000,"CUW",28613.9,"North America",NA,FALSE,133860,3830256654
"Curacao",2001,"CUW",29474.59,"North America",3.00794369170228,FALSE,129047,3803607415.73
"Curacao",2002,"CUW",29555.438,"North America",0.274297284542374,FALSE,129205,3818710366.79
"Curacao",2003,"CUW",29035.652,"North America",-1.75868143114644,FALSE,131897,3829715391.844
"Curacao",2004,"CUW",28598.566,"North America",-1.5053424665649,FALSE,134192,3837698768.672
"Curacao",2005,"CUW",28067.078,"North America",-1.85844283241334,FALSE,137658,3863657823.324
"Curacao",2006,"CUW",27802.979,"North America",-0.940956518523239,FALSE,141239,3926864950.981
"Curacao",2007,"CUW",27932.588,"North America",0.466169470544866,FALSE,144056,4023856896.928
"Curacao",2008,"CUW",28186.871,"North America",0.910345292745518,FALSE,145880,4111900741.48
"Curacao",2009,"CUW",27855.14,"North America",-1.17689898960406,FALSE,146833,4090053771.62
"Curacao",2010,"CUW",27527.49,"North America",-1.17626405754916,FALSE,148703,4093420345.47
"Curacao",2011,"CUW",27305.373,"North America",-0.806891583649661,FALSE,150831,4118496714.963
"Curacao",2012,"CUW",27061.854,"North America",-0.891835464031201,FALSE,152088,4115783251.152
"Curacao",2013,"CUW",26539.61,"North America",-1.92981604290674,FALSE,153822,4082375889.42
"Curacao",2014,"CUW",25869.781,"North America",-2.52388411133397,FALSE,155909,4033331685.929
"Curacao",2015,"CUW",25604.93,"North America",-1.02378524193923,FALSE,157980,4045066841.4
"Curacao",2016,"CUW",25113.695,"North America",-1.91851725429439,FALSE,159664,4009752998.48
"Curacao",2017,"CUW",24599.938,"North America",-2.04572445432662,FALSE,160175,3940295069.15
"Curacao",2018,"CUW",24193.613,"North America",-1.65173180517771,FALSE,159336,3854913520.968
"Curacao",2019,"CUW",23659.234,"North America",-2.20876063446994,FALSE,157441,3724933460.194
"Curacao",2020,"CUW",19607.432,"North America",-17.1256685656011,FALSE,154947,3038112766.104
"Curacao",2021,"CUW",20783.086,"North America",5.99596112331283,FALSE,152369,3166698030.734
"Cyprus",1990,"CYP",25237.115,"Europe",NA,FALSE,788351,19895704847.365
"Cyprus",1991,"CYP",24774.078,"Europe",-1.83474616650913,FALSE,798944,19793100973.632
"Cyprus",1992,"CYP",26391.29,"Europe",6.52783930041715,FALSE,810341,21385944329.89
"Cyprus",1993,"CYP",25941.945,"Europe",-1.70262613157599,FALSE,826034,21428928596.13
"Cyprus",1994,"CYP",26910.15,"Europe",3.73219895424187,FALSE,844667,22730115670.05
"Cyprus",1995,"CYP",28636.582,"Europe",6.41554209099539,FALSE,862695,24704636108.49
"Cyprus",1996,"CYP",28535.67,"Europe",-0.352388424009542,FALSE,880290,25119664944.3
"Cyprus",1997,"CYP",28877.021,"Europe",1.19622563619499,FALSE,897568,25919089984.928
"Cyprus",1998,"CYP",30268.242,"Europe",4.8177441849005,FALSE,914548,27681760184.616
"Cyprus",1999,"CYP",31427.395,"Europe",3.82960133594809,FALSE,931234,29266258755.43
"Cyprus",2000,"CYP",32949.79,"Europe",4.84416541682822,FALSE,947667,31225428639.93
"Cyprus",2001,"CYP",33884.945,"Europe",2.83812127482451,FALSE,964127,32669390368.015
"Cyprus",2002,"CYP",34745.984,"Europe",2.54106654149799,FALSE,981440,34101098536.96
"Cyprus",2003,"CYP",35226.734,"Europe",1.38361313929115,FALSE,999590,35212291039.06
"Cyprus",2004,"CYP",36505.75,"Europe",3.63081062240968,FALSE,1017875,37158290281.25
"Cyprus",2005,"CYP",37730.066,"Europe",3.35376207857666,FALSE,1036151,39094045615.966
"Cyprus",2006,"CYP",38854.914,"Europe",2.98130408783276,FALSE,1054418,40969320710.052
"Cyprus",2007,"CYP",39975.53,"Europe",2.8841036683288,FALSE,1072714,42882310688.42
"Cyprus",2008,"CYP",40405.895,"Europe",1.07657109236575,FALSE,1091026,44083881998.27
"Cyprus",2009,"CYP",38542.918,"Europe",-4.61065644010608,FALSE,1109371,42758395484.578
"Cyprus",2010,"CYP",38405.41,"Europe",-0.356765930384395,FALSE,1127816,43314235884.56
"Cyprus",2011,"CYP",37593.93,"Europe",-2.11293148543396,FALSE,1146493,43101177587.49
"Cyprus",2012,"CYP",35749.05,"Europe",-4.90738797460121,FALSE,1165397,41661835622.85
"Cyprus",2013,"CYP",33471.805,"Europe",-6.37008535891164,FALSE,1183895,39627102580.475
"Cyprus",2014,"CYP",33241.19,"Europe",-0.688982861844463,FALSE,1201801,39949295383.19
"Cyprus",2015,"CYP",34573.973,"Europe",4.00943227363399,FALSE,1219502,42163029221.446
"Cyprus",2016,"CYP",36678.098,"Europe",6.08586406890524,FALSE,1237112,45374915172.976
"Cyprus",2017,"CYP",38421.97,"Europe",4.75453225518947,FALSE,1254275,48191716421.75
"Cyprus",2018,"CYP",40099.836,"Europe",4.36694422487968,FALSE,1270737,50956345299.132
"Cyprus",2019,"CYP",41746.918,"Europe",4.10745320753929,FALSE,1286671,53714548729.978
"Cyprus",2020,"CYP",39471.582,"Europe",-5.45030893058979,FALSE,1302247,51401749244.754
"Cyprus",2021,"CYP",41701.703,"Europe",5.64994075991177,FALSE,1317309,54934028677.227
"Czechia",1990,"CZE",23585.182,"Europe",NA,FALSE,10333355,243714058345.61
"Czechia",1991,"CZE",20895.879,"Europe",-11.4025111190577,FALSE,10308578,215406798550.062
"Czechia",1992,"CZE",20768.79,"Europe",-0.60820126303373,FALSE,10319123,214315698571.17
"Czechia",1993,"CZE",20760.055,"Europe",-0.0420582999779986,FALSE,10329855,214448357942.025
"Czechia",1994,"CZE",21356.312,"Europe",2.87213593605605,FALSE,10333587,220687308051.144
"Czechia",1995,"CZE",22758.598,"Europe",6.56614306814772,FALSE,10327253,235033799471.294
"Czechia",1996,"CZE",23756.979,"Europe",4.38682997959715,FALSE,10315241,245058963816.939
"Czechia",1997,"CZE",23659.32,"Europe",-0.411074994004918,FALSE,10304131,243788732650.92
"Czechia",1998,"CZE",23597.307,"Europe",-0.262108124831986,FALSE,10294373,242919480053.511
"Czechia",1999,"CZE",23948.385,"Europe",1.48778841585609,FALSE,10283860,246281838566.1
"Czechia",2000,"CZE",24976.506,"Europe",4.29307028428014,FALSE,10255063,256135642549.878
"Czechia",2001,"CZE",25833.414,"Europe",3.43085618140503,FALSE,10216605,263929786639.47
"Czechia",2002,"CZE",26289.627,"Europe",1.76598029203573,FALSE,10196916,268073118190.332
"Czechia",2003,"CZE",27239.559,"Europe",3.6133338825994,FALSE,10193998,277680009966.882
"Czechia",2004,"CZE",28542.254,"Europe",4.78236450156921,FALSE,10197101,291048246805.654
"Czechia",2005,"CZE",30384.447,"Europe",6.45426601557116,FALSE,10211216,310262151357.552
"Czechia",2006,"CZE",32352.812,"Europe",6.47819919184312,FALSE,10238905,331257368550.86
"Czechia",2007,"CZE",33956.246,"Europe",4.9560885155825,FALSE,10298828,349709537079.688
"Czechia",2008,"CZE",34580.44,"Europe",1.83823029200579,FALSE,10384603,359104140965.32
"Czechia",2009,"CZE",32782.613,"Europe",-5.1989708632973,FALSE,10443936,342379512084.768
"Czechia",2010,"CZE",33483.137,"Europe",2.1368766425056,FALSE,10474410,350716105024.17
"Czechia",2011,"CZE",34002.19,"Europe",1.55019226543797,FALSE,10496088,356889978432.72
"Czechia",2012,"CZE",33688.1,"Europe",-0.923734618270187,FALSE,10510785,354088376158.5
"Czechia",2013,"CZE",33661.47,"Europe",-0.0790486848471638,FALSE,10514272,353925851499.84
"Czechia",2014,"CZE",34386.703,"Europe",2.15448998513731,FALSE,10525347,361931981260.941
"Czechia",2015,"CZE",36168.418,"Europe",5.18140689440333,FALSE,10546059,381434270164.662
"Czechia",2016,"CZE",37014.96,"Europe",2.3405557854369,FALSE,10566332,391112356326.72
"Czechia",2017,"CZE",38824.887,"Europe",4.88971756284487,FALSE,10594438,411327858178.506
"Czechia",2018,"CZE",39941.285,"Europe",2.87547005610087,FALSE,10629928,424572983777.48
"Czechia",2019,"CZE",40989.727,"Europe",2.62495811038627,FALSE,10671870,437437037879.49
"Czechia",2020,"CZE",38639.98,"Europe",-5.73252659135787,FALSE,10697858,413365019162.84
"Czechia",2021,"CZE",40740.992,"Europe",5.43740447070623,FALSE,10505772,428015573005.824
"Denmark",1990,"DNK",39027.98,"Europe",NA,FALSE,5140939,200640464473.22
"Denmark",1991,"DNK",39469.324,"Europe",1.13083997685762,FALSE,5154298,203436657754.552
"Denmark",1992,"DNK",40108.89,"Europe",1.62041285531011,FALSE,5171370,207417910479.3
"Denmark",1993,"DNK",39979.758,"Europe",-0.321953561916068,FALSE,5188628,207440091792.024
"Denmark",1994,"DNK",41969.688,"Europe",4.97734378482231,FALSE,5206180,218501750271.84
"Denmark",1995,"DNK",43015.676,"Europe",2.4922463088122,FALSE,5233373,225117077355.148
"Denmark",1996,"DNK",44013.387,"Europe",2.31941257880035,FALSE,5263074,231645712771.638
"Denmark",1997,"DNK",45260.137,"Europe",2.83266089019688,FALSE,5284991,239199416703.767
"Denmark",1998,"DNK",46096.37,"Europe",1.84761482273021,FALSE,5304219,244505241585.03
"Denmark",1999,"DNK",47298.54,"Europe",2.60794938950724,FALSE,5321799,251713322873.46
"Denmark",2000,"DNK",48907.01,"Europe",3.40067579252975,FALSE,5339616,261144653108.16
"Denmark",2001,"DNK",49133.223,"Europe",0.462536965559735,FALSE,5358783,263294280147.609
"Denmark",2002,"DNK",49204.9,"Europe",0.145882959886436,FALSE,5375931,264522147261.9
"Denmark",2003,"DNK",49262.645,"Europe",0.117356198264797,FALSE,5390574,265553933308.23
"Denmark",2004,"DNK",50446.543,"Europe",2.40323677301534,FALSE,5404523,272639501913.989
"Denmark",2005,"DNK",51483.273,"Europe",2.05510613482475,FALSE,5419432,279010097160.936
"Denmark",2006,"DNK",53322.29,"Europe",3.57206698960262,FALSE,5437272,289927794392.88
"Denmark",2007,"DNK",53569.027,"Europe",0.462727688552013,FALSE,5461438,292563919680.826
"Denmark",2008,"DNK",52982.53,"Europe",-1.09484348110337,FALSE,5493621,291065939441.13
"Denmark",2009,"DNK",50114.05,"Europe",-5.4140109956999,FALSE,5523095,276784658984.75
"Denmark",2010,"DNK",50825.414,"Europe",1.41949014298384,FALSE,5547683,281963285215.762
"Denmark",2011,"DNK",51293.207,"Europe",0.920391912597122,FALSE,5570572,285732502704.404
"Denmark",2012,"DNK",51216.31,"Europe",-0.149916537681109,FALSE,5591572,286379684939.32
"Denmark",2013,"DNK",51479.266,"Europe",0.513422384392795,FALSE,5614932,289052577999.912
"Denmark",2014,"DNK",52048.336,"Europe",1.10543534167717,FALSE,5643475,293733483007.6
"Denmark",2015,"DNK",52892.645,"Europe",1.62216329067656,FALSE,5683483,300614448682.535
"Denmark",2016,"DNK",54185.008,"Europe",2.4433699619295,FALSE,5728010,310372267674.08
"Denmark",2017,"DNK",55356.68,"Europe",2.16235457601113,FALSE,5764980,319130153066.4
"Denmark",2018,"DNK",56178.773,"Europe",1.48508364302195,FALSE,5793636,325479361688.628
"Denmark",2019,"DNK",56813.965,"Europe",1.13066193168725,FALSE,5814422,330340368003.23
"Denmark",2020,"DNK",55518.598,"Europe",-2.28001513360315,FALSE,5831404,323751374451.592
"Denmark",2021,"DNK",57962.652,"Europe",4.40222571902843,FALSE,5856733,339471776735.916
"Djibouti",2013,"DJI",3664.268,"Africa",NA,TRUE,984824,3608659068.832
"Djibouti",2014,"DJI",3854.27,"Africa",5.1852648332491,TRUE,1002717,3864742051.59
"Djibouti",2015,"DJI",4073.6226,"Africa",5.69115811813911,TRUE,1020313,4156370095.8738
"Djibouti",2016,"DJI",4291.2974,"Africa",5.34351905844199,TRUE,1037653,4452877621.0022
"Djibouti",2017,"DJI",4451.684,"Africa",3.73748507852194,TRUE,1054841,4695818802.244
"Djibouti",2018,"DJI",4589.3784,"Africa",3.09308567274765,TRUE,1071882,4919272098.1488
"Djibouti",2019,"DJI",4768.113,"Africa",3.89452741573893,TRUE,1088709,5191087536.117
"Djibouti",2020,"DJI",4753.8877,"Africa",-0.298342342138285,TRUE,1105188,5253939639.3876
"Djibouti",2021,"DJI",4913.2563,"Africa",3.3523846177519,TRUE,1121248,5508978799.8624
"Dominica",1990,"DMA",7855.821,"North America",NA,FALSE,69627,546977248.767
"Dominica",1991,"DMA",8000.8506,"North America",1.84614186092071,FALSE,69296,554426943.1776
"Dominica",1992,"DMA",8166.647,"North America",2.07223466964875,FALSE,69325,566152803.275
"Dominica",1993,"DMA",8336.286,"North America",2.07721724717623,FALSE,69433,578813345.838
"Dominica",1994,"DMA",8335.666,"North America",-0.00743736479291618,FALSE,69477,579137066.682
"Dominica",1995,"DMA",8587.937,"North America",3.02640484875474,FALSE,69469,596595395.453
"Dominica",1996,"DMA",8859.004,"North America",3.15636921882404,FALSE,69410,614903467.64
"Dominica",1997,"DMA",9063.768,"North America",2.31136592781761,FALSE,69299,628110058.632
"Dominica",1998,"DMA",9425.365,"North America",3.98947766535948,FALSE,69124,651518930.26
"Dominica",1999,"DMA",9491.783,"North America",0.704672975529326,FALSE,68870,653699095.21
"Dominica",2000,"DMA",9763.941,"North America",2.86730111718737,FALSE,68511,668937361.851
"Dominica",2001,"DMA",9785.34,"North America",0.21916355291372,FALSE,68288,668221297.92
"Dominica",2002,"DMA",9493.428,"North America",-2.98315643605639,FALSE,68367,649037192.076
"Dominica",2003,"DMA",10070.004,"North America",6.07342258244336,FALSE,68531,690107444.124
"Dominica",2004,"DMA",10357.233,"North America",2.8523226008649,FALSE,68649,711013688.217
"Dominica",2005,"DMA",10409.982,"North America",0.50929625702154,FALSE,68734,715519702.788
"Dominica",2006,"DMA",10884.253,"North America",4.55592526480834,FALSE,68806,748901911.918
"Dominica",2007,"DMA",11570.173,"North America",6.3019483284705,FALSE,68847,796571700.531
"Dominica",2008,"DMA",12392.83,"North America",7.11015297696931,FALSE,68854,853295916.82
"Dominica",2009,"DMA",12246.994,"North America",-1.17677721714894,FALSE,68864,843376994.816
"Dominica",2010,"DMA",12335.11,"North America",0.719490839956319,FALSE,68859,849383339.49
"Dominica",2011,"DMA",12309.862,"North America",-0.204684027949499,FALSE,69053,850032900.686
"Dominica",2012,"DMA",12153.6875,"North America",-1.26869415757869,FALSE,69118,840038572.625
"Dominica",2013,"DMA",12044.222,"North America",-0.900677263587699,FALSE,69715,839662936.73
"Dominica",2014,"DMA",12516.384,"North America",3.92023660805987,FALSE,70373,880815491.232
"Dominica",2015,"DMA",12063.8955,"North America",-3.61516952500019,FALSE,70410,849418882.155
"Dominica",2016,"DMA",12385.27,"North America",2.66393637113319,FALSE,69606,862089103.62
"Dominica",2017,"DMA",11511.606,"North America",-7.05405695636834,FALSE,68496,788498964.576
"Dominica",2018,"DMA",11849.302,"North America",2.93352639067042,FALSE,68174,807814314.548
"Dominica",2019,"DMA",12395.421,"North America",4.60887063221108,FALSE,67880,841401177.48
"Dominica",2020,"DMA",10255.761,"North America",-17.2616968798397,FALSE,67573,693012538.053
"Dominica",2021,"DMA",10878.037,"North America",6.0675750926723,FALSE,67202,731025842.474
"Dominican Republic",1990,"DOM",6207.1123,"North America",NA,FALSE,7151166,44388090437.9418
"Dominican Republic",1991,"DOM",6137.1045,"North America",-1.12786424051003,FALSE,7299853,44799960695.6385
"Dominican Republic",1992,"DOM",6688.8706,"North America",8.9906583796968,FALSE,7447474,49815189882.8644
"Dominican Republic",1993,"DOM",7040.486,"North America",5.2567230109071,FALSE,7594572,53469477841.992
"Dominican Republic",1994,"DOM",7085.282,"North America",0.636262894351331,FALSE,7741694,54852085147.708
"Dominican Republic",1995,"DOM",7349.3633,"North America",3.72718121875742,FALSE,7888115,57972622887.1795
"Dominican Republic",1996,"DOM",7650.1133,"North America",4.09219122423843,FALSE,8032894,61452549226.8902
"Dominican Republic",1997,"DOM",8189.046,"North America",7.04476755919419,FALSE,8174078,66937900749.588
"Dominican Republic",1998,"DOM",8599.564,"North America",5.01301372589676,FALSE,8310362,71465489882.168
"Dominican Republic",1999,"DOM",8970.395,"North America",4.31220699095908,FALSE,8446208,75765822012.16
"Dominican Republic",2000,"DOM",9246.31,"North America",3.07584002711139,FALSE,8584190,79372081838.9
"Dominican Republic",2001,"DOM",9333.57,"North America",0.943727822233953,FALSE,8720283,81391371800.31
"Dominican Republic",2002,"DOM",9613.332,"North America",2.99737399515942,FALSE,8852235,85099473997.02
"Dominican Republic",2003,"DOM",9351.324,"North America",-2.72546501046671,FALSE,8980620,83980687340.88
"Dominican Republic",2004,"DOM",9460.913,"North America",1.17190891899372,FALSE,9104892,86140591086.396
"Dominican Republic",2005,"DOM",10215.499,"North America",7.97582643451006,FALSE,9225034,94238325601.966
"Dominican Republic",2006,"DOM",11009.275,"North America",7.770310583947,FALSE,9341183,102839652472.325
"Dominican Republic",2007,"DOM",11677.254,"North America",6.06742042505071,FALSE,9455658,110416120203.132
"Dominican Republic",2008,"DOM",11899.228,"North America",1.90090923773687,FALSE,9573130,113912856543.64
"Dominican Republic",2009,"DOM",11856.048,"North America",-0.362880684360351,FALSE,9695265,114947527212.72
"Dominican Republic",2010,"DOM",12677.018,"North America",6.92448276187815,FALSE,9820175,124490535238.15
"Dominican Republic",2011,"DOM",12905.289,"North America",1.80066794888199,FALSE,9945621,128351113289.469
"Dominican Republic",2012,"DOM",13087.949,"North America",1.41538868288808,FALSE,10070411,131801025577.039
"Dominican Republic",2013,"DOM",13555.512,"North America",3.57246960543627,FALSE,10193833,138182625557.496
"Dominican Republic",2014,"DOM",14334.733,"North America",5.74837010951707,FALSE,10315528,147870339634.024
"Dominican Republic",2015,"DOM",15145.47,"North America",5.65575236036834,FALSE,10434829,158040389574.63
"Dominican Republic",2016,"DOM",15967.202,"North America",5.42559590425388,FALSE,10551430,168476814198.86
"Dominican Republic",2017,"DOM",16524.533,"North America",3.49047378494993,FALSE,10666843,176264599159.319
"Dominican Republic",2018,"DOM",17484.121,"North America",5.80705064403333,FALSE,10782053,188514719280.413
"Dominican Republic",2019,"DOM",18171.06,"North America",3.92893071376023,FALSE,10894043,197956308995.58
"Dominican Republic",2020,"DOM",16768.426,"North America",-7.71905436446746,FALSE,11008300,184591863935.8
"Dominican Republic",2021,"DOM",18626.078,"North America",11.0782729398693,FALSE,11123476,207186731607.128
"Ecuador",1990,"ECU",8120.001,"South America",NA,FALSE,10473673,85046235233.673
"Ecuador",1991,"ECU",8281.087,"South America",1.98381748967764,FALSE,10702380,88627339887.06
"Ecuador",1992,"ECU",8279.568,"South America",-0.0183430025551022,FALSE,10930128,90496738024.704
"Ecuador",1993,"ECU",8277.154,"South America",-0.0291561105603439,FALSE,11154274,92325643656.196
"Ecuador",1994,"ECU",8466.249,"South America",2.28454128073489,FALSE,11372197,96279851479.053
"Ecuador",1995,"ECU",8496.696,"South America",0.35962797692343,FALSE,11590514,98481073941.744
"Ecuador",1996,"ECU",8487.086,"South America",-0.113102787248132,FALSE,11810950,100240548391.7
"Ecuador",1997,"ECU",8697.354,"South America",2.47750523560148,FALSE,12031127,104638970537.958
"Ecuador",1998,"ECU",8825.487,"South America",1.47324117197023,FALSE,12251184,108122665126.608
"Ecuador",1999,"ECU",8263.377,"South America",-6.36916693662343,FALSE,12470795,103050880574.715
"Ecuador",2000,"ECU",8211.711,"South America",-0.625240746004945,FALSE,12689206,104200092491.466
"Ecuador",2001,"ECU",8395.833,"South America",2.24218801660216,FALSE,12910740,108396416946.42
"Ecuador",2002,"ECU",8589.284,"South America",2.30413110884887,FALSE,13138472,112850067334.048
"Ecuador",2003,"ECU",8670.211,"South America",0.942185635030809,FALSE,13372306,115940714576.566
"Ecuador",2004,"ECU",9220.325,"South America",6.34487442116462,FALSE,13608701,125476646047.825
"Ecuador",2005,"ECU",9542.225,"South America",3.49120014750022,FALSE,13846163,132123202732.675
"Ecuador",2006,"ECU",9792.422,"South America",2.62199853807681,FALSE,14086131,137937339099.282
"Ecuador",2007,"ECU",9836.419,"South America",0.449296404913916,FALSE,14328773,140943814983.887
"Ecuador",2008,"ECU",10284.954,"South America",4.55994198701783,FALSE,14575202,149905282110.708
"Ecuador",2009,"ECU",10170.651,"South America",-1.11136131479052,FALSE,14825954,150789603876.054
"Ecuador",2010,"ECU",10355.822,"South America",1.82064058633022,FALSE,15076695,156131569768.29
"Ecuador",2011,"ECU",10988.722,"South America",6.11153803145708,FALSE,15326227,168415647811.894
"Ecuador",2012,"ECU",11424.152,"South America",3.96251720627749,FALSE,15572194,177899111229.488
"Ecuador",2013,"ECU",11806.924,"South America",3.35055065793943,FALSE,15807128,186633558954.272
"Ecuador",2014,"ECU",12073.811,"South America",2.26042786419222,FALSE,16035124,193605056537.564
"Ecuador",2015,"ECU",11908.216,"South America",-1.37152221448555,FALSE,16266225,193701720804.6
"Ecuador",2016,"ECU",11587.825,"South America",-2.69050376647518,FALSE,16505139,191258662332.675
"Ecuador",2017,"ECU",11679.431,"South America",0.790536619253395,FALSE,16759519,195741645753.689
"Ecuador",2018,"ECU",11608.419,"South America",-0.608009071674816,FALSE,17049547,197918285336.193
"Ecuador",2019,"ECU",11390.217,"South America",-1.87968749232776,FALSE,17340021,197506601974.557
"Ecuador",2020,"ECU",10356.975,"South America",-9.07131093288214,FALSE,17546065,181724156553.375
"Ecuador",2021,"ECU",10668.758,"South America",3.01036740940284,FALSE,17682454,188649822572.132
"El Salvador",1990,"SLV",5191.9717,"North America",NA,FALSE,5399726,28035224579.7542
"El Salvador",1991,"SLV",5178.946,"North America",-0.250881567786668,FALSE,5495077,28458707048.842
"El Salvador",1992,"SLV",5451.6313,"North America",5.2652663302533,FALSE,5585609,30450680853.9617
"El Salvador",1993,"SLV",5688.1147,"North America",4.33784654512494,FALSE,5659957,32194484613.0679
"El Salvador",1994,"SLV",5890.098,"North America",3.55097093945732,FALSE,5714129,33656779794.642
"El Salvador",1995,"SLV",6109.746,"North America",3.72910603524763,FALSE,5762131,35205156828.726
"El Salvador",1996,"SLV",6107.3213,"North America",-0.0396857741713074,FALSE,5805286,35454746840.3918
"El Salvador",1997,"SLV",6249.916,"North America",2.33481575629565,FALSE,5844578,36528121555.448
"El Salvador",1998,"SLV",6369.409,"North America",1.91191369612007,FALSE,5880781,37457099428.429
"El Salvador",1999,"SLV",6464.5317,"North America",1.49343055219095,FALSE,5913900,38230594020.63
"El Salvador",2000,"SLV",6499.4507,"North America",0.540162870575772,FALSE,5943366,38628614309.0562
"El Salvador",2001,"SLV",6524.1963,"North America",0.38073371338903,FALSE,5968060,38936794970.178
"El Salvador",2002,"SLV",6601.263,"North America",1.18124434729225,FALSE,5986631,39519325714.953
"El Salvador",2003,"SLV",6687.2734,"North America",1.30293854373019,FALSE,5998599,40114271529.9666
"El Salvador",2004,"SLV",6736.9067,"North America",0.74220533588472,FALSE,6004671,40452908291.1957
"El Salvador",2005,"SLV",6916.694,"North America",2.66869214620415,FALSE,6005578,41538745319.132
"El Salvador",2006,"SLV",7221.4995,"North America",4.40680909116407,FALSE,6002319,43345743657.3405
"El Salvador",2007,"SLV",7343.9106,"North America",1.69509254968446,FALSE,6009824,44135610177.7344
"El Salvador",2008,"SLV",7470.7515,"North America",1.72715746294624,FALSE,6029297,45043379606.6955
"El Salvador",2009,"SLV",7287.176,"North America",-2.45725614083135,FALSE,6048279,44074873570.104
"El Salvador",2010,"SLV",7412.978,"North America",1.72634776489548,FALSE,6068249,44983796335.522
"El Salvador",2011,"SLV",7665.948,"North America",3.41252867605975,FALSE,6090127,46686596895.396
"El Salvador",2012,"SLV",7851.7017,"North America",2.42310148725245,FALSE,6113975,48005107901.2575
"El Salvador",2013,"SLV",7995.633,"North America",1.83312236632729,FALSE,6138839,49083903690.087
"El Salvador",2014,"SLV",8100.975,"North America",1.31749418713941,FALSE,6162955,49925944381.125
"El Salvador",2015,"SLV",8266.723,"North America",2.04602532411222,FALSE,6183676,51118736613.748
"El Salvador",2016,"SLV",8450.251,"North America",2.22008164541137,FALSE,6200800,52398316400.8
"El Salvador",2017,"SLV",8617.922,"North America",1.98421324999696,FALSE,6213533,53547742738.426
"El Salvador",2018,"SLV",8812.201,"North America",2.25436015781993,FALSE,6219807,54810189465.207
"El Salvador",2019,"SLV",9021.426,"North America",2.37426495378397,FALSE,6222318,56134181385.468
"El Salvador",2020,"SLV",8267.251,"North America",-8.35982027675003,FALSE,6234673,51543606593.923
"El Salvador",2021,"SLV",9086.047,"North America",9.90409024716923,FALSE,6255782,56840329273.754
"Equatorial Guinea",1990,"GNQ",936.41974,"Africa",NA,TRUE,474274,444119535.76876
"Equatorial Guinea",1991,"GNQ",893.09735,"Africa",-4.62638581284073,TRUE,492217,439597698.32495
"Equatorial Guinea",1992,"GNQ",1159.7386,"Africa",29.8557878376864,TRUE,510770,592359684.722
"Equatorial Guinea",1993,"GNQ",1240.9086,"Africa",6.99899097951901,TRUE,530023,657710098.8978
"Equatorial Guinea",1994,"GNQ",1394.7865,"Africa",12.4004217554782,TRUE,550138,767325055.537
"Equatorial Guinea",1995,"GNQ",1578.0494,"Africa",13.1391363481078,TRUE,571264,901482812.4416
"Equatorial Guinea",1996,"GNQ",2530.1987,"Africa",60.3371035152638,TRUE,593492,1501652686.8604
"Equatorial Guinea",1997,"GNQ",6084.623,"Africa",140.480046092823,TRUE,616893,3753561336.339
"Equatorial Guinea",1998,"GNQ",7242.225,"Africa",19.025040663982,TRUE,641474,4645699039.65
"Equatorial Guinea",1999,"GNQ",8749.426,"Africa",20.8112976329788,TRUE,667214,5837739519.164
"Equatorial Guinea",2000,"GNQ",9890.817,"Africa",13.0453243447056,TRUE,703279,6956003888.943
"Equatorial Guinea",2001,"GNQ",15389.156,"Africa",55.5903420314015,TRUE,749836,11539343178.416
"Equatorial Guinea",2002,"GNQ",17534.848,"Africa",13.9428828975416,TRUE,797957,13992054705.536
"Equatorial Guinea",2003,"GNQ",19081.926,"Africa",8.82287659408281,TRUE,847862,16178839942.212
"Equatorial Guinea",2004,"GNQ",25164.152,"Africa",31.8742772611109,TRUE,899917,22645648175.384
"Equatorial Guinea",2005,"GNQ",28075.178,"Africa",11.5681466238163,TRUE,947367,26597497156.326
"Equatorial Guinea",2006,"GNQ",28879.352,"Africa",2.86435939960915,TRUE,990343,28600464097.736
"Equatorial Guinea",2007,"GNQ",31770.016,"Africa",10.0094489654754,TRUE,1036044,32915134456.704
"Equatorial Guinea",2008,"GNQ",35688.65,"Africa",12.3343784277603,TRUE,1084530,38705411584.5
"Equatorial Guinea",2009,"GNQ",34479.895,"Africa",-3.38694514922813,TRUE,1135673,39157885794.335
"Equatorial Guinea",2010,"GNQ",29944.262,"Africa",-13.1544281094823,TRUE,1189085,35606272780.27
"Equatorial Guinea",2011,"GNQ",30502.6,"Africa",1.86459095235007,TRUE,1241835,37879196271
"Equatorial Guinea",2012,"GNQ",31680.66,"Africa",3.86216256974816,TRUE,1293483,40978395138.78
"Equatorial Guinea",2013,"GNQ",29143.021,"Africa",-8.01005723996911,TRUE,1346218,39232859444.578
"Equatorial Guinea",2014,"GNQ",28106.2,"Africa",-3.55769911430939,TRUE,1399828,39343845733.6
"Equatorial Guinea",2015,"GNQ",24563.5,"Africa",-12.6046922031438,TRUE,1453923,35713437610.5
"Equatorial Guinea",2016,"GNQ",21566.057,"Africa",-12.2028334724286,TRUE,1508186,32525625242.602
"Equatorial Guinea",2017,"GNQ",19617.844,"Africa",-9.03370050445475,FALSE,1562396,30650840994.224
"Equatorial Guinea",2018,"GNQ",17764.969,"Africa",-9.44484521336799,FALSE,1616422,28715686720.918
"Equatorial Guinea",2019,"GNQ",16240.37,"Africa",-8.58205269032555,FALSE,1670177,27124292445.49
"Equatorial Guinea",2020,"GNQ",15132.38,"Africa",-6.82244308473268,FALSE,1716468,25974246033.84
"Equatorial Guinea",2021,"GNQ",14637.008,"Africa",-3.27358948162813,FALSE,1758786,25743364752.288
"Estonia",1995,"EST",12730.718,"Europe",NA,FALSE,1436634,18289382323.212
"Estonia",1996,"EST",13558.568,"Europe",6.50277541298141,FALSE,1415594,19193427509.392
"Estonia",1997,"EST",15503.845,"Europe",14.3472157236664,FALSE,1399535,21698173712.075
"Estonia",1998,"EST",16332.82,"Europe",5.34689943043161,FALSE,1386156,22639836439.92
"Estonia",1999,"EST",16215.579,"Europe",-0.717824601018073,FALSE,1390244,22543611411.276
"Estonia",2000,"EST",17765.207,"Europe",9.55641485265496,FALSE,1396985,24817727700.895
"Estonia",2001,"EST",18952.107,"Europe",6.68103670280904,FALSE,1388115,26307704008.305
"Estonia",2002,"EST",20364.008,"Europe",7.4498365801755,FALSE,1379350,28089094434.8
"Estonia",2003,"EST",22049.684,"Europe",8.27772214585655,FALSE,1370720,30223942852.48
"Estonia",2004,"EST",23691.152,"Europe",7.44440600599989,FALSE,1362550,32280379157.6
"Estonia",2005,"EST",26096.988,"Europe",10.1549979502896,FALSE,1354775,35355546917.7
"Estonia",2006,"EST",28814.92,"Europe",10.4147344513474,FALSE,1346810,38808222405.2
"Estonia",2007,"EST",31140.58,"Europe",8.07102709290882,FALSE,1340680,41749552794.4
"Estonia",2008,"EST",29621.764,"Europe",-4.87728873386431,FALSE,1337090,39606964426.76
"Estonia",2009,"EST",25337.176,"Europe",-14.4643242718428,FALSE,1334515,33812841429.64
"Estonia",2010,"EST",26015.746,"Europe",2.67815955495593,FALSE,1331475,34639315405.35
"Estonia",2011,"EST",27990.137,"Europe",7.58921539286246,FALSE,1327439,37155199469.143
"Estonia",2012,"EST",28997.322,"Europe",3.59835680689952,FALSE,1322696,38354641820.112
"Estonia",2013,"EST",29525.12,"Europe",1.82016118591916,FALSE,1317997,38914019584.64
"Estonia",2014,"EST",30494.096,"Europe",3.28186981119807,FALSE,1314545,40085861426.32
"Estonia",2015,"EST",31038.805,"Europe",1.78627692390028,FALSE,1315407,40828661368.635
"Estonia",2016,"EST",32008.934,"Europe",3.12553592188875,FALSE,1315790,42117035267.86
"Estonia",2017,"EST",33821.934,"Europe",5.66404366980794,FALSE,1317384,44556474700.656
"Estonia",2018,"EST",34979.867,"Europe",3.42361557443757,FALSE,1321977,46242579637.059
"Estonia",2019,"EST",36153.434,"Europe",3.35497845089006,FALSE,1326898,47971919267.732
"Estonia",2020,"EST",35883.266,"Europe",-0.747281710500855,FALSE,1329522,47707591578.852
"Estonia",2021,"EST",38717.695,"Europe",7.89902736278241,FALSE,1330932,51530619241.74
"Eswatini",1990,"SWZ",4909.266,"Africa",NA,FALSE,872428,4282981117.848
"Eswatini",1991,"SWZ",4795.2285,"Africa",-2.32290326089479,FALSE,908189,4354973776.1865
"Eswatini",1992,"SWZ",4760.2476,"Africa",-0.729493912542447,FALSE,943416,4490893749.8016
"Eswatini",1993,"SWZ",4762.4976,"Africa",0.0472664489132876,FALSE,971318,4625899643.8368
"Eswatini",1994,"SWZ",4875.368,"Africa",2.3699833465533,FALSE,971212,4735015906.016
"Eswatini",1995,"SWZ",5111.515,"Africa",4.84367539024746,FALSE,970433,4960382835.995
"Eswatini",1996,"SWZ",5198.788,"Africa",1.70738029723084,FALSE,989841,5145973512.708
"Eswatini",1997,"SWZ",5267.327,"Africa",1.31836497275905,FALSE,1006635,5302275714.645
"Eswatini",1998,"SWZ",5326.936,"Africa",1.13167456662553,FALSE,1019653,5431626273.208
"Eswatini",1999,"SWZ",5412.978,"Africa",1.61522496234234,FALSE,1030782,5579600288.796
"Eswatini",2000,"SWZ",5443.4395,"Africa",0.562749377514565,FALSE,1041414,5668874103.453
"Eswatini",2001,"SWZ",5443.279,"Africa",-0.00294850342324841,FALSE,1051064,5721234598.856
"Eswatini",2002,"SWZ",5630.804,"Africa",3.44507419149376,FALSE,1059441,5965504620.564
"Eswatini",2003,"SWZ",5805.1616,"Africa",3.09649563366085,FALSE,1066700,6192365878.72
"Eswatini",2004,"SWZ",5976.212,"Africa",2.94652262565783,FALSE,1073159,6413425693.708
"Eswatini",2005,"SWZ",6298.5312,"Africa",5.39336957925857,FALSE,1079022,6796253732.4864
"Eswatini",2006,"SWZ",6639.7183,"Africa",5.41693117277882,FALSE,1084436,7200349554.3788
"Eswatini",2007,"SWZ",6894.0874,"Africa",3.83102246973339,FALSE,1090705,7519415597.617
"Eswatini",2008,"SWZ",6913.3486,"Africa",0.279387232601663,FALSE,1098091,7591485877.5226
"Eswatini",2009,"SWZ",6989.378,"Africa",1.09974781251447,FALSE,1105153,7724332064.834
"Eswatini",2010,"SWZ",7221.336,"Africa",3.31872163731881,FALSE,1111650,8027598164.4
"Eswatini",2011,"SWZ",7347.2046,"Africa",1.74300988072013,FALSE,1117833,8212947759.6318
"Eswatini",2012,"SWZ",7701.394,"Africa",4.82073685548379,FALSE,1123863,8655311765.022
"Eswatini",2013,"SWZ",7949.588,"Africa",3.22271526427553,FALSE,1129990,8982954944.12
"Eswatini",2014,"SWZ",7969.2075,"Africa",0.246798953606158,FALSE,1136299,9055402513.0425
"Eswatini",2015,"SWZ",8088.7344,"Africa",1.49985930219535,FALSE,1142813,9243910825.8672
"Eswatini",2016,"SWZ",8113.2397,"Africa",0.302955923487855,FALSE,1149507,9326225827.8279
"Eswatini",2017,"SWZ",8213.921,"Africa",1.24095064022329,FALSE,1158195,9513322232.595
"Eswatini",2018,"SWZ",8342.998,"Africa",1.57144194593543,FALSE,1168929,9752372309.142
"Eswatini",2019,"SWZ",8501.267,"Africa",1.89702790291931,FALSE,1179874,10030423900.358
"Eswatini",2020,"SWZ",8290.409,"Africa",-2.48031264045701,FALSE,1192729,9888211236.161
"Eswatini",2021,"SWZ",8856.829,"Africa",6.83223228190551,FALSE,1206593,10686587873.597
"Ethiopia",1990,"ETH",767.1704,"Africa",NA,TRUE,47609755,36524794787.252
"Ethiopia",1991,"ETH",683.0347,"Africa",-10.9670159328358,TRUE,49717198,33958571420.7706
"Ethiopia",1992,"ETH",598.9227,"Africa",-12.3144548878703,TRUE,51853747,31056386158.3569
"Ethiopia",1993,"ETH",655.2132,"Africa",9.39862523160336,TRUE,53708891,35190774340.5612
"Ethiopia",1994,"ETH",653.8867,"Africa",-0.202453186230071,TRUE,55611508,36363625448.1436
"Ethiopia",1995,"ETH",671.541,"Africa",2.69990198607802,TRUE,57537335,38638679483.235
"Ethiopia",1996,"ETH",731.18463,"Africa",8.88160663310206,TRUE,59467635,43481820694.45
"Ethiopia",1997,"ETH",730.875,"Africa",-0.0423463496490579,TRUE,61404539,44879042441.625
"Ethiopia",1998,"ETH",684.33264,"Africa",-6.36803283735249,TRUE,63363524,43361727658.6234
"Ethiopia",1999,"ETH",698.1934,"Africa",2.02544189621001,TRUE,65374561,45644087018.0974
"Ethiopia",2000,"ETH",719.00446,"Africa",2.9807013357617,TRUE,67411494,48469164841.2632
"Ethiopia",2001,"ETH",756.2726,"Africa",5.18329747217424,TRUE,69487762,52551690435.9212
"Ethiopia",2002,"ETH",745.5378,"Africa",-1.41943526712459,TRUE,71635517,53406985746.0426
"Ethiopia",2003,"ETH",708.53265,"Africa",-4.96355114388566,TRUE,73832663,52312852371.947
"Ethiopia",2004,"ETH",781.9135,"Africa",10.3567351483379,TRUE,76077206,59485794413.681
"Ethiopia",2005,"ETH",849.84766,"Africa",8.68819377079434,TRUE,78367470,66600410999.6202
"Ethiopia",2006,"ETH",915.67346,"Africa",7.74559995846785,TRUE,80703490,73898043922.3754
"Ethiopia",2007,"ETH",991.8834,"Africa",8.3228294068936,TRUE,83103217,82428701428.8978
"Ethiopia",2008,"ETH",1068.1381,"Africa",7.68786936045102,TRUE,85543668,91372451004.5508
"Ethiopia",2009,"ETH",1130.0319,"Africa",5.79455034887343,TRUE,88007636,99451436123.5884
"Ethiopia",2010,"ETH",1236.4794,"Africa",9.4198668196889,TRUE,90538514,111949007467.612
"Ethiopia",2011,"ETH",1336.0669,"Africa",8.05411719758535,TRUE,93149970,124454591652.993
"Ethiopia",2012,"ETH",1411.136,"Africa",5.61866325705696,TRUE,95798767,135185088869.312
"Ethiopia",2013,"ETH",1518.1438,"Africa",7.58309617216201,TRUE,98438751,149444179510.394
"Ethiopia",2014,"ETH",1629.1891,"Africa",7.31454424804818,TRUE,101115610,164736449651.851
"Ethiopia",2015,"ETH",1750.6727,"Africa",7.45669118458993,TRUE,103867135,181837357671.715
"Ethiopia",2016,"ETH",1864.4877,"Africa",6.50121521858425,TRUE,106718162,198974700415.607
"Ethiopia",2017,"ETH",1987.9688,"Africa",6.62278973468155,TRUE,109666481,218013542633.793
"Ethiopia",2018,"ETH",2067.4565,"Africa",3.99843800365477,TRUE,112664152,232928233369.388
"Ethiopia",2019,"ETH",2181.659,"Africa",5.52381634148048,TRUE,115737383,252499503258.397
"Ethiopia",2020,"ETH",2253.2358,"Africa",3.28084269814851,TRUE,118917671,267949553549.822
"Ethiopia",2021,"ETH",2319.0684,"Africa",2.92169155132366,TRUE,122138588,283247739851.419
"Fiji",1990,"FJI",7889.8784,"Oceania",NA,FALSE,773316,6101369204.7744
"Fiji",1991,"FJI",7633.7935,"Oceania",-3.24573950341237,FALSE,779656,5951732905.036
"Fiji",1992,"FJI",8078.5903,"Oceania",5.82668105968546,FALSE,785346,6344488577.7438
"Fiji",1993,"FJI",8226.214,"Oceania",1.82734480296643,FALSE,790369,6501744532.966
"Fiji",1994,"FJI",8628.203,"Oceania",4.88668298685154,FALSE,794771,6857445526.513
"Fiji",1995,"FJI",8827.8,"Oceania",2.31330904013269,FALSE,798746,7051169938.8
"Fiji",1996,"FJI",9201.685,"Oceania",4.23531344162759,FALSE,803789,7396213184.465
"Fiji",1997,"FJI",8909.386,"Oceania",-3.17658124571749,FALSE,812139,7235659836.654
"Fiji",1998,"FJI",8921.256,"Oceania",0.133230280964356,FALSE,822258,7335574116.048
"Fiji",1999,"FJI",9594.637,"Oceania",7.54805152996396,FALSE,831828,7981087706.436
"Fiji",2000,"FJI",9328.581,"Oceania",-2.77296577244142,FALSE,840909,7844487720.129
"Fiji",2001,"FJI",9415.502,"Oceania",0.931770866330048,FALSE,849596,7999372837.192
"Fiji",2002,"FJI",9618.807,"Oceania",2.15925821055532,FALSE,858049,8253407727.543
"Fiji",2003,"FJI",9619.746,"Oceania",0.00976212538621979,FALSE,866286,8333451283.356
"Fiji",2004,"FJI",10031.558,"Oceania",4.28090305087059,FALSE,874366,8771253242.228
"Fiji",2005,"FJI",10006.767,"Oceania",-0.247130106808943,FALSE,882379,8829761058.693
"Fiji",2006,"FJI",10097.962,"Oceania",0.911333300755376,FALSE,890365,8990871936.13
"Fiji",2007,"FJI",9927.022,"Oceania",-1.69281682779157,FALSE,897832,8912798016.304
"Fiji",2008,"FJI",9961.513,"Oceania",0.347445588415136,FALSE,903399,8999220882.687
"Fiji",2009,"FJI",9772.743,"Oceania",-1.89499326056193,FALSE,907239,8866213586.577
"Fiji",2010,"FJI",10019.412,"Oceania",2.52405082176007,FALSE,910419,9121863053.628
"Fiji",2011,"FJI",10254.358,"Oceania",2.34490806446526,FALSE,912989,9362116056.062
"Fiji",2012,"FJI",10368.216,"Oceania",1.11033767301668,FALSE,914918,9486067446.288
"Fiji",2013,"FJI",10830.61,"Oceania",4.45972576188614,FALSE,916352,9924651134.72
"Fiji",2014,"FJI",11411.184,"Oceania",5.36049216064468,FALSE,917585,10470731270.64
"Fiji",2015,"FJI",11903.502,"Oceania",4.31434634653162,FALSE,918578,10934295060.156
"Fiji",2016,"FJI",12179.07,"Oceania",2.31501620279477,FALSE,919166,11194587055.62
"Fiji",2017,"FJI",12822.014,"Oceania",5.27908945428509,FALSE,918759,11780340760.626
"Fiji",2018,"FJI",13311.167,"Oceania",3.81494670026098,FALSE,917180,12208736149.06
"Fiji",2019,"FJI",13241.354,"Oceania",-0.524469417294517,FALSE,914899,12114501533.246
"Fiji",2020,"FJI",10966.925,"Oceania",-17.1767101763158,FALSE,914963,10034330598.775
"Fiji",2021,"FJI",10359.204,"Oceania",-5.54139834092054,FALSE,916711,9496396258.044
"Finland",1990,"FIN",32939.383,"Europe",NA,FALSE,4986431,164249960512.073
"Finland",1991,"FIN",30831.61,"Europe",-6.3989449954178,FALSE,5013740,154581676321.4
"Finland",1992,"FIN",29648.744,"Europe",-3.83653659345069,FALSE,5041992,149488730058.048
"Finland",1993,"FIN",29310.307,"Europe",-1.14148848936062,FALSE,5066447,148499116969.229
"Finland",1994,"FIN",30340.824,"Europe",3.51588606697296,FALSE,5088333,154384216006.392
"Finland",1995,"FIN",31499.807,"Europe",3.81987977650179,FALSE,5107790,160894399196.53
"Finland",1996,"FIN",32548.016,"Europe",3.32766800761668,FALSE,5124573,166794683997.168
"Finland",1997,"FIN",34506.773,"Europe",6.01805345063122,FALSE,5139835,177359119602.455
"Finland",1998,"FIN",36293.39,"Europe",5.17758354280187,FALSE,5153498,187037912778.22
"Finland",1999,"FIN",37795.06,"Europe",4.13758538400518,FALSE,5165474,195229399758.44
"Finland",2000,"FIN",39894.195,"Europe",5.55399303506861,FALSE,5176209,206500691206.755
"Finland",2001,"FIN",40842.34,"Europe",2.37664903377546,FALSE,5188008,211890386658.72
"Finland",2002,"FIN",41439.02,"Europe",1.46093490235868,FALSE,5200598,215507684533.96
"Finland",2003,"FIN",42168.695,"Europe",1.76084038666938,FALSE,5213014,219825997396.73
"Finland",2004,"FIN",43724.965,"Europe",3.69058136610582,FALSE,5228172,228601637713.98
"Finland",2005,"FIN",44786.91,"Europe",2.4286926244538,FALSE,5246096,234956429403.36
"Finland",2006,"FIN",46412.2,"Europe",3.62893979513209,FALSE,5266268,244419083669.6
"Finland",2007,"FIN",48664.266,"Europe",4.8523146931195,FALSE,5288720,257371676879.52
"Finland",2008,"FIN",48817.99,"Europe",0.315886815183845,FALSE,5313399,259389459248.01
"Finland",2009,"FIN",44662.1,"Europe",-8.51302972531233,FALSE,5338871,238445190489.1
"Finland",2010,"FIN",45874.66,"Europe",2.71496414185631,FALSE,5363352,246041949460.32
"Finland",2011,"FIN",46825.824,"Europe",2.07339738321766,FALSE,5388272,252310276336.128
"Finland",2012,"FIN",45952.246,"Europe",-1.86559023499512,FALSE,5413971,248784127228.866
"Finland",2013,"FIN",45328.574,"Europe",-1.35721766461643,FALSE,5438972,246540844785.928
"Finland",2014,"FIN",44976.777,"Europe",-0.77610427365308,FALSE,5461512,245641207306.824
"Finland",2015,"FIN",45072.59,"Europe",0.213027714280182,FALSE,5479531,246976654155.29
"Finland",2016,"FIN",46206.79,"Europe",2.5163852354613,FALSE,5495303,253920311707.37
"Finland",2017,"FIN",47570.133,"Europe",2.95052523665894,FALSE,5508214,262026472572.462
"Finland",2018,"FIN",48048.523,"Europe",1.0056520127871,FALSE,5515525,265012829819.575
"Finland",2019,"FIN",48583.434,"Europe",1.11327251412078,FALSE,5521606,268258580675.004
"Finland",2020,"FIN",47443.902,"Europe",-2.34551555165903,FALSE,5529543,262343096196.786
"Finland",2021,"FIN",48753.355,"Europe",2.76000275019538,FALSE,5541017,270143168862.035
"France",1990,"FRA",33843.02,"Europe",NA,FALSE,58261012,1971728594336.24
"France",1991,"FRA",33898.234,"Europe",0.163147378691381,FALSE,58554242,1984885397008.63
"France",1992,"FRA",34269.285,"Europe",1.09460274538198,FALSE,58846584,2016630358372.44
"France",1993,"FRA",33906.223,"Europe",-1.05943850302102,FALSE,59103094,2003962685153.96
"France",1994,"FRA",34576.32,"Europe",1.97632452308239,FALSE,59324863,2051235447044.16
"France",1995,"FRA",35176.62,"Europe",1.73615931365745,FALSE,59541294,2094461473346.28
"France",1996,"FRA",35546.582,"Europe",1.05172697092557,FALSE,59754504,2124068376305.33
"France",1997,"FRA",36247.605,"Europe",1.97212491485117,FALSE,59968066,2173698768981.93
"France",1998,"FRA",37409.395,"Europe",3.20514969195894,FALSE,60190684,2251697073076.18
"France",1999,"FRA",38490.04,"Europe",2.88869948311114,FALSE,60501986,2328723861219.44
"France",2000,"FRA",39726.49,"Europe",3.21238949089166,FALSE,60918661,2420084577029.89
"France",2001,"FRA",40220.1,"Europe",1.242521048298,FALSE,61364377,2468081379377.7
"France",2002,"FRA",40381.46,"Europe",0.401192438606569,FALSE,61812142,2496064539687.32
"France",2003,"FRA",40425.637,"Europe",0.109399214391959,FALSE,62249855,2516490041532.64
"France",2004,"FRA",41265.125,"Europe",2.07662281239996,FALSE,62707588,2587636457268.5
"France",2005,"FRA",41638.03,"Europe",0.903680771595867,FALSE,63180854,2630726294277.62
"France",2006,"FRA",42362.984,"Europe",1.74108621373297,FALSE,63622342,2695232256188.53
"France",2007,"FRA",43123.5,"Europe",1.79523708717026,FALSE,64016890,2760632355915
"France",2008,"FRA",42993.06,"Europe",-0.302480086263875,FALSE,64375116,2767683224694.96
"France",2009,"FRA",41544.023,"Europe",-3.37039745484503,FALSE,64706436,2688165665432.03
"France",2010,"FRA",42145.684,"Europe",1.44824924634766,FALSE,65026211,2740574140523.32
"France",2011,"FRA",42862.414,"Europe",1.70060118136888,FALSE,65340830,2800665706563.62
"France",2012,"FRA",42789.05,"Europe",-0.171161614929094,FALSE,65657659,2809428853833.95
"France",2013,"FRA",42813.934,"Europe",0.0581550653730293,FALSE,65997932,2825631104784.49
"France",2014,"FRA",43021.395,"Europe",0.484564207531118,FALSE,66312067,2852837627673.46
"France",2015,"FRA",43345.785,"Europe",0.754020179959313,FALSE,66548272,2884587090233.52
"France",2016,"FRA",43705.15,"Europe",0.829065617337413,FALSE,66724104,2916186973935.6
"France",2017,"FRA",44577.066,"Europe",1.99499601305566,FALSE,66918020,2983008994129.32
"France",2018,"FRA",45245.96,"Europe",1.50053392926309,FALSE,67158348,3038643927274.08
"France",2019,"FRA",45922.793,"Europe",1.49589709224868,FALSE,67382061,3094372439216.37
"France",2020,"FRA",42233.14,"Europe",-8.03446994175637,FALSE,67601110,2855007142785.4
"France",2021,"FRA",44993.125,"Europe",6.53511673534102,FALSE,67842811,3052460075674.38
"Gabon",1990,"GAB",17559.006,"Africa",NA,FALSE,983734,17273391208.404
"Gabon",1991,"GAB",18134.816,"Africa",3.27928585479154,FALSE,1010818,18330998439.488
"Gabon",1992,"GAB",17109.402,"Africa",-5.65439428776118,FALSE,1038380,17766060848.76
"Gabon",1993,"GAB",17318.162,"Africa",1.22014784619592,FALSE,1066405,18468174547.61
"Gabon",1994,"GAB",17497.65,"Africa",1.03641483432249,FALSE,1094720,19155027408
"Gabon",1995,"GAB",17903.781,"Africa",2.32106025666302,FALSE,1123213,20109759568.353
"Gabon",1996,"GAB",18091.047,"Africa",1.04595783426975,FALSE,1152015,20841157509.705
"Gabon",1997,"GAB",18655.652,"Africa",3.12090836975881,FALSE,1181439,22040514843.228
"Gabon",1998,"GAB",18825.361,"Africa",0.909692140483766,FALSE,1211736,22811367636.696
"Gabon",1999,"GAB",16716.371,"Africa",-11.2029192959434,FALSE,1243016,20778716614.936
"Gabon",2000,"GAB",15987.089,"Africa",-4.36268134991739,FALSE,1275572,20392683089.908
"Gabon",2001,"GAB",15907.864,"Africa",-0.495556132826935,FALSE,1309589,20832763707.896
"Gabon",2002,"GAB",15453.05,"Africa",-2.85905134718275,FALSE,1345135,20786438411.75
"Gabon",2003,"GAB",15379.622,"Africa",-0.475168332465111,FALSE,1382350,21260020471.7
"Gabon",2004,"GAB",15062.641,"Africa",-2.06104545352285,FALSE,1421609,21413186009.369
"Gabon",2005,"GAB",15028.367,"Africa",-0.227543098185766,FALSE,1463495,21993939962.665
"Gabon",2006,"GAB",14177.088,"Africa",-5.66448104441421,FALSE,1508337,21383826382.656
"Gabon",2007,"GAB",14570.755,"Africa",2.7767832152837,FALSE,1556237,22675548048.935
"Gabon",2008,"GAB",13646.617,"Africa",-6.34241671073324,FALSE,1607175,21932501676.975
"Gabon",2009,"GAB",13221.766,"Africa",-3.11323311850842,FALSE,1661556,21968704627.896
"Gabon",2010,"GAB",13682.848,"Africa",3.48729511624998,FALSE,1719879,23532842935.392
"Gabon",2011,"GAB",14145.65,"Africa",3.38235139351106,FALSE,1781985,25207336115.25
"Gabon",2012,"GAB",14368,"Africa",1.57186131425562,FALSE,1846889,26536101152
"Gabon",2013,"GAB",14655.365,"Africa",2.00003479955456,FALSE,1913059,28036577911.535
"Gabon",2014,"GAB",14785.398,"Africa",0.887272340197596,FALSE,1978399,29251416617.802
"Gabon",2015,"GAB",14892.036,"Africa",0.721238616640559,FALSE,2040989,30394481663.604
"Gabon",2016,"GAB",14783.078,"Africa",-0.731652810938683,FALSE,2100306,31048987421.868
"Gabon",2017,"GAB",14478.13,"Africa",-2.06281804100608,FALSE,2156900,31227878597
"Gabon",2018,"GAB",14254.462,"Africa",-1.54486801817638,FALSE,2212318,31535402862.916
"Gabon",2019,"GAB",14478.002,"Africa",1.56821071184588,FALSE,2267706,32831852003.412
"Gabon",2020,"GAB",13903.289,"Africa",-3.9695601644481,FALSE,2322539,32290930930.771
"Gabon",2021,"GAB",13813.723,"Africa",-0.644207280737678,FALSE,2376722,32831379356.006
"Georgia",1990,"GEO",11135.463,"Asia",NA,FALSE,4802000,53472493326
"Georgia",1991,"GEO",8724.29,"Asia",-21.6531005491195,FALSE,4835900,42189794011
"Georgia",1992,"GEO",4769.9966,"Asia",-45.3251026731115,FALSE,4873500,23246578430.1
"Georgia",1993,"GEO",3346.568,"Asia",-29.841291710774,FALSE,4911100,16435330104.8
"Georgia",1994,"GEO",3045.0425,"Asia",-9.00999172883982,FALSE,4836076,14726056953.23
"Georgia",1995,"GEO",3243.8462,"Asia",6.52876601886509,FALSE,4657722,15108933810.3564
"Georgia",1996,"GEO",3740.4854,"Asia",15.3101956560086,FALSE,4491699,16801134530.6946
"Georgia",1997,"GEO",4268.6953,"Asia",14.1214265934576,FALSE,4349913,18568453178.5089
"Georgia",1998,"GEO",4511.489,"Asia",5.68777302985292,FALSE,4243607,19144986300.823
"Georgia",1999,"GEO",4737.4053,"Asia",5.00757732092444,FALSE,4157192,19694303413.9176
"Georgia",2000,"GEO",4919.232,"Asia",3.83810732849899,FALSE,4077131,20056353283.392
"Georgia",2001,"GEO",5236.2227,"Asia",6.44390628455825,FALSE,4014373,21020151028.8671
"Georgia",2002,"GEO",5572.622,"Asia",6.42446510153207,FALSE,3978515,22170760216.33
"Georgia",2003,"GEO",6230.822,"Asia",11.8113161093647,FALSE,3951736,24622563606.992
"Georgia",2004,"GEO",6632.8145,"Asia",6.45167684135416,FALSE,3927340,26049317698.43
"Georgia",2005,"GEO",7315.198,"Asia",10.2879931287088,FALSE,3902469,28547333423.862
"Georgia",2006,"GEO",8049.9062,"Asia",10.0435859699218,FALSE,3880347,31236429373.4514
"Georgia",2007,"GEO",9109.897,"Asia",13.1677410104481,FALSE,3860158,35165641783.726
"Georgia",2008,"GEO",9358.614,"Asia",2.73018454544545,FALSE,3848449,36016148689.686
"Georgia",2009,"GEO",9097.421,"Asia",-2.79093677760403,FALSE,3814419,34701375513.399
"Georgia",2010,"GEO",9736.732,"Asia",7.02738721226598,FALSE,3786695,36870034380.74
"Georgia",2011,"GEO",10541.472,"Asia",8.26499075870631,FALSE,3756441,39598417621.152
"Georgia",2012,"GEO",11295.754,"Asia",7.15537640284015,FALSE,3728874,42120443400.996
"Georgia",2013,"GEO",11740.089,"Asia",3.93364621786203,FALSE,3717668,43645753192.452
"Georgia",2014,"GEO",12254.6455,"Asia",4.3829011858428,FALSE,3719414,45580100037.737
"Georgia",2015,"GEO",12605.14,"Asia",2.86009497377953,FALSE,3725276,46957625518.64
"Georgia",2016,"GEO",12963.744,"Asia",2.84490295228773,FALSE,3727505,48322420578.72
"Georgia",2017,"GEO",13589.707,"Asia",4.82856650054182,FALSE,3728004,50662482054.828
"Georgia",2018,"GEO",14253.409,"Asia",4.88385805521782,FALSE,3726549,53116027055.541
"Georgia",2019,"GEO",14989.258,"Asia",5.16261758853619,FALSE,3720161,55762453030.538
"Georgia",2020,"GEO",13966.326,"Asia",-6.824433871243,FALSE,3722716,51992665261.416
"Georgia",2021,"GEO",15486.659,"Asia",10.8857046584764,FALSE,3708610,57433978433.99
"Germany",1990,"DEU",36699.48,"Europe",NA,FALSE,79433029,2915150859124.92
"Germany",1991,"DEU",38294.156,"Europe",4.34522777979415,FALSE,80013896,3064064615591.78
"Germany",1992,"DEU",38734.938,"Europe",1.15104247238142,FALSE,80624598,3122988804804.92
"Germany",1993,"DEU",38105.23,"Europe",-1.62568480166407,FALSE,81156363,3092481878078.49
"Germany",1994,"DEU",38881.57,"Europe",2.0373581264304,FALSE,81438348,3166450828446.36
"Germany",1995,"DEU",39366.09,"Europe",1.24614309555915,FALSE,81678051,3215345506690.59
"Germany",1996,"DEU",39568.6,"Europe",0.514427518709636,FALSE,81914831,3241255181906.6
"Germany",1997,"DEU",40218.848,"Europe",1.64334345920755,FALSE,82034771,3299343985563.81
"Germany",1998,"DEU",41022.613,"Europe",1.998478424842,FALSE,82047195,3365790328220.53
"Germany",1999,"DEU",41769.812,"Europe",1.82143199898066,FALSE,82100243,3429311715264.32
"Germany",2000,"DEU",42928.18,"Europe",2.77321813179337,FALSE,82211508,3529190413495.44
"Germany",2001,"DEU",43576.637,"Europe",1.51056252559508,FALSE,82349925,3588532788702.23
"Germany",2002,"DEU",43417.31,"Europe",-0.365624818638494,FALSE,82488495,3581428558848.45
"Germany",2003,"DEU",43089.473,"Europe",-0.755083629087107,FALSE,82534176,3556354148329.25
"Germany",2004,"DEU",43605.277,"Europe",1.1970533963133,FALSE,82516260,3598144374304.02
"Germany",2005,"DEU",43949.29,"Europe",0.788925156925385,FALSE,82469422,3624472543610.38
"Germany",2006,"DEU",45678.082,"Europe",3.93360620842794,FALSE,82376451,3762798283646.98
"Germany",2007,"DEU",47100.61,"Europe",3.11424634685843,FALSE,82266372,3874796303686.92
"Germany",2008,"DEU",47643.223,"Europe",1.15202966585783,FALSE,82110097,3911989661922.63
"Germany",2009,"DEU",45044.49,"Europe",-5.45457010748412,FALSE,81902307,3689247648638.43
"Germany",2010,"DEU",46999.24,"Europe",4.33959847253238,FALSE,81776930,3843453559533.2
"Germany",2011,"DEU",49757.926,"Europe",5.86963959417216,FALSE,80274983,3994316663765.26
"Germany",2012,"DEU",49872.45,"Europe",0.230162326299528,FALSE,80425823,4011032836276.35
"Germany",2013,"DEU",49954.17,"Europe",0.163858001762498,FALSE,80645605,4028584261922.85
"Germany",2014,"DEU",50845.527,"Europe",1.78434953478359,FALSE,80982500,4117597890277.5
"Germany",2015,"DEU",51159.297,"Europe",0.617104430838128,FALSE,81686611,4179029593072.47
"Germany",2016,"DEU",51879.67,"Europe",1.40809792597424,FALSE,82348669,4272221772659.23
"Germany",2017,"DEU",53071.457,"Europe",2.29721391828438,FALSE,82657002,4386727527391.91
"Germany",2018,"DEU",53431.395,"Europe",0.678213903190927,FALSE,82905782,4429771585825.89
"Germany",2019,"DEU",53874.316,"Europe",0.828952715907945,FALSE,83092962,4476576492163.99
"Germany",2020,"DEU",51840.33,"Europe",-3.77542797944757,FALSE,83160871,4311086995727.43
"Germany",2021,"DEU",53179.656,"Europe",2.58355994261611,FALSE,83196078,4424338808589.17
"Ghana",1990,"GHA",2299.6387,"Africa",NA,FALSE,15394648,35402128313.6776
"Ghana",1991,"GHA",2360.5127,"Africa",2.64711147885971,FALSE,15787496,37266584809.1992
"Ghana",1992,"GHA",2391.9868,"Africa",1.33335863857034,FALSE,16184855,38713959519.914
"Ghana",1993,"GHA",2447.4087,"Africa",2.31698184956538,FALSE,16589519,40601333129.4153
"Ghana",1994,"GHA",2469.2417,"Africa",0.892086393253406,FALSE,16993190,41960293364.023
"Ghana",1995,"GHA",2512.1123,"Africa",1.73618483763658,FALSE,17399017,43708284613.6091
"Ghana",1996,"GHA",2568.0703,"Africa",2.22752780598224,FALSE,17810181,45737796863.7243
"Ghana",1997,"GHA",2613.7256,"Africa",1.77780569324759,FALSE,18238958,47671631441.9248
"Ghana",1998,"GHA",2671.266,"Africa",2.20147057518203,FALSE,18688036,49920715173.576
"Ghana",1999,"GHA",2721.603,"Africa",1.88438740282697,FALSE,19149864,52118327311.992
"Ghana",2000,"GHA",2752.1648,"Africa",1.12293380041101,FALSE,19637087,54044499615.9376
"Ghana",2001,"GHA",2787.1257,"Africa",1.27030547007941,FALSE,20167069,56208156303.5733
"Ghana",2002,"GHA",2833.5884,"Africa",1.66704716618989,FALSE,20729388,58738553375.8992
"Ghana",2003,"GHA",2901.108,"Africa",2.3828301950982,FALSE,21296705,61784041249.14
"Ghana",2004,"GHA",2982.8875,"Africa",2.81890574221986,FALSE,21868298,65230672750.475
"Ghana",2005,"GHA",3075.9626,"Africa",3.12030205631289,FALSE,22449438,69053631679.0188
"Ghana",2006,"GHA",3187.5764,"Africa",3.62858117975817,FALSE,23040702,73443997934.6328
"Ghana",2007,"GHA",3240.5925,"Africa",1.66321033120964,FALSE,23642279,76614992010.3075
"Ghana",2008,"GHA",3447.2747,"Africa",6.37791391543367,FALSE,24249946,83596225322.1662
"Ghana",2009,"GHA",3523.7893,"Africa",2.21956782266293,FALSE,24862664,87610789372.6952
"Ghana",2010,"GHA",3709.3958,"Africa",5.2672417161832,FALSE,25474995,94496839458.021
"Ghana",2011,"GHA",4128.56,"Africa",11.3000667116731,FALSE,26095088,107735136513.28
"Ghana",2012,"GHA",4402.546,"Africa",6.63635747088573,FALSE,26734268,117698844646.328
"Ghana",2013,"GHA",4610.028,"Africa",4.71277301815813,FALSE,27386193,126251116543.404
"Ghana",2014,"GHA",4628.9014,"Africa",0.409398814931265,FALSE,28041592,129801764467.029
"Ghana",2015,"GHA",4616.6196,"Africa",-0.265328615554433,FALSE,28696068,132478829971.733
"Ghana",2016,"GHA",4662.011,"Africa",0.983217244063176,FALSE,29356742,136861454128.162
"Ghana",2017,"GHA",4929.568,"Africa",5.73908984770735,FALSE,30008354,147928221611.072
"Ghana",2018,"GHA",5125.2495,"Africa",3.96954662152951,FALSE,30637585,157025267202.457
"Ghana",2019,"GHA",5345.9414,"Africa",4.30597378722733,FALSE,31258945,167108488195.823
"Ghana",2020,"GHA",5263.5264,"Africa",-1.54163680133119,FALSE,31887809,167842324509.658
"Ghana",2021,"GHA",5435.238,"Africa",3.26229198736422,FALSE,32518665,176746683717.27
"Greece",1990,"GRC",24262.842,"Europe",NA,FALSE,10196792,247403153202.864
"Greece",1991,"GRC",24716.518,"Europe",1.86983866110985,FALSE,10319927,255072661454.186
"Greece",1992,"GRC",24700.13,"Europe",-0.0663038377816771,FALSE,10399061,256858158577.93
"Greece",1993,"GRC",24162.371,"Europe",-2.17715048463308,FALSE,10460415,252748428043.965
"Greece",1994,"GRC",24522.525,"Europe",1.4905573629343,FALSE,10512922,257803392568.05
"Greece",1995,"GRC",24920.729,"Europe",1.62382952000252,FALSE,10562153,263216552569.537
"Greece",1996,"GRC",25521.28,"Europe",2.4098452336607,FALSE,10608800,270750155264
"Greece",1997,"GRC",26534.494,"Europe",3.97007516864358,FALSE,10661259,282891112967.946
"Greece",1998,"GRC",27415.625,"Europe",3.32070021761109,FALSE,10720509,293909454553.125
"Greece",1999,"GRC",28149.844,"Europe",2.67810418328964,FALSE,10761698,302940119875.112
"Greece",2000,"GRC",29133.84,"Europe",3.4955646645857,FALSE,10805808,314814681342.72
"Greece",2001,"GRC",30180.227,"Europe",3.59165492774038,FALSE,10862132,327821609463.964
"Greece",2002,"GRC",31249.396,"Europe",3.54261417583109,FALSE,10902022,340681602678.712
"Greece",2003,"GRC",32981.35,"Europe",5.54235992273258,FALSE,10928070,360422501494.5
"Greece",2004,"GRC",34564.91,"Europe",4.80138017394681,FALSE,10955141,378663462702.31
"Greece",2005,"GRC",34670.184,"Europe",0.304568997865169,FALSE,10987314,380932198045.776
"Greece",2006,"GRC",36520.047,"Europe",5.33560191085227,FALSE,11020362,402464138197.014
"Greece",2007,"GRC",37619.66,"Europe",3.01098462441739,FALSE,11048473,415639797779.18
"Greece",2008,"GRC",37394.17,"Europe",-0.599394040243865,FALSE,11077841,414246669586.97
"Greece",2009,"GRC",35691.945,"Europe",-4.5521133374534,FALSE,11107017,396431039878.065
"Greece",2010,"GRC",33693.21,"Europe",-5.59996099960369,FALSE,11121341,374713677794.61
"Greece",2011,"GRC",30318.404,"Europe",-10.0162792443938,FALSE,11104899,336682814261.196
"Greece",2012,"GRC",28322.572,"Europe",-6.58290588119348,FALSE,11045011,312823119288.292
"Greece",2013,"GRC",27810.912,"Europe",-1.8065449705627,FALSE,10965211,304952518182.432
"Greece",2014,"GRC",28129.96,"Europe",1.14720437790749,FALSE,10892413,306403141993.48
"Greece",2015,"GRC",28260.387,"Europe",0.463658675661109,FALSE,10820883,305802341261.721
"Greece",2016,"GRC",28239.92,"Europe",-0.0724229289570612,FALSE,10775971,304312558962.32
"Greece",2017,"GRC",28604.861,"Europe",1.29228765520583,FALSE,10754679,307636097894.619
"Greece",2018,"GRC",29141.174,"Europe",1.87490161200223,FALSE,10732882,312768781883.468
"Greece",2019,"GRC",29721.586,"Europe",1.99172483579419,FALSE,10721582,318662421469.052
"Greece",2020,"GRC",27103.541,"Europe",-8.80856425360342,FALSE,10698599,289969916639.059
"Greece",2021,"GRC",29548.04,"Europe",9.01911303766545,FALSE,10569207,312299351204.28
"Grenada",1990,"GRD",8571.903,"North America",NA,FALSE,99957,856821708.171
"Grenada",1991,"GRD",8628.73,"North America",0.662944972662422,FALSE,100793,869715582.89
"Grenada",1992,"GRD",8446.737,"North America",-2.10915163645172,FALSE,101602,858205372.674
"Grenada",1993,"GRD",8189.4497,"North America",-3.04599634154584,FALSE,102382,838452239.1854
"Grenada",1994,"GRD",8247.343,"North America",0.706925399395281,FALSE,103138,850614462.334
"Grenada",1995,"GRD",8351.252,"North America",1.25990879729386,FALSE,103869,867436193.988
"Grenada",1996,"GRD",8656.515,"North America",3.65529623582187,FALSE,104584,905332964.76
"Grenada",1997,"GRD",9030.134,"North America",4.31604404312822,FALSE,105293,950809899.262
"Grenada",1998,"GRD",10029.63,"North America",11.0684514759139,FALSE,106009,1063231046.67
"Grenada",1999,"GRD",10658.981,"North America",6.27491741968548,FALSE,106727,1137601065.187
"Grenada",2000,"GRD",11116.611,"North America",4.29337476068304,FALSE,107451,1194490968.561
"Grenada",2001,"GRD",10840.765,"North America",-2.48138573887313,FALSE,107987,1170661690.055
"Grenada",2002,"GRD",11182.833,"North America",3.1553861743152,FALSE,108404,1212263828.532
"Grenada",2003,"GRD",12183.874,"North America",8.9515867759091,FALSE,108884,1326628936.616
"Grenada",2004,"GRD",12019.217,"North America",-1.35143387070483,FALSE,109323,1313976860.091
"Grenada",2005,"GRD",13523.777,"North America",12.5179535405676,FALSE,109734,1484018145.318
"Grenada",2006,"GRD",12897.595,"North America",-4.63023014946195,FALSE,110135,1420476625.325
"Grenada",2007,"GRD",13597.083,"North America",5.42339870340169,FALSE,110522,1502776807.326
"Grenada",2008,"GRD",13634.03,"North America",0.271727399178192,FALSE,110896,1511959390.88
"Grenada",2009,"GRD",12645.691,"North America",-7.24905988911569,FALSE,111254,1406883706.514
"Grenada",2010,"GRD",12493.885,"North America",-1.20045634516928,FALSE,111586,1394142651.61
"Grenada",2011,"GRD",12493.164,"North America",-0.00577082308665038,FALSE,112079,1400221327.956
"Grenada",2012,"GRD",12242.953,"North America",-2.00278328212134,FALSE,112775,1380699024.575
"Grenada",2013,"GRD",12420.148,"North America",1.44732239027627,FALSE,113487,1409525336.076
"Grenada",2014,"GRD",13215.913,"North America",6.40704925577377,FALSE,114132,1508358582.516
"Grenada",2015,"GRD",13948.467,"North America",5.54296929769438,FALSE,114676,1599554401.692
"Grenada",2016,"GRD",14351.286,"North America",2.88790875728494,FALSE,115130,1652263557.18
"Grenada",2017,"GRD",14869.982,"North America",3.61428237162858,FALSE,115438,1716560982.116
"Grenada",2018,"GRD",15401.727,"North America",3.57596263398302,FALSE,115691,1781841198.357
"Grenada",2019,"GRD",15393.791,"North America",-0.0515266891823333,FALSE,115981,1785387273.971
"Grenada",2020,"GRD",13175.423,"North America",-14.4107971843973,FALSE,116341,1532841887.243
"Grenada",2021,"GRD",13688.256,"North America",3.89234561956757,FALSE,116688,1597255216.128
"Guatemala",1990,"GTM",5561.071,"North America",NA,FALSE,9024773,50187403411.883
"Guatemala",1991,"GTM",5611.5425,"North America",0.90758596680387,FALSE,9272584,52033499200.82
"Guatemala",1992,"GTM",5730.646,"North America",2.12247345538237,FALSE,9522266,54568735563.836
"Guatemala",1993,"GTM",5805.7095,"North America",1.30986105231418,FALSE,9779761,56778451345.4295
"Guatemala",1994,"GTM",5891.3276,"North America",1.47472242625987,FALSE,10043718,59170833060.0168
"Guatemala",1995,"GTM",6033.0425,"North America",2.40548327341362,FALSE,10312996,62218743170.33
"Guatemala",1996,"GTM",6064.021,"North America",0.513480553137164,FALSE,10583526,64178723918.046
"Guatemala",1997,"GTM",6181.1724,"North America",1.93190953659297,FALSE,10857754,67113649350.7896
"Guatemala",1998,"GTM",6338.338,"North America",2.54265032310051,FALSE,11139145,70603666041.01
"Guatemala",1999,"GTM",6428.048,"North America",1.41535525558908,FALSE,11422965,73427367322.32
"Guatemala",2000,"GTM",6499.8833,"North America",1.11752899169391,FALSE,11697592,76032982891.0136
"Guatemala",2001,"GTM",6493.6064,"North America",-0.0965694261003232,FALSE,11969422,77724715303.5008
"Guatemala",2002,"GTM",6589.7373,"North America",1.48039308326418,FALSE,12246915,80703952585.4295
"Guatemala",2003,"GTM",6612.67,"North America",0.348006285470595,FALSE,12525842,82829259618.14
"Guatemala",2004,"GTM",6676.7046,"North America",0.968362250044233,FALSE,12807402,85511239847.4492
"Guatemala",2005,"GTM",6753.6826,"North America",1.1529340387472,FALSE,13087629,88389692252.5554
"Guatemala",2006,"GTM",6972.382,"North America",3.2382244318085,FALSE,13367459,93203030517.338
"Guatemala",2007,"GTM",7269.206,"North America",4.25713909536225,FALSE,13652040,99239491080.24
"Guatemala",2008,"GTM",7365.2803,"North America",1.32166154047636,FALSE,13935174,102636462539.272
"Guatemala",2009,"GTM",7262.5,"North America",-1.39547031224325,FALSE,14215611,103240874887.5
"Guatemala",2010,"GTM",7335.989,"North America",1.01189672977624,FALSE,14500112,106372662130.768
"Guatemala",2011,"GTM",7503.675,"North America",2.28579950160777,FALSE,14792126,110995306063.05
"Guatemala",2012,"GTM",7590.7554,"North America",1.16050335335685,FALSE,15089647,114541819449.344
"Guatemala",2013,"GTM",7734.1177,"North America",1.88864338850913,FALSE,15387337,119007475447.565
"Guatemala",2014,"GTM",7939.3745,"North America",2.65391358086004,FALSE,15681725,124503087581.012
"Guatemala",2015,"GTM",8125.656,"North America",2.34629944714159,FALSE,15971743,129780889338.408
"Guatemala",2016,"GTM",8206.048,"North America",0.989360120585965,FALSE,16268760,133502225460.48
"Guatemala",2017,"GTM",8322.217,"North America",1.41565099302368,FALSE,16567357,137877140070.469
"Guatemala",2018,"GTM",8469.115,"North America",1.76513061363335,FALSE,16845685,142668043518.775
"Guatemala",2019,"GTM",8671.703,"North America",2.39207992806804,FALSE,17103803,148319099786.509
"Guatemala",2020,"GTM",8390.223,"North America",-3.245959876624,FALSE,17357325,145631827433.475
"Guatemala",2021,"GTM",8926.7,"North America",6.3940731968626,FALSE,17598650,157097868955
"Guinea",1990,"GIN",1507.1985,"Africa",NA,TRUE,6434374,9697878841.239
"Guinea",1991,"GIN",1485.4352,"Africa",-1.44395711646476,TRUE,6697166,9948206116.6432
"Guinea",1992,"GIN",1485.4214,"Africa",-0.000929020666801657,TRUE,6914366,10270747223.8324
"Guinea",1993,"GIN",1512.9799,"Africa",1.85526477536947,TRUE,7128177,10784788524.6423
"Guinea",1994,"GIN",1526.2556,"Africa",0.877453824733555,TRUE,7345107,11210510691.3492
"Guinea",1995,"GIN",1552.4917,"Africa",1.71898468382361,TRUE,7553249,11726356380.5333
"Guinea",1996,"GIN",1576.4238,"Africa",1.54152837016778,TRUE,7770035,12248868100.833
"Guinea",1997,"GIN",1624.3464,"Africa",3.0399566411012,TRUE,7931370,12883292306.568
"Guinea",1998,"GIN",1651.9987,"Africa",1.70236471727953,TRUE,8081990,13351436973.413
"Guinea",1999,"GIN",1676.7183,"Africa",1.49634500317705,TRUE,8265123,13858282985.8509
"Guinea",2000,"GIN",1685.2764,"Africa",0.510407741121449,TRUE,8428832,14204911649.1648
"Guinea",2001,"GIN",1724.4355,"Africa",2.32360104253522,TRUE,8539960,14726610192.58
"Guinea",2002,"GIN",1785.5734,"Africa",3.54538630177817,TRUE,8674066,15488181519.4444
"Guinea",2003,"GIN",1767.791,"Africa",-0.99589297197192,TRUE,8870781,15681686814.771
"Guinea",2004,"GIN",1771.0453,"Africa",0.184088503674929,TRUE,9062726,16050498287.4878
"Guinea",2005,"GIN",1788.3896,"Africa",0.979325599407309,TRUE,9245844,16535171252.8224
"Guinea",2006,"GIN",1772.715,"Africa",-0.876464501918377,TRUE,9441171,16736505449.265
"Guinea",2007,"GIN",1850.6372,"Africa",4.39564171341699,TRUE,9662281,17881376655.4532
"Guinea",2008,"GIN",1881.2698,"Africa",1.65524609577718,TRUE,9898870,18622445185.126
"Guinea",2009,"GIN",1815.3158,"Africa",-3.50582356661442,TRUE,10143534,18413717538.0372
"Guinea",2010,"GIN",1856.4902,"Africa",2.26816733485159,TRUE,10396086,19300231777.3572
"Guinea",2011,"GIN",1912.8179,"Africa",3.03409627478777,TRUE,10656810,20384536924.899
"Guinea",2012,"GIN",1976.9581,"Africa",3.35317857491819,TRUE,10921581,21591508022.7561
"Guinea",2013,"GIN",2005.382,"Africa",1.43775935362515,TRUE,11191873,22443980660.486
"Guinea",2014,"GIN",2028.5148,"Africa",1.15353583506783,TRUE,11472924,23272996133.2752
"Guinea",2015,"GIN",2053.1116,"Africa",1.21255215885042,TRUE,11767070,24159107915.012
"Guinea",2016,"GIN",2217.1094,"Africa",7.98776841940787,TRUE,12073030,26767228299.482
"Guinea",2017,"GIN",2383.5789,"Africa",7.50840260746719,TRUE,12385659,29522195454.9951
"Guinea",2018,"GIN",2471.719,"Africa",3.69780501077603,TRUE,12704774,31402631286.506
"Guinea",2019,"GIN",2545.1401,"Africa",2.9704468833229,TRUE,13034346,33174236681.8746
"Guinea",2020,"GIN",2604.1172,"Africa",2.31724375408647,TRUE,13371183,34820127634.6476
"Guinea",2021,"GIN",2640.3442,"Africa",1.39114322504378,TRUE,13710513,36200473478.5746
"Guinea-Bissau",1990,"GNB",1998.1732,"Africa",NA,TRUE,973669,1945559301.4708
"Guinea-Bissau",1991,"GNB",2057.1743,"Africa",2.95275204371674,TRUE,994639,2046145788.5777
"Guinea-Bissau",1992,"GNB",2020.7418,"Africa",-1.77099723635475,TRUE,1024356,2069958987.2808
"Guinea-Bissau",1993,"GNB",1997.0764,"Africa",-1.17112438610416,TRUE,1058745,2114394653.118
"Guinea-Bissau",1994,"GNB",1998.8365,"Africa",0.0881338340385959,TRUE,1092031,2182791421.9315
"Guinea-Bissau",1995,"GNB",2035.2238,"Africa",1.82042403168043,TRUE,1119949,2279346859.5862
"Guinea-Bissau",1996,"GNB",2224.7485,"Africa",9.31222895486974,TRUE,1143535,2544077775.9475
"Guinea-Bissau",1997,"GNB",2324.8438,"Africa",4.499173726828,TRUE,1165545,2709710066.871
"Guinea-Bissau",1998,"GNB",1641.0308,"Africa",-29.4132878948685,TRUE,1187473,1948679767.1684
"Guinea-Bissau",1999,"GNB",1627.0753,"Africa",-0.850410607771654,TRUE,1210206,1969096290.5118
"Guinea-Bissau",2000,"GNB",1681.4062,"Africa",3.33917551326604,TRUE,1234741,2076101172.7942
"Guinea-Bissau",2001,"GNB",1681.956,"Africa",0.0326988207846507,TRUE,1261273,2121405689.988
"Guinea-Bissau",2002,"GNB",1628.7303,"Africa",-3.1645120324194,TRUE,1289307,2099933376.9021
"Guinea-Bissau",2003,"GNB",1600.6709,"Africa",-1.7227775525512,TRUE,1318806,2110974386.9454
"Guinea-Bissau",2004,"GNB",1606.5822,"Africa",0.36930139730784,TRUE,1349563,2168183893.5786
"Guinea-Bissau",2005,"GNB",1635.4143,"Africa",1.79462339368629,TRUE,1381585,2259463865.6655
"Guinea-Bissau",2006,"GNB",1632.5051,"Africa",-0.177887645962239,TRUE,1415303,2310489365.5453
"Guinea-Bissau",2007,"GNB",1643.377,"Africa",0.665964228840686,TRUE,1450986,2384517019.722
"Guinea-Bissau",2008,"GNB",1652.8844,"Africa",0.578528237890634,TRUE,1488054,2459581242.9576
"Guinea-Bissau",2009,"GNB",1665.2008,"Africa",0.745145879530363,TRUE,1526377,2541724201.5016
"Guinea-Bissau",2010,"GNB",1697.4956,"Africa",1.93939373557831,TRUE,1566347,2658867140.5732
"Guinea-Bissau",2011,"GNB",1787.074,"Africa",5.27709173443514,TRUE,1608076,2873750809.624
"Guinea-Bissau",2012,"GNB",1710.0238,"Africa",-4.3115282299446,TRUE,1651417,2823962373.7246
"Guinea-Bissau",2013,"GNB",1718.862,"Africa",0.516846607632019,TRUE,1695973,2915143542.726
"Guinea-Bissau",2014,"GNB",1690.0912,"Africa",-1.67382838180145,TRUE,1741122,2942654970.3264
"Guinea-Bissau",2015,"GNB",1748.0292,"Africa",3.42809902802878,TRUE,1786457,3122779000.5444
"Guinea-Bissau",2016,"GNB",1811.301,"Africa",3.61960772737664,TRUE,1831893,3318109622.793
"Guinea-Bissau",2017,"GNB",1872.3093,"Africa",3.36820329696721,TRUE,1877072,3514459362.3696
"Guinea-Bissau",2018,"GNB",1851.8866,"Africa",-1.09077597382013,TRUE,1922168,3559637162.1488
"Guinea-Bissau",2019,"GNB",1890.5331,"Africa",2.08687184193676,TRUE,1967696,3719994418.7376
"Guinea-Bissau",2020,"GNB",1803.6306,"Africa",-4.59671930631631,TRUE,2013255,3631168323.603
"Guinea-Bissau",2021,"GNB",1831.3832,"Africa",1.53870753800695,TRUE,2058841,3770526818.8712
"Guyana",1990,"GUY",4818.388,"South America",NA,FALSE,749894,3613280250.872
"Guyana",1991,"GUY",5131.02,"South America",6.48831102850166,FALSE,747861,3837289748.22
"Guyana",1992,"GUY",5522.385,"South America",7.6274308032321,FALSE,749911,4141297257.735
"Guyana",1993,"GUY",5956.328,"South America",7.85789111045319,FALSE,752965,4484906512.52
"Guyana",1994,"GUY",6444.2188,"South America",8.19113386636866,FALSE,755822,4870682341.8536
"Guyana",1995,"GUY",6749.16,"South America",4.73201189258192,FALSE,758388,5118481954.08
"Guyana",1996,"GUY",7267.894,"South America",7.68590461627818,FALSE,760526,5527422352.244
"Guyana",1997,"GUY",7700.34,"South America",5.9500867789211,FALSE,762245,5869545663.3
"Guyana",1998,"GUY",7556.1753,"South America",-1.87218616320838,FALSE,763586,5769789672.6258
"Guyana",1999,"GUY",7766.3325,"South America",2.78126421974356,FALSE,764483,5937229168.5975
"Guyana",2000,"GUY",7649.9497,"South America",-1.49855546359881,FALSE,764832,5850926328.9504
"Guyana",2001,"GUY",7816.526,"South America",2.17748229115807,FALSE,764477,5975554346.902
"Guyana",2002,"GUY",7899.7144,"South America",1.06426307543786,FALSE,763652,6032632700.9888
"Guyana",2003,"GUY",7847.303,"South America",-0.663459428356042,FALSE,763101,5988284766.603
"Guyana",2004,"GUY",7971.4307,"South America",1.58178803596599,FALSE,762418,6077562251.4326
"Guyana",2005,"GUY",7823.2676,"South America",-1.8586763854072,FALSE,760914,5952833842.5864
"Guyana",2006,"GUY",8239.125,"South America",5.31564841269139,FALSE,758966,6253215744.75
"Guyana",2007,"GUY",8853.17,"South America",7.45279383429673,FALSE,756861,6700619099.37
"Guyana",2008,"GUY",9036.885,"South America",2.07513241019883,FALSE,754606,6819287642.31
"Guyana",2009,"GUY",9399.297,"South America",4.01036419075821,FALSE,752094,7069154877.918
"Guyana",2010,"GUY",9831.81,"South America",4.60154626457701,FALSE,749256,7366542633.36
"Guyana",2011,"GUY",10394.143,"South America",5.71952671990204,FALSE,746153,7755620981.879
"Guyana",2012,"GUY",10946.455,"South America",5.3136848319289,FALSE,746288,8169208009.04
"Guyana",2013,"GUY",11293.949,"South America",3.17448890987996,FALSE,750021,8470698922.929
"Guyana",2014,"GUY",11427.873,"South America",1.18580312342476,FALSE,754229,8619233224.917
"Guyana",2015,"GUY",11446.764,"South America",0.165306352284451,FALSE,758781,8685587034.684
"Guyana",2016,"GUY",11819.155,"South America",3.25324257580572,FALSE,763548,9024492161.94
"Guyana",2017,"GUY",12193.622,"South America",3.16830602526152,FALSE,768479,9370542440.938
"Guyana",2018,"GUY",12374.22,"South America",1.48108576762507,FALSE,791556,9794888086.32
"Guyana",2019,"GUY",12820.489,"South America",3.60644145651201,FALSE,807665,10354660248.185
"Guyana",2020,"GUY",18430.57,"South America",43.758713103689,FALSE,807481,14882335094.17
"Guyana",2021,"GUY",21925.188,"South America",18.960987099151,FALSE,815482,17879596160.616
"Haiti",1990,"HTI",3598.9822,"North America",NA,TRUE,6854441,24669011149.9502
"Haiti",1991,"HTI",3593.6394,"North America",-0.148453082096374,TRUE,6995450,25139124740.73
"Haiti",1992,"HTI",3336.8364,"North America",-7.14604253281506,TRUE,7136571,23813569883.9844
"Haiti",1993,"HTI",3095.558,"North America",-7.23075305699734,TRUE,7278181,22530031419.998
"Haiti",1994,"HTI",2674.5916,"North America",-13.5990474092231,TRUE,7419771,19844857190.5236
"Haiti",1995,"HTI",2884.8914,"North America",7.86287521429439,TRUE,7562546,21817123917.5044
"Haiti",1996,"HTI",2948.953,"North America",2.22058965547195,TRUE,7707557,22729223337.821
"Haiti",1997,"HTI",2973.391,"North America",0.82870089825101,TRUE,7854298,23353898984.518
"Haiti",1998,"HTI",2983.3403,"North America",0.334611223347342,TRUE,8002143,23873115698.2629
"Haiti",1999,"HTI",3008.9346,"North America",0.857907493824965,TRUE,8151296,24526716569.2416
"Haiti",2000,"HTI",2980.1917,"North America",-0.955251735946677,TRUE,8303151,24744981694.0467
"Haiti",2001,"HTI",2917.1135,"North America",-2.11658196350255,TRUE,8455918,24666872552.693
"Haiti",2002,"HTI",2896.8086,"North America",-0.69606136339913,TRUE,8607641,24934688474.5126
"Haiti",2003,"HTI",2946.3772,"North America",1.71114515470577,TRUE,8759912,25810004990.8064
"Haiti",2004,"HTI",2859.126,"North America",-2.96130447927712,TRUE,8910263,25475564610.138
"Haiti",2005,"HTI",2898.3176,"North America",1.37075455926041,TRUE,9061273,26262447014.3048
"Haiti",2006,"HTI",2900.4377,"North America",0.0731493332545782,TRUE,9216562,26732063889.1874
"Haiti",2007,"HTI",2987.1301,"North America",2.98894197934332,TRUE,9373296,27999254617.8096
"Haiti",2008,"HTI",3017.0747,"North America",1.00245382683534,TRUE,9530774,28755057106.8178
"Haiti",2009,"HTI",3143.7734,"North America",4.19938889812705,TRUE,9689581,30461847004.9454
"Haiti",2010,"HTI",2932.279,"North America",-6.72740598924846,TRUE,9803294,28745993127.026
"Haiti",2011,"HTI",3047.2747,"North America",3.92171754461291,TRUE,9914904,30213436112.1288
"Haiti",2012,"HTI",3015.8586,"North America",-1.0309572681452,TRUE,10069771,30369005470.3806
"Haiti",2013,"HTI",3099.4773,"North America",2.77263330581878,TRUE,10222362,31683978971.3826
"Haiti",2014,"HTI",3106.9849,"North America",0.242221486829405,TRUE,10373235,32229484509.1515
"Haiti",2015,"HTI",3141.0469,"North America",1.09630400842952,TRUE,10523242,33053996662.0498
"Haiti",2016,"HTI",3153.1763,"North America",0.386157876216374,TRUE,10671457,33648985298.8691
"Haiti",2017,"HTI",3187.7898,"North America",1.09773437026023,TRUE,10817754,34484725860.1092
"Haiti",2018,"HTI",3197.1414,"North America",0.293356858096477,TRUE,10962362,35048221391.9868
"Haiti",2019,"HTI",3101.5942,"North America",-2.98851968198842,TRUE,11105163,34443709150.8546
"Haiti",2020,"HTI",2959.0894,"North America",-4.59456623951644,TRUE,11243848,33271551432.0112
"Haiti",2021,"HTI",2870.145,"North America",-3.0058030690117,TRUE,11374586,32646711134.97
"Honduras",1990,"HND",3912.7021,"North America",NA,FALSE,4980488,19487165856.6248
"Honduras",1991,"HND",3678.262,"North America",-5.99176972864864,FALSE,5123792,18846649409.504
"Honduras",1992,"HND",3793.7112,"North America",3.13868886990649,FALSE,5271431,19998286824.7272
"Honduras",1993,"HND",3928.3718,"North America",3.54957435874401,FALSE,5423249,21304538435.9782
"Honduras",1994,"HND",3827.9932,"North America",-2.55522147878162,FALSE,5579242,21357300437.1544
"Honduras",1995,"HND",3953.1025,"North America",3.26827383078946,FALSE,5739637,22689373373.7925
"Honduras",1996,"HND",3916.7415,"North America",-0.919809187846758,FALSE,5903954,23124261645.891
"Honduras",1997,"HND",3985.1077,"North America",1.74548665006358,FALSE,6071454,24195398085.5958
"Honduras",1998,"HND",4020.5857,"North America",0.890264521583697,FALSE,6234431,25066064126.2367
"Honduras",1999,"HND",3886.9856,"North America",-3.32290143697223,FALSE,6400463,24878507514.3328
"Honduras",2000,"HND",4058.0288,"North America",4.40040734907791,FALSE,6577773,26692792273.8624
"Honduras",2001,"HND",4058.1116,"North America",0.00204039951614276,FALSE,6757993,27424689786.0188
"Honduras",2002,"HND",4101.277,"North America",1.06368193521341,FALSE,6938859,28458182822.943
"Honduras",2003,"HND",4179.423,"North America",1.90540653557416,FALSE,7119213,29754202554.099
"Honduras",2004,"HND",4330.7393,"North America",3.62050694557599,FALSE,7298994,31610040166.2642
"Honduras",2005,"HND",4482.758,"North America",3.51022514793259,FALSE,7478355,33523655703.09
"Honduras",2006,"HND",4665.767,"North America",4.08250902680894,FALSE,7656832,35724994070.144
"Honduras",2007,"HND",4842.423,"North America",3.78621564257281,FALSE,7834798,37939406035.554
"Honduras",2008,"HND",4936.869,"North America",1.95038723382901,FALSE,8012587,39557092370.103
"Honduras",2009,"HND",4714.679,"North America",-4.50062580149483,FALSE,8189899,38612744827.421
"Honduras",2010,"HND",4790.1094,"North America",1.59990531698977,FALSE,8365878,40073470847.0532
"Honduras",2011,"HND",4874.8735,"North America",1.76956501244,FALSE,8540583,41634261741.2505
"Honduras",2012,"HND",4978.074,"North America",2.11698826646476,FALSE,8715076,43384293243.624
"Honduras",2013,"HND",5020.937,"North America",0.861035814252667,FALSE,8889278,44632504813.486
"Honduras",2014,"HND",5079.7036,"North America",1.17043093749234,FALSE,9063122,46037973450.6392
"Honduras",2015,"HND",5180.1865,"North America",1.97812525911945,FALSE,9237305,47850962657.3825
"Honduras",2016,"HND",5287.253,"North America",2.06684643496909,FALSE,9412380,49765634392.14
"Honduras",2017,"HND",5447.6987,"North America",3.03457579956927,FALSE,9588137,52233281470.3219
"Honduras",2018,"HND",5561.2627,"North America",2.08462336582602,FALSE,9765210,54306898130.667
"Honduras",2019,"HND",5613.6606,"North America",0.942194296989422,FALSE,9943633,55820180792.9598
"Honduras",2020,"HND",5028.145,"North America",-10.4301923775014,FALSE,10119640,50883017267.8
"Honduras",2021,"HND",5572.177,"North America",10.8197357077013,FALSE,10289877,57337015952.229
"Hungary",1991,"HUN",16429.701,"Europe",NA,FALSE,10373400,170431860353.4
"Hungary",1992,"HUN",15932.5,"Europe",-3.02623279632417,FALSE,10369341,165209525482.5
"Hungary",1993,"HUN",15858.785,"Europe",-0.462670641769968,FALSE,10357523,164257730389.555
"Hungary",1994,"HUN",16348.531,"Europe",3.08816848201171,FALSE,10343355,169098659861.505
"Hungary",1995,"HUN",16615.162,"Europe",1.6309171753719,FALSE,10328965,171617426767.33
"Hungary",1996,"HUN",16657.443,"Europe",0.254472390940269,FALSE,10311238,171758859244.434
"Hungary",1997,"HUN",17215.654,"Europe",3.3511205771498,FALSE,10290486,177157446467.844
"Hungary",1998,"HUN",17928.734,"Europe",4.14204421162276,FALSE,10266570,184066602622.38
"Hungary",1999,"HUN",18531.75,"Europe",3.36340535812512,FALSE,10237530,189719346577.5
"Hungary",2000,"HUN",19412.184,"Europe",4.75094904690599,FALSE,10210971,198217247870.664
"Hungary",2001,"HUN",20249.447,"Europe",4.31307986777788,FALSE,10187576,206292780270.472
"Hungary",2002,"HUN",21270.012,"Europe",5.03996479508798,FALSE,10158608,216073714063.296
"Hungary",2003,"HUN",22200.104,"Europe",4.37278549725313,FALSE,10129552,224877107873.408
"Hungary",2004,"HUN",23362.812,"Europe",5.23739888786108,FALSE,10107146,236131351854.552
"Hungary",2005,"HUN",24414.582,"Europe",4.50189814479523,FALSE,10087065,246271475581.83
"Hungary",2006,"HUN",25417.547,"Europe",4.10805722580055,FALSE,10071370,255989520329.39
"Hungary",2007,"HUN",25527.564,"Europe",0.432838778659482,FALSE,10055780,256699567519.92
"Hungary",2008,"HUN",25829.033,"Europe",1.18095482984589,FALSE,10038188,259276689112.204
"Hungary",2009,"HUN",24162.268,"Europe",-6.45306775518851,FALSE,10022650,242169955370.2
"Hungary",2010,"HUN",24477.576,"Europe",1.30496027939099,FALSE,10000023,244776322984.248
"Hungary",2011,"HUN",25005.287,"Europe",2.15589566548583,FALSE,9971727,249345895520.649
"Hungary",2012,"HUN",24820.516,"Europe",-0.738927731563331,FALSE,9920362,246228503746.792
"Hungary",2013,"HUN",25337.588,"Europe",2.08324436123729,FALSE,9872734,250151266525.592
"Hungary",2014,"HUN",26481.166,"Europe",4.51336567632247,FALSE,9833038,260390311562.308
"Hungary",2015,"HUN",27528.307,"Europe",3.95428584979981,FALSE,9797755,269715607550.785
"Hungary",2016,"HUN",28217.354,"Europe",2.50304895248371,FALSE,9759755,275394461788.27
"Hungary",2017,"HUN",29501.121,"Europe",4.5495654907969,FALSE,9726756,286950205693.476
"Hungary",2018,"HUN",31122.502,"Europe",5.49599793173962,FALSE,9706964,302105006503.928
"Hungary",2019,"HUN",32649.143,"Europe",4.90526436467094,FALSE,9694824,316527695135.832
"Hungary",2020,"HUN",31231.596,"Europe",-4.34175867954635,FALSE,9670419,302022619358.724
"Hungary",2021,"HUN",33593.152,"Europe",7.56143233922468,FALSE,9630932,323533362577.664
"Iceland",1995,"ISL",33666.18,"Europe",NA,FALSE,267468,9004625832.24
"Iceland",1996,"ISL",35014.2,"Europe",4.00407768270709,FALSE,268916,9415878607.2
"Iceland",1997,"ISL",36732.934,"Europe",4.90867705102503,FALSE,271128,9959326929.552
"Iceland",1998,"ISL",39017.438,"Europe",6.21922550482899,FALSE,274047,10692611831.586
"Iceland",1999,"ISL",40103.867,"Europe",2.78447036937688,FALSE,277381,11124050732.327
"Iceland",2000,"ISL",41530.516,"Europe",3.55738512697542,FALSE,281205,11678588751.78
"Iceland",2001,"ISL",42626.92,"Europe",2.63999609347496,FALSE,284968,12147308138.56
"Iceland",2002,"ISL",42484.516,"Europe",-0.334070582627117,FALSE,287523,12215275493.868
"Iceland",2003,"ISL",43095.355,"Europe",1.43779206523148,FALSE,289521,12477010274.955
"Iceland",2004,"ISL",46051.742,"Europe",6.86010592092812,FALSE,292074,13450516492.908
"Iceland",2005,"ISL",48104.652,"Europe",4.4578335386314,FALSE,296734,14274285806.568
"Iceland",2006,"ISL",49956.848,"Europe",3.85034694773386,FALSE,303782,15175991199.136
"Iceland",2007,"ISL",52827.01,"Europe",5.74528240852987,FALSE,311566,16459100197.66
"Iceland",2008,"ISL",52999.438,"Europe",0.326401210289963,FALSE,317414,16822763613.332
"Iceland",2009,"ISL",48770.95,"Europe",-7.97836384604683,FALSE,318499,15533498804.05
"Iceland",2010,"ISL",47457.62,"Europe",-2.69285302008674,FALSE,318041,15093468922.42
"Iceland",2011,"ISL",48186.168,"Europe",1.53515494455895,FALSE,319014,15372062198.352
"Iceland",2012,"ISL",48440.254,"Europe",0.527300697577784,FALSE,320716,15535564501.864
"Iceland",2013,"ISL",50168.688,"Europe",3.568176995934,FALSE,323764,16242815101.632
"Iceland",2014,"ISL",50450.742,"Europe",0.562211234226409,FALSE,327386,16516866620.412
"Iceland",2015,"ISL",52142.934,"Europe",3.35414690233892,FALSE,330815,17249664711.21
"Iceland",2016,"ISL",54665.766,"Europe",4.83830081368264,FALSE,335439,18337029881.274
"Iceland",2017,"ISL",55638.492,"Europe",1.77940614606954,FALSE,343400,19106258152.8
"Iceland",2018,"ISL",56816.363,"Europe",2.11700741278178,FALSE,352721,20040324373.723
"Iceland",2019,"ISL",56923.17,"Europe",0.187986337668254,FALSE,360563,20524388944.71
"Iceland",2020,"ISL",52174.574,"Europe",-8.34211446762364,FALSE,366463,19120050911.762
"Iceland",2021,"ISL",53586.156,"Europe",2.70549789251754,FALSE,372520,19961914833.12
"India",1990,"IND",1819.0216,"Asia",NA,FALSE,864972221,1573403153398.97
"India",1991,"IND",1800.0109,"Asia",-1.04510578653932,FALSE,883927600,1591079314810.84
"India",1992,"IND",1859.7148,"Asia",3.31686324788366,FALSE,902957070,1679242626843.64
"India",1993,"IND",1908.5782,"Asia",2.62746739446285,FALSE,922118387,1759935051247.36
"India",1994,"IND",1994.944,"Asia",4.5251381368602,FALSE,941163767,1877569009994.05
"India",1995,"IND",2103.727,"Asia",5.45293501972987,FALSE,960301044,2020211234390.99
"India",1996,"IND",2218.8245,"Asia",5.47112339196104,FALSE,979678458,2173734564732.62
"India",1997,"IND",2264.7957,"Asia",2.07187184024694,FALSE,999133762,2262833847902.42
"India",1998,"IND",2359.8926,"Asia",4.1989173681317,FALSE,1018665080,2403940184170.41
"India",1999,"IND",2521.5767,"Asia",6.85133298015342,FALSE,1038225823,2617966044615.12
"India",2000,"IND",2571.1497,"Asia",1.96595249313653,FALSE,1057922733,2720077717576.13
"India",2001,"IND",2646.8782,"Asia",2.94531664181203,FALSE,1077898575,2853066239978.56
"India",2002,"IND",2699.1782,"Asia",1.97591260527212,FALSE,1097600380,2962619018007.72
"India",2003,"IND",2861.5747,"Asia",6.01651643452071,FALSE,1116803006,3195815226853.55
"India",2004,"IND",3037.0637,"Asia",6.13260244438141,FALSE,1135991513,3450078587640.38
"India",2005,"IND",3225.5444,"Asia",6.20601734497699,FALSE,1154676322,3724459744239.7
"India",2006,"IND",3432.8193,"Asia",6.42604392610438,FALSE,1172878890,4026281290154.58
"India",2007,"IND",3642.0024,"Asia",6.09362397840165,FALSE,1190676021,4336444926104.45
"India",2008,"IND",3701.3955,"Asia",1.63078146241749,FALSE,1207930964,4471030234460.26
"India",2009,"IND",3937.2375,"Asia",6.37170494209549,FALSE,1225524753,4825182014689.84
"India",2010,"IND",4213.363,"Asia",7.01317865635487,FALSE,1243481564,5239239212939.73
"India",2011,"IND",4374.2324,"Asia",3.81807596449676,FALSE,1261224954,5516891057475.31
"India",2012,"IND",4551.8623,"Asia",4.06082447745575,FALSE,1278674502,5820350259625.07
"India",2013,"IND",4780.12,"Asia",5.01460028788657,FALSE,1295829511,6194220562121.32
"India",2014,"IND",5071.047,"Asia",6.08618612085052,FALSE,1312277191,6654619312588.98
"India",2015,"IND",5411.8755,"Asia",6.72106766117531,FALSE,1328024498,7187103244126
"India",2016,"IND",5789.678,"Asia",6.98099023157498,FALSE,1343944296,7781004723776.69
"India",2017,"IND",6112.0664,"Asia",5.56833039764905,FALSE,1359657400,8310316310051.36
"India",2018,"IND",6436.1533,"Asia",5.30241130888238,FALSE,1374659064,8847516471138.51
"India",2019,"IND",6608.624,"Asia",2.67971709126319,FALSE,1389030312,9179579056610.69
"India",2020,"IND",6114.0317,"Asia",-7.48404357699879,FALSE,1402617695,8575649050210.93
"India",2021,"IND",6592.042,"Asia",7.81825027174787,FALSE,1414203896,9322491478995.63
"Indonesia",1990,"IDN",4519.7227,"Asia",NA,FALSE,183501098,829374078105.525
"Indonesia",1991,"IDN",4742.622,"Asia",4.93170300027477,FALSE,186778238,885818580660.036
"Indonesia",1992,"IDN",4965.134,"Asia",4.69175068137414,FALSE,190043744,943592654821.696
"Indonesia",1993,"IDN",5200.023,"Asia",4.73076859557064,FALSE,193305168,1005191319618.86
"Indonesia",1994,"IDN",5500.5527,"Asia",5.77939174499805,FALSE,196591828,1081363710303.34
"Indonesia",1995,"IDN",5856.212,"Asia",6.46588296481552,FALSE,199888057,1170586838060.08
"Indonesia",1996,"IDN",6212.6714,"Asia",6.08685956041208,FALSE,203204348,1262441841175.25
"Indonesia",1997,"IDN",6401.2153,"Asia",3.03482814172338,FALSE,206536095,1322082011316.25
"Indonesia",1998,"IDN",5474.5977,"Asia",-14.4756512095445,FALSE,209826788,1148717250983.19
"Indonesia",1999,"IDN",5435.7554,"Asia",-0.709500535537072,FALSE,213004668,1157841274306.21
"Indonesia",2000,"IDN",5621.262,"Asia",3.41271058664633,FALSE,216077790,1214629869970.98
"Indonesia",2001,"IDN",5744.494,"Asia",2.19224793293748,FALSE,219097902,1258606583451.59
"Indonesia",2002,"IDN",5921.0776,"Asia",3.07396265014812,FALSE,222088495,1315003212962.21
"Indonesia",2003,"IDN",6121.666,"Asia",3.38770091444166,FALSE,225048008,1377668738941.33
"Indonesia",2004,"IDN",6348.2944,"Asia",3.70207064547461,FALSE,227926649,1446945469457.47
"Indonesia",2005,"IDN",6625.6147,"Asia",4.36842217021316,FALSE,230871650,1529666598053.26
"Indonesia",2006,"IDN",6899.851,"Asia",4.13903180938064,FALSE,233951652,1614231540003.85
"Indonesia",2007,"IDN",7242.018,"Asia",4.9590491156983,FALSE,237062337,1716809711676.07
"Indonesia",2008,"IDN",7578.205,"Asia",4.64217294129896,FALSE,240157903,1819965821304.11
"Indonesia",2009,"IDN",7828.809,"Asia",3.30690447144146,FALSE,243220028,1904123144186.65
"Indonesia",2010,"IDN",8212.635,"Asia",4.90273807931705,FALSE,246305322,2022815708143.47
"Indonesia",2011,"IDN",8610.529,"Asia",4.84490057088864,FALSE,249470032,2148068945166.93
"Indonesia",2012,"IDN",9015.801,"Asia",4.70670268923081,FALSE,252698525,2278279614393.52
"Indonesia",2013,"IDN",9402.108,"Asia",4.28477735921634,FALSE,255852467,2405552526800.44
"Indonesia",2014,"IDN",9759.025,"Asia",3.79613805755049,FALSE,258877399,2526391008775.98
"Indonesia",2015,"IDN",10121.841,"Asia",3.7177484431078,FALSE,261799249,2649890372297.41
"Indonesia",2016,"IDN",10519.295,"Asia",3.92669673431938,FALSE,264627418,2783693875030.31
"Indonesia",2017,"IDN",10941.921,"Asia",4.01762665653925,FALSE,267346658,2925286011450.02
"Indonesia",2018,"IDN",11397.432,"Asia",4.16298929593808,FALSE,269951846,3076757808059.47
"Indonesia",2019,"IDN",11857.789,"Asia",4.03912916523652,FALSE,272489381,3231121584638.61
"Indonesia",2020,"IDN",11515.74,"Asia",-2.8845934094459,FALSE,274814866,3164696544990.84
"Indonesia",2021,"IDN",11858.146,"Asia",2.97337383442142,FALSE,276758053,3281837399149.74
"Iraq",1990,"IRQ",7449.4717,"Asia",NA,FALSE,17581206,130970696548.87
"Iraq",1991,"IRQ",2650.087,"Asia",-64.4258397545158,FALSE,17767253,47084766201.011
"Iraq",1992,"IRQ",3410.7405,"Asia",28.7029633366754,FALSE,18300845,62419433225.7225
"Iraq",1993,"IRQ",4234.2407,"Asia",24.1443229116962,FALSE,19201195,81302481357.6365
"Iraq",1994,"IRQ",4190.641,"Asia",-1.02969347018937,FALSE,20139807,84398700946.287
"Iraq",1995,"IRQ",4136.3257,"Asia",-1.29610959278066,FALSE,20825860,86142539942.602
"Iraq",1996,"IRQ",4445.653,"Asia",7.47831100437763,FALSE,21501321,95587412207.613
"Iraq",1997,"IRQ",5222.93,"Asia",17.4839781692363,FALSE,22176593,115826792877.49
"Iraq",1998,"IRQ",6822.681,"Asia",30.62937852891,FALSE,22884399,156132954253.719
"Iraq",1999,"IRQ",7763.8726,"Asia",13.7950403954105,FALSE,23636527,183510984334.46
"Iraq",2000,"IRQ",8779.793,"Asia",13.0852275963415,FALSE,24424056,214438155900.408
"Iraq",2001,"IRQ",8654.454,"Asia",-1.42758491003148,FALSE,25197840,218073547179.36
"Iraq",2002,"IRQ",7693.858,"Asia",-11.0994408197213,FALSE,26006559,200090772014.622
"Iraq",2003,"IRQ",4726.974,"Asia",-38.5617202708966,FALSE,26802659,126695472223.866
"Iraq",2004,"IRQ",7044.687,"Asia",49.0316426534184,FALSE,27577878,194277518634.186
"Iraq",2005,"IRQ",6952.889,"Asia",-1.30308131503926,FALSE,28407448,197513832717.272
"Iraq",2006,"IRQ",7292.887,"Asia",4.89002485154012,FALSE,28616515,208697010228.805
"Iraq",2007,"IRQ",7493.8438,"Asia",2.75551780796823,FALSE,28391607,212762268088.987
"Iraq",2008,"IRQ",7955.6963,"Asia",6.16309216373045,FALSE,28971036,230484763912.367
"Iraq",2009,"IRQ",7933.8213,"Asia",-0.27496021938394,FALSE,30058206,238476435002.588
"Iraq",2010,"IRQ",8178.305,"Asia",3.08153777045622,FALSE,31045366,253898471984.63
"Iraq",2011,"IRQ",8493.082,"Asia",3.84892713098863,FALSE,32161424,273149611268.768
"Iraq",2012,"IRQ",9251.982,"Asia",8.93550774618683,FALSE,33654842,311373992396.844
"Iraq",2013,"IRQ",9503.875,"Asia",2.72258419871548,FALSE,35281989,335315613207.375
"Iraq",2014,"IRQ",9194.864,"Asia",-3.25142113085452,FALSE,36550059,336072821696.976
"Iraq",2015,"IRQ",9371.214,"Asia",1.91791852495045,FALSE,37560535,351987811439.49
"Iraq",2016,"IRQ",10404.204,"Asia",11.0230115329775,FALSE,38469627,400245847111.908
"Iraq",2017,"IRQ",9976.8545,"Asia",-4.10746944216011,FALSE,39337353,392463047296.138
"Iraq",2018,"IRQ",9995.05,"Asia",0.182377120965328,FALSE,40265624,402456925161.2
"Iraq",2019,"IRQ",10299.316,"Asia",3.044166862597,FALSE,41192171,424251185855.036
"Iraq",2020,"IRQ",8919.798,"Asia",-13.3942681242133,FALSE,42116605,375671609045.79
"Iraq",2021,"IRQ",8962.395,"Asia",0.47755565765054,FALSE,43071211,386021206110.345
"Ireland",1990,"IRL",26706.256,"Europe",NA,FALSE,3513974,93845089221.344
"Ireland",1991,"IRL",27065.535,"Europe",1.34529901907627,FALSE,3534235,95655961090.725
"Ireland",1992,"IRL",27780.229,"Europe",2.64060547851723,FALSE,3558430,98854000280.47
"Ireland",1993,"IRL",28386.002,"Europe",2.18059037598287,FALSE,3576261,101515751898.522
"Ireland",1994,"IRL",29901.75,"Europe",5.33977275137231,FALSE,3590386,107358824575.5
"Ireland",1995,"IRL",32614.967,"Europe",9.07377327413947,FALSE,3608841,117702230123.247
"Ireland",1996,"IRL",34745.805,"Europe",6.53331337112805,FALSE,3637510,126388213145.55
"Ireland",1997,"IRL",38190.5,"Europe",9.91398817785341,FALSE,3674171,140318427575.5
"Ireland",1998,"IRL",41107.3,"Europe",7.63750147287939,FALSE,3712696,152618908280.8
"Ireland",1999,"IRL",44926.527,"Europe",9.2908729106509,FALSE,3754786,168689494608.222
"Ireland",2000,"IRL",48500.348,"Europe",7.95481253202589,FALSE,3805174,184552263200.552
"Ireland",2001,"IRL",50266.957,"Europe",3.64246664786818,FALSE,3866243,194344270632.551
"Ireland",2002,"IRL",52342.86,"Europe",4.12975665107398,FALSE,3931947,205809351348.42
"Ireland",2003,"IRL",53049.168,"Europe",1.34938748092863,FALSE,3996521,212012113944.528
"Ireland",2004,"IRL",55623.887,"Europe",4.85345783368366,FALSE,4070262,226403793548.394
"Ireland",2005,"IRL",57548.996,"Europe",3.46093936225636,FALSE,4159914,239398874146.344
"Ireland",2006,"IRL",58812.305,"Europe",2.19518860068384,FALSE,4273591,251339737337.255
"Ireland",2007,"IRL",60170.418,"Europe",2.30923273624456,FALSE,4398942,264686178897.756
"Ireland",2008,"IRL",56312.504,"Europe",-6.41164566947166,FALSE,4489544,252817464458.176
"Ireland",2009,"IRL",52902.887,"Europe",-6.05481333239949,FALSE,4535375,239934431127.625
"Ireland",2010,"IRL",53500.914,"Europe",1.1304241297833,FALSE,4560155,243972460481.67
"Ireland",2011,"IRL",53712.285,"Europe",0.39507923173052,FALSE,4580084,246006777131.94
"Ireland",2012,"IRL",53482.2,"Europe",-0.428365689525229,FALSE,4599533,245993143812.6
"Ireland",2013,"IRL",53800.207,"Europe",0.594603438153264,FALSE,4623816,248762257929.912
"Ireland",2014,"IRL",58027.84,"Europe",7.85802366894238,FALSE,4657740,270278591481.6
"Ireland",2015,"IRL",71490.805,"Europe",23.2008722020327,FALSE,4701957,336146691005.385
"Ireland",2016,"IRL",72106.8,"Europe",0.86164227693339,FALSE,4762722,343424642709.6
"Ireland",2017,"IRL",77749.2,"Europe",7.82505949508229,FALSE,4827445,375329986794
"Ireland",2018,"IRL",83340.39,"Europe",7.19131515179578,FALSE,4898022,408203063708.58
"Ireland",2019,"IRL",86681.27,"Europe",4.00871654188324,FALSE,4976456,431365526179.12
"Ireland",2020,"IRL",91099.75,"Europe",5.09738724409552,FALSE,5039747,459119691763.25
"Ireland",2021,"IRL",102496.22,"Europe",12.5098806528009,FALSE,5110585,523815644488.7
"Israel",1995,"ISR",26668.62,"Asia",NA,FALSE,5545000,147877497900
"Israel",1996,"ISR",27520.047,"Asia",3.19261739077612,FALSE,5692000,156644107524
"Israel",1997,"ISR",27858.4,"Asia",1.22947827814394,FALSE,5836000,162581622400
"Israel",1998,"ISR",28349.146,"Asia",1.76157281107314,FALSE,5971000,169272750766
"Israel",1999,"ISR",28556.795,"Asia",0.732470036310786,FALSE,6125000,174910369375
"Israel",2000,"ISR",30223.883,"Asia",5.83779797417744,FALSE,6289000,190078000187
"Israel",2001,"ISR",29618.418,"Asia",-2.00326675430817,FALSE,6439000,190712993502
"Israel",2002,"ISR",28994.697,"Asia",-2.10585521481938,FALSE,6570000,190495159290
"Israel",2003,"ISR",28872.818,"Asia",-0.420349279732086,FALSE,6689700,193150490574.6
"Israel",2004,"ISR",29724.146,"Asia",2.94854489090743,FALSE,6809000,202391710114
"Israel",2005,"ISR",30412.078,"Asia",2.31438777080425,FALSE,6930100,210758741747.8
"Israel",2006,"ISR",31547.232,"Asia",3.73257624816035,FALSE,7053700,222524710358.4
"Israel",2007,"ISR",32861.67,"Asia",4.16657157116034,FALSE,7180100,235950076767
"Israel",2008,"ISR",33332.59,"Asia",1.43303733498632,FALSE,7308800,243621233792
"Israel",2009,"ISR",32832.73,"Asia",-1.49961344137972,FALSE,7485600,245772683688
"Israel",2010,"ISR",34065.844,"Asia",3.75574617157938,FALSE,7623600,259704368318.4
"Israel",2011,"ISR",35301.82,"Asia",3.62819720538849,FALSE,7765800,274146873756
"Israel",2012,"ISR",35552.85,"Asia",0.711096481711138,FALSE,7910500,281240819925
"Israel",2013,"ISR",36436.383,"Asia",2.48512566503108,FALSE,8059500,293659028788.5
"Israel",2014,"ISR",37144.48,"Asia",1.94337895723624,FALSE,8215700,305167904336
"Israel",2015,"ISR",37321.016,"Asia",0.475268465193213,FALSE,8380100,312753846181.6
"Israel",2016,"ISR",38251.297,"Asia",2.49264650244247,FALSE,8546000,326895584162
"Israel",2017,"ISR",39121.297,"Asia",2.27443268132843,FALSE,8713300,340875597150.1
"Israel",2018,"ISR",39936.77,"Asia",2.08447332408227,FALSE,8882800,354750340556
"Israel",2019,"ISR",40810.055,"Asia",2.1866690771437,FALSE,9054000,369494237970
"Israel",2020,"ISR",39351.895,"Asia",-3.57304100668329,FALSE,9215100,362631647614.5
"Israel",2021,"ISR",42061.242,"Asia",6.88492129794512,FALSE,9371400,394172723278.8
"Italy",1990,"ITA",36585.68,"Europe",NA,FALSE,56719240,2075111964483.2
"Italy",1991,"ITA",37122.82,"Europe",1.46817005997975,FALSE,56758521,2107036358549.22
"Italy",1992,"ITA",37407.11,"Europe",0.765809278497703,FALSE,56797087,2124614881088.57
"Italy",1993,"ITA",37065.434,"Europe",-0.913398549099354,FALSE,56831821,2106496110375.31
"Italy",1994,"ITA",37855.008,"Europe",2.13021652464666,FALSE,56843400,2151807361747.2
"Italy",1995,"ITA",38947.203,"Europe",2.88520610007532,FALSE,56844303,2213926608334.51
"Italy",1996,"ITA",39429.496,"Europe",1.23832512439981,FALSE,56860281,2241972222248.38
"Italy",1997,"ITA",40129.902,"Europe",1.77635037485643,FALSE,56890372,2283005053103.54
"Italy",1998,"ITA",40844.746,"Europe",1.78132505780851,FALSE,56906744,2324341504367.02
"Italy",1999,"ITA",41501.79,"Europe",1.60863774253854,FALSE,56916317,2362129035707.43
"Italy",2000,"ITA",43053.934,"Europe",3.7399447108185,FALSE,56942108,2451581759652.87
"Italy",2001,"ITA",43869.43,"Europe",1.89412656227884,FALSE,56976981,2499547679590.83
"Italy",2002,"ITA",43915.387,"Europe",0.104758598413524,FALSE,57089824,2507121714721.89
"Italy",2003,"ITA",43781.22,"Europe",-0.305512507495383,FALSE,57399184,2513006302524.48
"Italy",2004,"ITA",44118.035,"Europe",0.769313874761832,FALSE,57828179,2551265625108.27
"Italy",2005,"ITA",44260.83,"Europe",0.323665820565214,FALSE,58166682,2574505623666.06
"Italy",2006,"ITA",44918.17,"Europe",1.48515063996766,FALSE,58399861,2623214884374.37
"Italy",2007,"ITA",45356.535,"Europe",0.975919099108457,FALSE,58756247,2664979773524.15
"Italy",2008,"ITA",44623.6,"Europe",-1.61594134119814,FALSE,59211181,2642216056471.6
"Italy",2009,"ITA",42074.92,"Europe",-5.71150691562312,FALSE,59555454,2505790962613.68
"Italy",2010,"ITA",42664.355,"Europe",1.40091769633788,FALSE,59819407,2552156416137.49
"Italy",2011,"ITA",42892.305,"Europe",0.534286759989685,FALSE,60026841,2574689572358.5
"Italy",2012,"ITA",41501.71,"Europe",-3.24206171713085,FALSE,60191247,2498039677532.37
"Italy",2013,"ITA",40268.113,"Europe",-2.97240041434438,FALSE,60311613,2428634847496.27
"Italy",2014,"ITA",39898.527,"Europe",-0.917813059678251,FALSE,60320707,2406707356898.59
"Italy",2015,"ITA",40247.83,"Europe",0.875478435582346,FALSE,60229605,2424110903007.15
"Italy",2016,"ITA",40837.74,"Europe",1.46569392685269,FALSE,60115223,2454969846916.02
"Italy",2017,"ITA",41581.12,"Europe",1.82032600236939,FALSE,60002252,2494960840682.24
"Italy",2018,"ITA",42045.92,"Europe",1.11781500834993,FALSE,60148658,2529005662375.36
"Italy",2019,"ITA",42739.05,"Europe",1.64850715598566,FALSE,59729081,2552764179313.05
"Italy",2020,"ITA",39065.28,"Europe",-8.59581577035522,FALSE,59438851,2321995357193.28
"Italy",2021,"ITA",41929.43,"Europe",7.3317022174166,FALSE,59133173,2479420237981.39
"Jamaica",1990,"JAM",8692.502,"North America",NA,FALSE,2379877,20687085582.254
"Jamaica",1991,"JAM",9038.113,"North America",3.97596687351926,FALSE,2400869,21699325320.197
"Jamaica",1992,"JAM",9128.912,"North America",1.00462342084018,FALSE,2424701,22134882055.312
"Jamaica",1993,"JAM",9889.122,"North America",8.32749839192227,FALSE,2449916,24227518213.752
"Jamaica",1994,"JAM",9924.545,"North America",0.358201668459553,FALSE,2475220,24565432274.9
"Jamaica",1995,"JAM",10055.8,"North America",1.32252914365343,FALSE,2500151,25141018425.8
"Jamaica",1996,"JAM",9951.085,"North America",-1.04133932655781,FALSE,2524463,25121145892.355
"Jamaica",1997,"JAM",9752.657,"North America",-1.99403381641298,FALSE,2547848,24848287632.136
"Jamaica",1998,"JAM",9445.078,"North America",-3.15379696015147,FALSE,2569736,24271356959.408
"Jamaica",1999,"JAM",9471.599,"North America",0.280791752063886,FALSE,2589795,24529499732.205
"Jamaica",2000,"JAM",9496.543,"North America",0.263355743840079,FALSE,2607826,24765331745.518
"Jamaica",2001,"JAM",9575.876,"North America",0.83538820389694,FALSE,2624403,25130957702.028
"Jamaica",2002,"JAM",9719.603,"North America",1.50092795687829,FALSE,2640572,25665311532.916
"Jamaica",2003,"JAM",10027.369,"North America",3.16644620155784,FALSE,2656623,26638939114.887
"Jamaica",2004,"JAM",10110.535,"North America",0.829390042392967,FALSE,2672225,27017624390.375
"Jamaica",2005,"JAM",10151.977,"North America",0.409889288746846,FALSE,2687066,27279032229.482
"Jamaica",2006,"JAM",10396.593,"North America",2.40954052594879,FALSE,2700968,28080865002.024
"Jamaica",2007,"JAM",10500.334,"North America",0.997836502785095,FALSE,2713800,28495806409.2
"Jamaica",2008,"JAM",10376.103,"North America",-1.18311474663569,FALSE,2725635,28281469500.405
"Jamaica",2009,"JAM",9885.024,"North America",-4.73278840813357,FALSE,2736995,27055261262.88
"Jamaica",2010,"JAM",9700.027,"North America",-1.87148761601388,FALSE,2748568,26661183811.336
"Jamaica",2011,"JAM",9823.773,"North America",1.27572840776628,FALSE,2760494,27118466423.862
"Jamaica",2012,"JAM",9715.208,"North America",-1.10512529147405,FALSE,2772430,26934734115.44
"Jamaica",2013,"JAM",9718.625,"North America",0.0351716607611434,FALSE,2783687,27053610070.375
"Jamaica",2014,"JAM",9745.554,"North America",0.277086522013146,FALSE,2793749,27226631741.946
"Jamaica",2015,"JAM",9800.507,"North America",0.563877641024815,FALSE,2802534,27466254084.738
"Jamaica",2016,"JAM",9906.04,"North America",1.07681163841831,FALSE,2809915,27835130386.6
"Jamaica",2017,"JAM",9984.577,"North America",0.792819330428692,FALSE,2815764,28114212471.828
"Jamaica",2018,"JAM",10160.764,"North America",1.76459152951597,FALSE,2820097,28654340074.108
"Jamaica",2019,"JAM",10244.366,"North America",0.822792459307201,FALSE,2823271,28922621441.186
"Jamaica",2020,"JAM",9198.148,"North America",-10.2126183308953,FALSE,2830739,26037556271.372
"Jamaica",2021,"JAM",9596.564,"North America",4.33148064153785,FALSE,2837682,27231996924.648
"Japan",1990,"JPN",32846.39,"Asia",NA,FALSE,123478000,4055806544420
"Japan",1991,"JPN",33870.375,"Asia",3.11749632151357,FALSE,123964000,4198707166500
"Japan",1992,"JPN",34048.785,"Asia",0.526743503725611,FALSE,124425000,4236520073625
"Japan",1993,"JPN",33782.734,"Asia",-0.781381773240974,FALSE,124829000,4217064902486
"Japan",1994,"JPN",34053.523,"Asia",0.801560347365623,FALSE,125178000,4262751902094
"Japan",1995,"JPN",34867.582,"Asia",2.3905279932417,FALSE,125472000,4374905248704
"Japan",1996,"JPN",35878.79,"Asia",2.90013801358522,FALSE,125757000,4512008994030
"Japan",1997,"JPN",36144.617,"Asia",0.740902912277692,FALSE,126057000,4556281985169
"Japan",1998,"JPN",35588.625,"Asia",-1.53824288690069,FALSE,126400000,4498402200000
"Japan",1999,"JPN",35405.082,"Asia",-0.515735013645506,FALSE,126631000,4483380938742
"Japan",2000,"JPN",36323.094,"Asia",2.59288200490538,FALSE,126843000,4607330212242
"Japan",2001,"JPN",36375.586,"Asia",0.144514120961187,FALSE,127149000,4625119384314
"Japan",2002,"JPN",36306.332,"Asia",-0.190385936325537,FALSE,127445000,4627060481740
"Japan",2003,"JPN",36784.883,"Asia",1.31809239225819,FALSE,127718000,4698091686994
"Japan",2004,"JPN",37576.39,"Asia",2.15171813921495,FALSE,127761000,4800797162790
"Japan",2005,"JPN",38250.637,"Asia",1.79433681628279,FALSE,127773000,4887398641401
"Japan",2006,"JPN",38751.004,"Asia",1.30812723458696,FALSE,127854000,4954470865416
"Japan",2007,"JPN",39280.895,"Asia",1.36742521561505,FALSE,128001000,5027993840895
"Japan",2008,"JPN",38781.2,"Asia",-1.27210696192131,FALSE,128063000,4966436815600
"Japan",2009,"JPN",36577.863,"Asia",-5.68145647891246,FALSE,128047000,4683685623561
"Japan",2010,"JPN",38069.957,"Asia",4.07922682634577,FALSE,128070000,4875619392990
"Japan",2011,"JPN",38149.617,"Asia",0.209246361901581,FALSE,127833000,4876779989961
"Japan",2012,"JPN",38735.895,"Asia",1.53678607048663,FALSE,127629000,4943823542955
"Japan",2013,"JPN",39569.637,"Asia",2.15237572282764,FALSE,127445000,5042952387465
"Japan",2014,"JPN",39739.543,"Asia",0.429384783085059,FALSE,127276000,5057890074868
"Japan",2015,"JPN",40402.582,"Asia",1.6684615623285,FALSE,127141000,5136824678062
"Japan",2016,"JPN",40727.97,"Asia",0.805364370029616,FALSE,127076000,5175547515720
"Japan",2017,"JPN",41444.215,"Asia",1.75860716848887,FALSE,126972000,5262254866980
"Japan",2018,"JPN",41739.203,"Asia",0.71177123272815,FALSE,126811000,5292990071633
"Japan",2019,"JPN",41697.41,"Asia",-0.10012888842175,FALSE,126633000,5280268120530
"Japan",2020,"JPN",39935.465,"Asia",-4.22555022002567,FALSE,126261000,5042291746365
"Japan",2021,"JPN",40784.383,"Asia",2.12572459091188,FALSE,125681593,5125846224962.12
"Jordan",1990,"JOR",8127.6265,"Asia",NA,FALSE,3621908,29437515441.362
"Jordan",1991,"JOR",7839.8735,"Asia",-3.54043089947601,FALSE,3915149,30694272893.6515
"Jordan",1992,"JOR",8500.025,"Asia",8.42043561034499,FALSE,4127693,35085493692.325
"Jordan",1993,"JOR",8426.271,"Asia",-0.86769156561303,FALSE,4348020,36637594833.42
"Jordan",1994,"JOR",8426.701,"Asia",0.00510308771220949,FALSE,4561406,38437604501.606
"Jordan",1995,"JOR",8587.847,"Asia",1.9123260692411,FALSE,4752096,40810273377.312
"Jordan",1996,"JOR",8480.817,"Asia",-1.24629607397524,FALSE,4912516,41662149205.572
"Jordan",1997,"JOR",8530.064,"Asia",0.580686978624833,FALSE,5046285,43045134012.24
"Jordan",1998,"JOR",8586.143,"Asia",0.657427658221553,FALSE,5164284,44341280916.612
"Jordan",1999,"JOR",8686.438,"Asia",1.168103070261,FALSE,5276444,45833503666.472
"Jordan",2000,"JOR",8866.478,"Asia",2.07265624874084,FALSE,5386945,47763229329.71
"Jordan",2001,"JOR",9140.067,"Asia",3.08565588275299,FALSE,5498894,50260259585.898
"Jordan",2002,"JOR",9463.036,"Asia",3.53355177812155,FALSE,5616066,53145034736.376
"Jordan",2003,"JOR",9636.589,"Asia",1.83400971950228,FALSE,5741828,55331636544.692
"Jordan",2004,"JOR",10204.413,"Asia",5.89237540378655,FALSE,5882061,60022979735.193
"Jordan",2005,"JOR",10751.771,"Asia",5.36393421160041,FALSE,6029587,64828738648.577
"Jordan",2006,"JOR",10862.462,"Asia",1.02951411446541,FALSE,6427371,69817073247.402
"Jordan",2007,"JOR",11028.3125,"Asia",1.52682237231302,FALSE,6827227,75292792864.4375
"Jordan",2008,"JOR",11540.403,"Asia",4.64341666052717,FALSE,6989866,80665870555.998
"Jordan",2009,"JOR",11856.289,"Asia",2.73721810234877,FALSE,7141753,84674687534.617
"Jordan",2010,"JOR",11866.881,"Asia",0.0893365537901339,FALSE,7297043,86593140932.883
"Jordan",2011,"JOR",11885.238,"Asia",0.154691026226689,FALSE,7480424,88906619580.912
"Jordan",2012,"JOR",12001.99,"Asia",0.982327825492434,FALSE,7587127,91060622382.73
"Jordan",2013,"JOR",11542.293,"Asia",-3.83017316295048,FALSE,7991809,92243801078.037
"Jordan",2014,"JOR",10605.35,"Asia",-8.1174771771952,FALSE,8791710,93239161648.5
"Jordan",2015,"JOR",9912.713,"Asia",-6.53101500657688,FALSE,9544729,94614159239.777
"Jordan",2016,"JOR",9633.101,"Asia",-2.82074140550623,FALSE,10006367,96392343954.067
"Jordan",2017,"JOR",9629.103,"Asia",-0.0415027310520404,FALSE,10234226,98546416279.278
"Jordan",2018,"JOR",9584.507,"Asia",-0.463137635977095,FALSE,10462306,100276045093.142
"Jordan",2019,"JOR",9551.165,"Asia",-0.347873917771657,FALSE,10671891,101928991803.015
"Jordan",2020,"JOR",9203.376,"Asia",-3.64132542993447,FALSE,10865228,99996778609.728
"Jordan",2021,"JOR",9223.147,"Asia",0.214823343086283,FALSE,11066356,102066628142.332
"Kazakhstan",1990,"KAZ",13475.64,"Asia",NA,FALSE,17154054,231161856244.56
"Kazakhstan",1991,"KAZ",11917.714,"Asia",-11.5610538720239,FALSE,17278600,205921413120.4
"Kazakhstan",1992,"KAZ",11294.736,"Asia",-5.22732799259992,FALSE,17332625,195767423562
"Kazakhstan",1993,"KAZ",10292.198,"Asia",-8.87615257231334,FALSE,17274487,177792440552.426
"Kazakhstan",1994,"KAZ",9126.256,"Asia",-11.3284062354805,FALSE,17043771,155545817351.376
"Kazakhstan",1995,"KAZ",8552.452,"Asia",-6.287397592178,FALSE,16730536,143087106074.272
"Kazakhstan",1996,"KAZ",8726.538,"Asia",2.03550981636613,FALSE,16416027,143255083424.526
"Kazakhstan",1997,"KAZ",9016.003,"Asia",3.31706571380312,FALSE,16043251,144645999145.753
"Kazakhstan",1998,"KAZ",8998.901,"Asia",-0.189684941320458,FALSE,15647785,140812868084.285
"Kazakhstan",1999,"KAZ",9330.564,"Asia",3.68559449648352,FALSE,15455874,144212021532.936
"Kazakhstan",2000,"KAZ",10275.762,"Asia",10.1301271820224,FALSE,15501103,159285645165.486
"Kazakhstan",2001,"KAZ",11682.842,"Asia",13.6931937504975,FALSE,15575550,181966689713.1
"Kazakhstan",2002,"KAZ",12827.231,"Asia",9.79546757544097,FALSE,15656677,200831812571.387
"Kazakhstan",2003,"KAZ",13973.078,"Asia",8.93292558620017,FALSE,15747380,220039369035.64
"Kazakhstan",2004,"KAZ",15208.44,"Asia",8.84101555863355,FALSE,15850159,241056192141.96
"Kazakhstan",2005,"KAZ",16536.016,"Asia",8.72920562529753,FALSE,15968117,264049038201.872
"Kazakhstan",2006,"KAZ",18112.78,"Asia",9.53533184776792,FALSE,16103716,291683065090.48
"Kazakhstan",2007,"KAZ",19500.479,"Asia",7.66143573763939,FALSE,16257214,317023460205.506
"Kazakhstan",2008,"KAZ",19770.217,"Asia",1.3832378168762,FALSE,16426525,324755963805.925
"Kazakhstan",2009,"KAZ",19614.734,"Asia",-0.786450649479468,FALSE,16619846,325993858410.964
"Kazakhstan",2010,"KAZ",20751.258,"Asia",5.79423610842748,FALSE,16836810,349384988206.98
"Kazakhstan",2011,"KAZ",21970.084,"Asia",5.87350415092905,FALSE,17066002,374941497484.168
"Kazakhstan",2012,"KAZ",22702.578,"Asia",3.33405188619216,FALSE,17306106,392893221341.268
"Kazakhstan",2013,"KAZ",23720.816,"Asia",4.4851205885076,FALSE,17556502,416454553545.632
"Kazakhstan",2014,"KAZ",24355.756,"Asia",2.67672073338456,FALSE,17816285,433929090286.46
"Kazakhstan",2015,"KAZ",24290.418,"Asia",-0.268265127964,FALSE,18084169,439272024192.642
"Kazakhstan",2016,"KAZ",24210.863,"Asia",-0.32751597769952,FALSE,18363600,444598603786.8
"Kazakhstan",2017,"KAZ",24862.967,"Asia",2.69343558715771,FALSE,18651931,463742344939.277
"Kazakhstan",2018,"KAZ",25544.346,"Asia",2.74053776445909,FALSE,18932727,483624129211.542
"Kazakhstan",2019,"KAZ",26351.805,"Asia",3.16100870227799,FALSE,19209555,506206447496.775
"Kazakhstan",2020,"KAZ",25361.508,"Asia",-3.7579854586811,FALSE,19482117,494095866152.436
"Kazakhstan",2021,"KAZ",26110.53,"Asia",2.95338116329675,FALSE,19743603,515515938439.59
"Kenya",1990,"KEN",3655.362,"Africa",NA,FALSE,22892651,83680926544.662
"Kenya",1991,"KEN",3590.7449,"Africa",-1.76773463202824,FALSE,23646514,84908599548.2786
"Kenya",1992,"KEN",3455.4915,"Africa",-3.76672260956216,FALSE,24382460,84253383279.09
"Kenya",1993,"KEN",3367.1677,"Africa",-2.55604159350414,FALSE,25117188,84573784148.4276
"Kenya",1994,"KEN",3357.7104,"Africa",-0.280868101698648,FALSE,25857130,86820754315.152
"Kenya",1995,"KEN",3408.5422,"Africa",1.51388279346545,FALSE,26601751,90673190877.3922
"Kenya",1996,"KEN",3455.1006,"Africa",1.3659329199445,FALSE,27344211,94476999832.6266
"Kenya",1997,"KEN",3379.8965,"Africa",-2.1766110080847,FALSE,28101768,94981067307.012
"Kenya",1998,"KEN",3398.472,"Africa",0.549587835012119,FALSE,28888057,98175252848.904
"Kenya",1999,"KEN",3380.7764,"Africa",-0.520692829012568,FALSE,29733408,100522004057.971
"Kenya",2000,"KEN",3303.3264,"Africa",-2.29089389052764,FALSE,30642890,101223467509.296
"Kenya",2001,"KEN",3325.9119,"Africa",0.683719901248636,FALSE,31619170,105162573771.123
"Kenya",2002,"KEN",3244.1763,"Africa",-2.4575395397575,FALSE,32629808,105856849787.15
"Kenya",2003,"KEN",3241.6746,"Africa",-0.0771135650057075,FALSE,33652223,109089556532.636
"Kenya",2004,"KEN",3306.79,"Africa",2.00869636946287,FALSE,34713455,114790105859.45
"Kenya",2005,"KEN",3399.404,"Africa",2.80072215048431,FALSE,35796484,121686710895.536
"Kenya",2006,"KEN",3513.3484,"Africa",3.35189344955762,FALSE,36904008,129656637460.387
"Kenya",2007,"KEN",3644.335,"Africa",3.72825535890492,FALSE,38036349,138617197932.915
"Kenya",2008,"KEN",3545.5935,"Africa",-2.7094517929883,FALSE,39206351,139009783264.319
"Kenya",2009,"KEN",3555.9883,"Africa",0.293175176454944,FALSE,40408891,143693543611.975
"Kenya",2010,"KEN",3735.793,"Africa",5.05639177721704,FALSE,41598567,155403635408.631
"Kenya",2011,"KEN",3824.1975,"Africa",2.36641858903853,FALSE,42758461,163516799660.048
"Kenya",2012,"KEN",3899.167,"Africa",1.9603982273405,FALSE,43888303,171127822743.601
"Kenya",2013,"KEN",3950.8813,"Africa",1.32629097445685,FALSE,44986791,177737471308.908
"Kenya",2014,"KEN",4055.1133,"Africa",2.63819619182181,FALSE,46051440,186743806828.152
"Kenya",2015,"KEN",4163.925,"Africa",2.68332083347709,FALSE,47088526,196073090624.55
"Kenya",2016,"KEN",4244.8574,"Africa",1.9436565259941,FALSE,48139687,204346106595.634
"Kenya",2017,"KEN",4312.9087,"Africa",1.60314690429884,FALSE,49197766,212185473001.964
"Kenya",2018,"KEN",4464.813,"Africa",3.52208475917888,FALSE,50207107,224165344025.991
"Kenya",2019,"KEN",4601.2114,"Africa",3.05496333217091,FALSE,51202827,235595031304.628
"Kenya",2020,"KEN",4498.383,"Africa",-2.23481146725839,FALSE,52217334,234893567570.922
"Kenya",2021,"KEN",4743.4863,"Africa",5.44869789877829,FALSE,53219166,252444384818.426
"Kiribati",1990,"KIR",2045.2368,"Oceania",NA,TRUE,74855,153096200.664
"Kiribati",1991,"KIR",2005.5131,"Oceania",-1.94225431500157,TRUE,76367,153155018.9077
"Kiribati",1992,"KIR",1989.6298,"Oceania",-0.791981862397207,TRUE,77641,154476847.3018
"Kiribati",1993,"KIR",1976.6847,"Oceania",-0.650628574220185,TRUE,78841,155843798.4327
"Kiribati",1994,"KIR",1981.4297,"Oceania",0.24004840023297,TRUE,80021,158555986.0237
"Kiribati",1995,"KIR",1951.8351,"Oceania",-1.49359828410768,TRUE,81234,158555372.5134
"Kiribati",1996,"KIR",1952.5427,"Oceania",0.036253062566605,TRUE,82623,161324935.5021
"Kiribati",1997,"KIR",1950.3318,"Oceania",-0.113231838668626,TRUE,84147,164114569.9746
"Kiribati",1998,"KIR",2041.9646,"Oceania",4.69831851175272,TRUE,85657,174908561.7422
"Kiribati",1999,"KIR",1976.3684,"Oceania",-3.21240632673064,TRUE,87126,172193073.2184
"Kiribati",2000,"KIR",2063.556,"Oceania",4.41150546628857,TRUE,88613,182857887.828
"Kiribati",2001,"KIR",1994.9175,"Oceania",-3.32622424591337,TRUE,90335,180210872.3625
"Kiribati",2002,"KIR",2028.5942,"Oceania",1.68812494752289,TRUE,92264,187166215.2688
"Kiribati",2003,"KIR",2027.5582,"Oceania",-0.0510698492581739,TRUE,94175,190945293.485
"Kiribati",2004,"KIR",1954.683,"Oceania",-3.59423468090829,TRUE,96085,187815716.055
"Kiribati",2005,"KIR",2010.9288,"Oceania",2.87748959805758,TRUE,98035,197141404.908
"Kiribati",2006,"KIR",1971.3988,"Oceania",-1.96575831028925,TRUE,100017,197173393.7796
"Kiribati",2007,"KIR",1973.7498,"Oceania",0.11925542411815,TRUE,102068,201456694.5864
"Kiribati",2008,"KIR",1895.8898,"Oceania",-3.9447755738848,TRUE,104222,197593426.7356
"Kiribati",2009,"KIR",1874.5094,"Oceania",-1.1277237738185,TRUE,106467,199573392.2898
"Kiribati",2010,"KIR",1819.2013,"Oceania",-2.95053735126642,TRUE,108704,197754458.1152
"Kiribati",2011,"KIR",1819.6566,"Oceania",0.0250274667240002,TRUE,110647,201339543.8202
"Kiribati",2012,"KIR",1883.1735,"Oceania",3.49059817110548,TRUE,112284,211450253.274
"Kiribati",2013,"KIR",1932.2354,"Oceania",2.6052777399427,TRUE,113838,219961813.4652
"Kiribati",2014,"KIR",1883.2306,"Oceania",-2.5361713174285,TRUE,115326,217185452.1756
"Kiribati",2015,"KIR",2038.4865,"Oceania",8.24412581231421,TRUE,116815,238125800.4975
"Kiribati",2016,"KIR",1997.8229,"Oceania",-1.9947936863943,TRUE,118478,236698061.5462
"Kiribati",2017,"KIR",1962.3196,"Oceania",-1.77709946161894,TRUE,120275,236017989.89
"Kiribati",2018,"KIR",2033.7283,"Oceania",3.6389943819549,TRUE,122084,248285685.7772
"Kiribati",2019,"KIR",1990.518,"Oceania",-2.12468401015022,TRUE,123921,246666981.078
"Kiribati",2020,"KIR",1944.8469,"Oceania",-2.29443290640929,TRUE,126099,245243249.2431
"Kiribati",2021,"KIR",1937.0894,"Oceania",-0.398874584935191,TRUE,128377,248677725.9038
"Kuwait",1992,"KWT",41446.965,"Asia",NA,FALSE,1634961,67764171343.365
"Kuwait",1993,"KWT",54426.324,"Asia",31.3155836621572,FALSE,1672151,91009032102.924
"Kuwait",1994,"KWT",59468.75,"Asia",9.26468228866605,FALSE,1664361,98977468218.75
"Kuwait",1995,"KWT",61826.117,"Asia",3.96404330005255,FALSE,1681513,103961419475.021
"Kuwait",1996,"KWT",60443.918,"Asia",-2.23562317523515,FALSE,1730246,104582847343.828
"Kuwait",1997,"KWT",59894.152,"Asia",-0.909547259990651,FALSE,1787683,107071757329.816
"Kuwait",1998,"KWT",60105.805,"Asia",0.353378406626407,FALSE,1844302,110853256373.11
"Kuwait",1999,"KWT",57210.535,"Asia",-4.81695570003596,FALSE,1900030,108701732816.05
"Kuwait",2000,"KWT",58117.18,"Asia",1.58475182936149,FALSE,1954709,113602174800.62
"Kuwait",2001,"KWT",56580.99,"Asia",-2.64326314525241,FALSE,2008121,113621474219.79
"Kuwait",2002,"KWT",56701.06,"Asia",0.212209082944642,FALSE,2059974,116802709372.44
"Kuwait",2003,"KWT",64811.184,"Asia",14.3033022663068,FALSE,2109881,136743885709.104
"Kuwait",2004,"KWT",69723.62,"Asia",7.579611568275,FALSE,2157320,150416159898.4
"Kuwait",2005,"KWT",74294.34,"Asia",6.55548291956155,FALSE,2236788,166180688179.92
"Kuwait",2006,"KWT",75551.11,"Asia",1.69160934736079,FALSE,2364733,178658203003.63
"Kuwait",2007,"KWT",75498.23,"Asia",-0.069992353520689,FALSE,2507887,189341029540.01
"Kuwait",2008,"KWT",73162.9,"Asia",-3.09322483454248,FALSE,2651421,193985649480.9
"Kuwait",2009,"KWT",64468.793,"Asia",-11.8832181337809,FALSE,2795484,180221479330.812
"Kuwait",2010,"KWT",59780.03,"Asia",-7.2729188523818,FALSE,2943372,175954866461.16
"Kuwait",2011,"KWT",61356.938,"Asia",2.63785080067709,FALSE,3132814,192219874363.532
"Kuwait",2012,"KWT",60588.156,"Asia",-1.25296669791442,FALSE,3337109,202189280681.004
"Kuwait",2013,"KWT",57051.742,"Asia",-5.83680744467616,FALSE,3507844,200128610864.248
"Kuwait",2014,"KWT",55583.562,"Asia",-2.573418354167,FALSE,3665876,203762445930.312
"Kuwait",2015,"KWT",53808.125,"Asia",-3.19417636458779,FALSE,3834574,206331237113.75
"Kuwait",2016,"KWT",53476.12,"Asia",-0.617016482176246,FALSE,4004096,214123518187.52
"Kuwait",2017,"KWT",50007.3,"Asia",-6.48667105990487,FALSE,4154812,207770930127.6
"Kuwait",2018,"KWT",48943.008,"Asia",-2.12827327210228,FALSE,4323515,211605829233.12
"Kuwait",2019,"KWT",47314.797,"Asia",-3.32674894031851,FALSE,4442316,210187279749.852
"Kuwait",2020,"KWT",43922.63,"Asia",-7.16935761131978,FALSE,4400267,193271299342.21
"Latvia",1995,"LVA",9599.146,"Europe",NA,FALSE,2485056,23854415362.176
"Latvia",1996,"LVA",9959.121,"Europe",3.75007318359361,FALSE,2457222,24471771221.862
"Latvia",1997,"LVA",10947.781,"Europe",9.92718132453659,FALSE,2432851,26634319953.631
"Latvia",1998,"LVA",11751.714,"Europe",7.34334199779845,FALSE,2410019,28321854022.566
"Latvia",1999,"LVA",12174.304,"Europe",3.59598608339175,FALSE,2390482,29102454574.528
"Latvia",2000,"LVA",12989.898,"Europe",6.69930699939807,FALSE,2367550,30754233009.9
"Latvia",2001,"LVA",13990.844,"Europe",7.70557243790521,FALSE,2337170,32698980871.48
"Latvia",2002,"LVA",15157.621,"Europe",8.33957551095559,FALSE,2310173,35016726778.433
"Latvia",2003,"LVA",16593.918,"Europe",9.47574160879206,FALSE,2287955,37966137657.69
"Latvia",2004,"LVA",18165.75,"Europe",9.47233799757235,FALSE,2263122,41111308471.5
"Latvia",2005,"LVA",20331.7,"Europe",11.9232621829542,FALSE,2238799,45518589628.3
"Latvia",2006,"LVA",22975.562,"Europe",13.0036445550544,FALSE,2218357,50967998791.634
"Latvia",2007,"LVA",25466.783,"Europe",10.8429164866566,FALSE,2200325,56035199304.475
"Latvia",2008,"LVA",24899.646,"Europe",-2.22696757576329,FALSE,2177322,54214547028.012
"Latvia",2009,"LVA",21704.324,"Europe",-12.8328009161255,FALSE,2141669,46483477876.756
"Latvia",2010,"LVA",21173.402,"Europe",-2.44615773336227,FALSE,2097555,44412375232.11
"Latvia",2011,"LVA",22117.406,"Europe",4.45844271978589,FALSE,2059709,45555420194.854
"Latvia",2012,"LVA",23970.453,"Europe",8.37822934570176,FALSE,2034319,48763547976.507
"Latvia",2013,"LVA",24715.066,"Europe",3.10637850690597,FALSE,2012647,49742703439.702
"Latvia",2014,"LVA",25423.488,"Europe",2.86635690149483,FALSE,1993782,50688892751.616
"Latvia",2015,"LVA",26628.355,"Europe",4.73918842292607,FALSE,1977527,52658290978.085
"Latvia",2016,"LVA",27509.336,"Europe",3.30843193280246,FALSE,1959537,53905561737.432
"Latvia",2017,"LVA",28673.562,"Europe",4.23211232724775,FALSE,1942248,55691168447.376
"Latvia",2018,"LVA",30051.402,"Europe",4.8052627713292,FALSE,1927174,57914280597.948
"Latvia",2019,"LVA",31038.68,"Europe",3.28529763769425,FALSE,1913822,59402508634.96
"Latvia",2020,"LVA",30568.502,"Europe",-1.5148131299398,FALSE,1900449,58093879057.398
"Latvia",2021,"LVA",32081.455,"Europe",4.94938548182702,FALSE,1884490,60457181132.95
"Lebanon",1990,"LBN",5862.8364,"Asia",NA,FALSE,3595175,21077922854.37
"Lebanon",1991,"LBN",8587.337,"Asia",46.4706912169679,FALSE,3668912,31506183767.344
"Lebanon",1992,"LBN",9788.923,"Asia",13.9925334245064,FALSE,3747371,36682726171.433
"Lebanon",1993,"LBN",10634.392,"Asia",8.63699714462969,FALSE,3820647,40630257891.624
"Lebanon",1994,"LBN",11291.289,"Asia",6.17709973452174,FALSE,3889799,43920844660.911
"Lebanon",1995,"LBN",11802.424,"Asia",4.52680823243476,FALSE,3960735,46746273821.64
"Lebanon",1996,"LBN",12891.55,"Asia",9.22798570869847,FALSE,4034781,52014581000.55
"Lebanon",1997,"LBN",12795.047,"Asia",-0.748575617361751,FALSE,4108405,52567235070.035
"Lebanon",1998,"LBN",13037.974,"Asia",1.89860185742186,FALSE,4181281,54515432964.694
"Lebanon",1999,"LBN",12752.0625,"Asia",-2.19291356157023,FALSE,4255277,54263558258.8125
"Lebanon",2000,"LBN",12711.946,"Asia",-0.314588326398181,FALSE,4329340,55034336295.64
"Lebanon",2001,"LBN",12993.862,"Asia",2.21772496516268,FALSE,4401918,57197915027.316
"Lebanon",2002,"LBN",13264.989,"Asia",2.08657749328106,FALSE,4463504,59208331461.456
"Lebanon",2003,"LBN",13516.334,"Asia",1.89479991276285,FALSE,4525508,61168277647.672
"Lebanon",2004,"LBN",14198.552,"Asia",5.04735973526549,FALSE,4599279,65303102044.008
"Lebanon",2005,"LBN",14365.587,"Asia",1.17642277888618,FALSE,4671102,67103122166.874
"Lebanon",2006,"LBN",14350.748,"Asia",-0.103295465754375,FALSE,4751136,68182355449.728
"Lebanon",2007,"LBN",15394.186,"Asia",7.27096594546849,FALSE,4844118,74571253497.948
"Lebanon",2008,"LBN",16522.334,"Asia",7.32840307373186,FALSE,4925354,81378343856.236
"Lebanon",2009,"LBN",17979.258,"Asia",8.8179067194744,FALSE,4992287,89757615983.046
"Lebanon",2010,"LBN",19239.564,"Asia",7.00977760038816,FALSE,5041288,96992183118.432
"Lebanon",2011,"LBN",19216.969,"Asia",-0.117440291266463,FALSE,5096020,97930058363.38
"Lebanon",2012,"LBN",19202.547,"Asia",-0.0750482555287585,FALSE,5235742,100539581834.874
"Lebanon",2013,"LBN",18180.367,"Asia",-5.32314801781243,FALSE,5743436,104417774321.012
"Lebanon",2014,"LBN",16863.637,"Asia",-7.24259306756569,FALSE,6346990,107033335402.63
"Lebanon",2015,"LBN",16611.72,"Asia",-1.49384738298149,FALSE,6472469,107518842736.68
"Lebanon",2016,"LBN",17248.19,"Asia",3.83145152940212,FALSE,6323060,109061340261.4
"Lebanon",2017,"LBN",17808.076,"Asia",3.2460565427445,FALSE,6160128,109700027593.728
"Lebanon",2018,"LBN",17970.94,"Asia",0.914551352992865,FALSE,5984119,107540243501.86
"Lebanon",2019,"LBN",17172.197,"Asia",-4.44463673018773,FALSE,5794594,99505909703.018
"Lebanon",2020,"LBN",13780.958,"Asia",-19.7484282296552,FALSE,5702398,78584507337.284
"Lebanon",2021,"LBN",12977.202,"Asia",-5.83236666130178,FALSE,5718122,74205224254.644
"Lesotho",1990,"LSO",1265.919,"Africa",NA,TRUE,1809696,2290928550.624
"Lesotho",1991,"LSO",1331.5271,"Africa",5.18264596708004,TRUE,1842379,2453177566.9709
"Lesotho",1992,"LSO",1401.9321,"Africa",5.28753789539845,TRUE,1873274,2626202952.6954
"Lesotho",1993,"LSO",1430.3787,"Africa",2.02909969748178,TRUE,1901793,2720284199.0091
"Lesotho",1994,"LSO",1495.9482,"Africa",4.58406574426759,TRUE,1927707,2883749816.7774
"Lesotho",1995,"LSO",1526.4547,"Africa",2.03927515672,TRUE,1951437,2978780180.4039
"Lesotho",1996,"LSO",1594.5616,"Africa",4.4617701396576,TRUE,1972418,3145142001.9488
"Lesotho",1997,"LSO",1638.9636,"Africa",2.7845898208009,TRUE,1988130,3258472702.068
"Lesotho",1998,"LSO",1653.2196,"Africa",0.869817975213108,TRUE,1998049,3303213768.5604
"Lesotho",1999,"LSO",1653.9227,"Africa",0.0425291352703644,TRUE,2003234,3313194186.0118
"Lesotho",2000,"LSO",1714.2501,"Africa",3.6475344343481,TRUE,2003913,3435208060.6413
"Lesotho",2001,"LSO",1774.5562,"Africa",3.51792891830661,TRUE,2000853,3550626096.4386
"Lesotho",2002,"LSO",1789.136,"Africa",0.821602606894049,TRUE,1994679,3568752007.344
"Lesotho",2003,"LSO",1874.9442,"Africa",4.7960691641105,TRUE,1985059,3721874858.7078
"Lesotho",2004,"LSO",1914.0182,"Africa",2.08400868676519,TRUE,1971129,3772776780.5478
"Lesotho",2005,"LSO",1988.3322,"Africa",3.88261720813313,TRUE,1953076,3883363899.8472
"Lesotho",2006,"LSO",2073.1157,"Africa",4.26405104740545,TRUE,1945063,4032340642.7891
"Lesotho",2007,"LSO",2152.6562,"Africa",3.83676125746383,TRUE,1953268,4204714470.4616
"Lesotho",2008,"LSO",2258.3767,"Africa",4.91116509919233,TRUE,1966541,4441190373.9947
"Lesotho",2009,"LSO",2214.3115,"Africa",-1.951189099675,TRUE,1980883,4386292007.0545
"Lesotho",2010,"LSO",2315.2769,"Africa",4.55967464378883,TRUE,1996251,4621873826.9019
"Lesotho",2011,"LSO",2404.3628,"Africa",3.84774279050597,TRUE,2014009,4842408318.4652
"Lesotho",2012,"LSO",2535.471,"Africa",5.45292915029296,TRUE,2034354,5158045570.734
"Lesotho",2013,"LSO",2557.0002,"Africa",0.8491203409544,TRUE,2056504,5258481139.3008
"Lesotho",2014,"LSO",2574.2964,"Africa",0.676425445723478,TRUE,2080089,5354765624.3796
"Lesotho",2015,"LSO",2625.637,"Africa",1.99435465162442,TRUE,2104611,5525944512.207
"Lesotho",2016,"LSO",2688.1345,"Africa",2.38027952835826,TRUE,2130422,5726860877.759
"Lesotho",2017,"LSO",2571.694,"Africa",-4.33164709578335,TRUE,2157110,5547426844.34
"Lesotho",2018,"LSO",2541.4526,"Africa",-1.17593306202059,TRUE,2183603,5549523521.7178
"Lesotho",2019,"LSO",2533.1191,"Africa",-0.327903026796572,TRUE,2209405,5596686005.1355
"Lesotho",2020,"LSO",2292.1953,"Africa",-9.51095430135914,TRUE,2235727,5124722921.4831
"Lesotho",2021,"LSO",2295.2322,"Africa",0.132488710713265,TRUE,2261542,5190764020.0524
"Liberia",2000,"LBR",1725.1449,"Africa",NA,TRUE,2928117,5051426109.1533
"Liberia",2001,"LBR",1724.0597,"Africa",-0.0629048609192182,TRUE,3015338,5198622727.6786
"Liberia",2002,"LBR",1742.7892,"Africa",1.08636029251191,TRUE,3094782,5393552645.9544
"Liberia",2003,"LBR",1207.7261,"Africa",-30.7015386599825,TRUE,3119532,3767540216.1852
"Liberia",2004,"LBR",1224.5718,"Africa",1.39482785045383,TRUE,3156892,3865840918.8456
"Liberia",2005,"LBR",1232.4569,"Africa",0.643906710900901,TRUE,3301015,4068358713.7535
"Liberia",2006,"LBR",1258.7299,"Africa",2.13175811665302,TRUE,3490787,4393957971.4313
"Liberia",2007,"LBR",1311.4453,"Africa",4.18798345856407,TRUE,3669050,4811758377.965
"Liberia",2008,"LBR",1349.0282,"Africa",2.86576191931146,TRUE,3821003,5154640799.2846
"Liberia",2009,"LBR",1376.4531,"Africa",2.03293748788943,TRUE,3943028,5427393113.9868
"Liberia",2010,"LBR",1418.6758,"Africa",3.06750008409295,TRUE,4058890,5758249017.862
"Liberia",2011,"LBR",1475.8392,"Africa",4.02934905917193,TRUE,4221178,6229779962.5776
"Liberia",2012,"LBR",1538.4072,"Africa",4.23948625297392,TRUE,4373043,6727520837.1096
"Liberia",2013,"LBR",1635.9583,"Africa",6.34104546572584,TRUE,4470239,7313124595.0337
"Liberia",2014,"LBR",1613.8655,"Africa",-1.35045006954027,TRUE,4564293,7366155004.5915
"Liberia",2015,"LBR",1581.055,"Africa",-2.03303806915756,TRUE,4659431,7366816679.705
"Liberia",2016,"LBR",1525.458,"Africa",-3.51644945937997,TRUE,4755608,7254480268.464
"Liberia",2017,"LBR",1533.4113,"Africa",0.521371286525089,TRUE,4848925,7435396387.8525
"Liberia",2018,"LBR",1521.7335,"Africa",-0.761556928659645,TRUE,4944726,7524555202.521
"Liberia",2019,"LBR",1455.6377,"Africa",-4.34345435649541,TRUE,5043721,7341830435.8817
"Liberia",2020,"LBR",1383.8281,"Africa",-4.93320556344481,TRUE,5149463,7125971599.3103
"Liberia",2021,"LBR",1423.2296,"Africa",2.84728283809239,TRUE,5259323,7485224169.5608
"Libya",1999,"LBY",26668.443,"Africa",NA,FALSE,5218038,139156948974.834
"Libya",2000,"LBY",27130.469,"Africa",1.73248209503645,FALSE,5305021,143927707784.849
"Libya",2001,"LBY",26040.312,"Africa",-4.01820182319738,FALSE,5403639,140712445495.368
"Libya",2002,"LBY",25173.154,"Africa",-3.33005994705441,FALSE,5508410,138664053225.14
"Libya",2003,"LBY",27744.88,"Africa",10.2161453427727,FALSE,5619398,155909523182.24
"Libya",2004,"LBY",28244.262,"Africa",1.79990686569918,FALSE,5736693,162028660105.566
"Libya",2005,"LBY",30782.932,"Africa",8.98826813035512,FALSE,5858798,180350980435.736
"Libya",2006,"LBY",32040.953,"Africa",4.08674846177746,FALSE,5980211,191611659581.083
"Libya",2007,"LBY",33345.95,"Africa",4.07290319985175,FALSE,6104380,203556350261
"Libya",2008,"LBY",32590.658,"Africa",-2.26501869042567,FALSE,6235430,203216766612.94
"Libya",2009,"LBY",30510.861,"Africa",-6.38157413084449,FALSE,6366686,194253071576.646
"Libya",2010,"LBY",31394.162,"Africa",2.89503793419661,FALSE,6497839,203994210215.918
"Libya",2011,"LBY",16356.362,"Africa",-47.8999885392705,FALSE,6343203,103751724507.486
"Libya",2012,"LBY",32214.906,"Africa",96.9564258849248,FALSE,6179328,199066470663.168
"Libya",2013,"LBY",25907.758,"Africa",-19.5783529525121,FALSE,6304628,163338776504.024
"Libya",2014,"LBY",19569.9,"Africa",-24.463166592802,FALSE,6427252,125780678914.8
"Libya",2015,"LBY",19108.943,"Africa",-2.35543870944666,FALSE,6531819,124816156957.317
"Libya",2016,"LBY",18554.48,"Africa",-2.90158906225216,FALSE,6632126,123055649224.48
"Libya",2017,"LBY",24212.91,"Africa",30.4963006238925,FALSE,6738770,163165231520.7
"Libya",2018,"LBY",25734.168,"Africa",6.28283837010918,FALSE,6849055,176254732011.24
"Libya",2019,"LBY",22535.445,"Africa",-12.4298675597362,FALSE,6951033,156644621864.685
"Libya",2020,"LBY",16924.15,"Africa",-24.8998633042303,FALSE,7045399,119237389485.85
"Libya",2021,"LBY",21965.174,"Africa",29.7859803889708,FALSE,7135175,156725360395.45
"Lithuania",1995,"LTU",10640.36,"Europe",NA,FALSE,3629102,38614951756.72
"Lithuania",1996,"LTU",11274.64,"Europe",5.96107650493027,FALSE,3601613,40606889994.32
"Lithuania",1997,"LTU",12302.102,"Europe",9.11303598163668,FALSE,3575137,43981700037.974
"Lithuania",1998,"LTU",13317.908,"Europe",8.25717426176436,FALSE,3549331,47269663719.548
"Lithuania",1999,"LTU",13259.617,"Europe",-0.437688862244725,FALSE,3524238,46730046096.846
"Lithuania",2000,"LTU",13846.684,"Europe",4.42748082391821,FALSE,3499536,48456969138.624
"Lithuania",2001,"LTU",14872.379,"Europe",7.40751359675718,FALSE,3470818,51619320736.022
"Lithuania",2002,"LTU",16004.438,"Europe",7.61182188807856,FALSE,3443067,55104352331.346
"Lithuania",2003,"LTU",17839.783,"Europe",11.46772538967,FALSE,3415213,60926658818.779
"Lithuania",2004,"LTU",19226.469,"Europe",7.77299813568361,FALSE,3377075,64929227798.175
"Lithuania",2005,"LTU",21053.186,"Europe",9.50105294945213,FALSE,3322528,69949799974.208
"Lithuania",2006,"LTU",22977.996,"Europe",9.14260672945177,FALSE,3269909,75135955922.364
"Lithuania",2007,"LTU",25835.367,"Europe",12.4352489224909,FALSE,3231294,83481666374.898
"Lithuania",2008,"LTU",26784.88,"Europe",3.67524486878782,FALSE,3198231,85664233547.28
"Lithuania",2009,"LTU",23065.062,"Europe",-13.8877530905496,FALSE,3162916,72952853640.792
"Lithuania",2010,"LTU",23942.76,"Europe",3.80531385521529,FALSE,3097282,74157479578.32
"Lithuania",2011,"LTU",25968.584,"Europe",8.46111308804833,FALSE,3028115,78635858739.16
"Lithuania",2012,"LTU",27330.896,"Europe",5.24600032100326,FALSE,2989139,81695847138.544
"Lithuania",2013,"LTU",28589.027,"Europe",4.60332877487806,FALSE,2961250,84659256203.75
"Lithuania",2014,"LTU",29855.832,"Europe",4.43108819338273,FALSE,2937253,87694132109.496
"Lithuania",2015,"LTU",30748.197,"Europe",2.9889135228253,FALSE,2911109,89511353020.473
"Lithuania",2016,"LTU",31925.803,"Europe",3.82983756738647,FALSE,2877325,91860911116.975
"Lithuania",2017,"LTU",33761.87,"Europe",5.75104406927526,FALSE,2842639,95972808374.93
"Lithuania",2018,"LTU",35446.707,"Europe",4.99035450346796,FALSE,2819200,99931356374.4
"Lithuania",2019,"LTU",37184.453,"Europe",4.90241872115229,FALSE,2811089,104528806799.317
"Lithuania",2020,"LTU",37166.41,"Europe",-0.0485229673810123,FALSE,2810369,104451326505.29
"Lithuania",2021,"LTU",39305.613,"Europe",5.75574288719302,FALSE,2808380,110385097436.94
"Luxembourg",1990,"LUX",70860.82,"Europe",NA,FALSE,381850,27058204117
"Luxembourg",1991,"LUX",75961.67,"Europe",7.19840667945981,FALSE,387000,29397166290
"Luxembourg",1992,"LUX",76323.305,"Europe",0.476075631301938,FALSE,392175,29932092138.375
"Luxembourg",1993,"LUX",78468.92,"Europe",2.8112186703655,FALSE,397475,31189433977
"Luxembourg",1994,"LUX",80365.23,"Europe",2.41663833273097,FALSE,402925,32381160297.75
"Luxembourg",1995,"LUX",80379.125,"Europe",0.0172898155085278,FALSE,408625,32844919953.125
"Luxembourg",1996,"LUX",80401.03,"Europe",0.0272521005920366,FALSE,414225,33304116651.75
"Luxembourg",1997,"LUX",83702.81,"Europe",4.10663893236193,FALSE,419450,35109143654.5
"Luxembourg",1998,"LUX",88185.8,"Europe",5.35584169754875,FALSE,424700,37452509260
"Luxembourg",1999,"LUX",94115.38,"Europe",6.72396236128719,FALSE,430475,40514318205.5
"Luxembourg",2000,"LUX",99301.52,"Europe",5.51040648191613,FALSE,436300,43325253176
"Luxembourg",2001,"LUX",101143.15,"Europe",1.854583897608,FALSE,441525,44657229303.75
"Luxembourg",2002,"LUX",103317.33,"Europe",2.14960677020639,FALSE,446175,46097609712.75
"Luxembourg",2003,"LUX",104743,"Europe",1.37989435073477,FALSE,451630,47305081090
"Luxembourg",2004,"LUX",107634.836,"Europe",2.76088712372187,FALSE,458095,49306980197.42
"Luxembourg",2005,"LUX",108632.36,"Europe",0.926766869417634,FALSE,465158,50531211312.88
"Luxembourg",2006,"LUX",113346.04,"Europe",4.33911221297226,FALSE,472637,53571532307.48
"Luxembourg",2007,"LUX",120647.82,"Europe",6.44202479416133,FALSE,479993,57910109065.26
"Luxembourg",2008,"LUX",118154.664,"Europe",-2.06647413935867,FALSE,488650,57736276563.6
"Luxembourg",2009,"LUX",112230.08,"Europe",-5.01426164607434,FALSE,497783,55866225912.64
"Luxembourg",2010,"LUX",114343.984,"Europe",1.88354494623901,FALSE,506953,57967025720.752
"Luxembourg",2011,"LUX",112998.39,"Europe",-1.17679474942905,FALSE,518347,58572376461.33
"Luxembourg",2012,"LUX",112137.13,"Europe",-0.762187850641053,FALSE,530946,59538760624.98
"Luxembourg",2013,"LUX",113050.664,"Europe",0.814657910363855,FALSE,543360,61427208791.04
"Luxembourg",2014,"LUX",113313.58,"Europe",0.232564755214527,FALSE,556319,63038497512.02
"Luxembourg",2015,"LUX",113182.73,"Europe",-0.115476009142069,FALSE,569604,64469335738.92
"Luxembourg",2016,"LUX",116283.7,"Europe",2.73979077903493,FALSE,582014,67678741371.8
"Luxembourg",2017,"LUX",114985.84,"Europe",-1.11611515629448,FALSE,596336,68570195882.24
"Luxembourg",2018,"LUX",114164.47,"Europe",-0.714322737477932,FALSE,607950,69406289536.5
"Luxembourg",2019,"LUX",114542.5,"Europe",0.331127539067101,FALSE,620001,71016464542.5
"Luxembourg",2020,"LUX",111751.31,"Europe",-2.43681602898488,FALSE,630419,70450149098.89
"Luxembourg",2021,"LUX",115683.49,"Europe",3.51868805833239,FALSE,640064,74044837343.36
"Madagascar",1990,"MDG",1808.7435,"Africa",NA,TRUE,12055639,21805558679.5965
"Madagascar",1991,"MDG",1644.51,"Africa",-9.07997734338783,TRUE,12421412,20427136248.12
"Madagascar",1992,"MDG",1614.0934,"Africa",-1.84958437467696,TRUE,12800870,20661799781.258
"Madagascar",1993,"MDG",1597.7694,"Africa",-1.01134172285198,TRUE,13197345,21086314002.243
"Madagascar",1994,"MDG",1547.646,"Africa",-3.13708599000581,TRUE,13613850,21069420497.1
"Madagascar",1995,"MDG",1524.4937,"Africa",-1.4959687163602,TRUE,14051275,21421080214.4675
"Madagascar",1996,"MDG",1508.5702,"Africa",-1.0445107119826,TRUE,14510711,21890426195.4122
"Madagascar",1997,"MDG",1515.4465,"Africa",0.455815712122638,TRUE,14990814,22717776608.451
"Madagascar",1998,"MDG",1526.0659,"Africa",0.700743972156064,TRUE,15489364,23637790213.0876
"Madagascar",1999,"MDG",1549.0308,"Africa",1.50484327052979,TRUE,16000506,24785276609.5848
"Madagascar",2000,"MDG",1569.6213,"Africa",1.32925052232661,TRUE,16516338,25924395922.7994
"Madagascar",2001,"MDG",1614.3857,"Africa",2.85192358182193,TRUE,17032939,27497733150.5723
"Madagascar",2002,"MDG",1372.8085,"Africa",-14.964032448999,TRUE,17549913,24092669740.6605
"Madagascar",2003,"MDG",1463.5679,"Africa",6.61122072015142,TRUE,18071854,26449385407.8866
"Madagascar",2004,"MDG",1496.0701,"Africa",2.22075108370441,TRUE,18606608,27836789891.2208
"Madagascar",2005,"MDG",1522.0697,"Africa",1.7378597433369,TRUE,19159707,29162409485.5779
"Madagascar",2006,"MDG",1557.967,"Africa",2.35845309843564,TRUE,19730909,30740105102.003
"Madagascar",2007,"MDG",1599.4363,"Africa",2.66175727727224,TRUE,20318583,32498279214.7629
"Madagascar",2008,"MDG",1657.8236,"Africa",3.65049236409102,TRUE,20923840,34688035754.624
"Madagascar",2009,"MDG",1546.3707,"Africa",-6.72284433639381,TRUE,21547280,33320082456.696
"Madagascar",2010,"MDG",1511.9867,"Africa",-2.22352893778963,TRUE,22183340,33540915041.578
"Madagascar",2011,"MDG",1493.4425,"Africa",-1.2264790424413,TRUE,22822300,34083792767.75
"Madagascar",2012,"MDG",1497.0095,"Africa",0.238844146995936,TRUE,23462438,35123492579.161
"Madagascar",2013,"MDG",1491.0741,"Africa",-0.396483789849019,TRUE,24109290,35948737888.389
"Madagascar",2014,"MDG",1500.9106,"Africa",0.659692231257983,TRUE,24764348,37169072415.2888
"Madagascar",2015,"MDG",1508.3744,"Africa",0.497284781651885,TRUE,25426702,38352986373.2288
"Madagascar",2016,"MDG",1528.5618,"Africa",1.33835472148029,TRUE,26099952,39895389609.0336
"Madagascar",2017,"MDG",1548.1564,"Africa",1.28189779438425,TRUE,26788375,41472594201.85
"Madagascar",2018,"MDG",1557.3225,"Africa",0.592065504492951,TRUE,27494926,42818466895.635
"Madagascar",2019,"MDG",1585.4717,"Africa",1.80753825877428,TRUE,28219554,44741304253.6218
"Madagascar",2020,"MDG",1436.2069,"Africa",-9.41453574983396,TRUE,28953556,41583296906.7364
"Madagascar",2021,"MDG",1463.6288,"Africa",1.90932796660426,TRUE,29691083,43456724181.9904
"Malawi",1990,"MWI",939.1763,"Africa",NA,TRUE,9545852,8965237961.7076
"Malawi",1991,"MWI",990.848,"Africa",5.50181046945073,TRUE,9844227,9754132634.496
"Malawi",1992,"MWI",892.42523,"Africa",-9.93318551382249,TRUE,10135079,9044800207.64317
"Malawi",1993,"MWI",965.3835,"Africa",8.17528097003712,TRUE,10284024,9928027083.204
"Malawi",1994,"MWI",877.2543,"Africa",-9.1289316629091,TRUE,10164894,8917196970.5442
"Malawi",1995,"MWI",1025.9307,"Africa",16.9479249061532,TRUE,10150117,10413316638.8919
"Malawi",1996,"MWI",1079.8824,"Africa",5.25880549241777,TRUE,10352228,11179188817.9872
"Malawi",1997,"MWI",1099.2833,"Africa",1.79657525671315,TRUE,10562035,11610668689.5155
"Malawi",1998,"MWI",1118.7153,"Africa",1.76769718961436,TRUE,10792876,12074155512.2028
"Malawi",1999,"MWI",1127.3816,"Africa",0.774665368391749,TRUE,11047804,12455090950.0064
"Malawi",2000,"MWI",1119.1017,"Africa",-0.734436325730347,TRUE,11315942,12663689929.3014
"Malawi",2001,"MWI",1038.5094,"Africa",-7.20151707391741,TRUE,11593058,12039499707.7452
"Malawi",2002,"MWI",1030.5605,"Africa",-0.765414352532569,TRUE,11880440,12243512186.62
"Malawi",2003,"MWI",1062.0123,"Africa",3.05191204203926,TRUE,12181574,12936981421.3602
"Malawi",2004,"MWI",1090.4081,"Africa",2.67377317569674,TRUE,12500737,13630904880.7697
"Malawi",2005,"MWI",1095.6558,"Africa",0.481260181394461,TRUE,12840031,14068254437.3298
"Malawi",2006,"MWI",1115.4382,"Africa",1.80553053249023,TRUE,13198701,14722335285.7782
"Malawi",2007,"MWI",1188.3547,"Africa",6.53702733150075,TRUE,13576343,16133511012.8621
"Malawi",2008,"MWI",1242.8602,"Africa",4.58663562318557,TRUE,13976417,17370732427.9034
"Malawi",2009,"MWI",1307.8082,"Africa",5.22568829543338,TRUE,14395788,18826929591.8616
"Malawi",2010,"MWI",1357.8717,"Africa",3.8280460391669,TRUE,14826463,20132434518.7971
"Malawi",2011,"MWI",1383.5809,"Africa",1.89334529911773,TRUE,15265022,21120392877.2798
"Malawi",2012,"MWI",1370.3029,"Africa",-0.959683672996644,TRUE,15709577,21526878920.8733
"Malawi",2013,"MWI",1401.66,"Africa",2.28833347721881,TRUE,16161816,22653371014.56
"Malawi",2014,"MWI",1440.8076,"Africa",2.79294550746972,TRUE,16621538,23948438274.0888
"Malawi",2015,"MWI",1440.8423,"Africa",0.00240837152718585,TRUE,17085587,24617636469.9301
"Malawi",2016,"MWI",1437.0417,"Africa",-0.26377626475847,TRUE,17557739,25231203100.7163
"Malawi",2017,"MWI",1454.7775,"Africa",1.23418826329117,TRUE,18039715,26243771488.4125
"Malawi",2018,"MWI",1478.4248,"Africa",1.62549255814034,TRUE,18528081,27392374446.8088
"Malawi",2019,"MWI",1517.7031,"Africa",2.65676685077252,TRUE,19025752,28875442790.2312
"Malawi",2020,"MWI",1489.6014,"Africa",-1.85159403047934,TRUE,19533888,29097706912.2432
"Malawi",2021,"MWI",1491.1339,"Africa",0.102879871084978,TRUE,20047258,29893146005.8462
"Malaysia",1990,"MYS",10607.77,"Asia",NA,FALSE,17833171,189170176338.67
"Malaysia",1991,"MYS",11297.592,"Asia",6.50298790414951,FALSE,18342464,207225674546.688
"Malaysia",1992,"MYS",11963.268,"Asia",5.89219366392413,FALSE,18834572,225323032501.296
"Malaysia",1993,"MYS",12785.834,"Asia",6.87576337836786,FALSE,19322664,247056374341.776
"Malaysia",1994,"MYS",13579.714,"Asia",6.20905918221681,FALSE,19820446,269155988032.444
"Malaysia",1995,"MYS",14508.46,"Asia",6.8392162014605,FALSE,20330599,294965682367.54
"Malaysia",1996,"MYS",15533.755,"Asia",7.06687684289029,FALSE,20850087,323880143186.685
"Malaysia",1997,"MYS",16231.799,"Asia",4.49372350729107,FALSE,21375218,346958242157.182
"Malaysia",1998,"MYS",14650.202,"Asia",-9.74381829149068,FALSE,21906713,320937770606.026
"Malaysia",1999,"MYS",15161.407,"Asia",3.48940581160587,FALSE,22435531,340154216752.117
"Malaysia",2000,"MYS",16089.861,"Asia",6.1237984047259,FALSE,22967816,369548966913.576
"Malaysia",2001,"MYS",15762.777,"Asia",-2.03285783512984,FALSE,23526538,370843572076.026
"Malaysia",2002,"MYS",16199.733,"Asia",2.77207499668364,FALSE,24102477,390453692038.641
"Malaysia",2003,"MYS",16723.926,"Asia",3.23581259024454,FALSE,24679602,412739837557.452
"Malaysia",2004,"MYS",17439.764,"Asia",4.28032269456346,FALSE,25256772,440472143081.808
"Malaysia",2005,"MYS",17951.393,"Asia",2.93369222198191,FALSE,25836071,463793464096.903
"Malaysia",2006,"MYS",18535.055,"Asia",3.25134656680961,FALSE,26417909,489657396299.995
"Malaysia",2007,"MYS",19278.424,"Asia",4.01061124447701,FALSE,26998389,520486390458.936
"Malaysia",2008,"MYS",19792.268,"Asia",2.6653838508791,FALSE,27570059,545673996503.812
"Malaysia",2009,"MYS",19110.752,"Asia",-3.4433446434739,FALSE,28124778,537485657413.056
"Malaysia",2010,"MYS",20171.88,"Asia",5.55251828918088,FALSE,28655776,578040874778.88
"Malaysia",2011,"MYS",20900.322,"Asia",3.6111755572609,FALSE,29162039,609496005276.558
"Malaysia",2012,"MYS",21690.457,"Asia",3.78049199433386,FALSE,29662831,643400360303.767
"Malaysia",2013,"MYS",22350.908,"Asia",3.04489204630405,FALSE,30174265,674422220982.62
"Malaysia",2014,"MYS",23328.344,"Asia",4.37313777140509,FALSE,30696137,716090043407.128
"Malaysia",2015,"MYS",24151.26,"Asia",3.5275371453713,FALSE,31232798,754311425025.48
"Malaysia",2016,"MYS",24859.799,"Asia",2.93375583716958,FALSE,31789685,790285179373.315
"Malaysia",2017,"MYS",25935.143,"Asia",4.32563433034998,FALSE,32355644,839148253997.092
"Malaysia",2018,"MYS",26835.81,"Asia",3.47276666259369,FALSE,32910967,883192457328.27
"Malaysia",2019,"MYS",27674.402,"Asia",3.1248991552705,FALSE,33440596,925448496823.592
"Malaysia",2020,"MYS",25830.973,"Asia",-6.66113399668038,FALSE,33889558,875400257679.934
"Malaysia",2021,"MYS",26333.156,"Asia",1.94411182265568,FALSE,34282399,902763760921.244
"Maldives",1995,"MDV",10430.789,"Asia",NA,FALSE,256649,2677051566.061
"Maldives",1996,"MDV",11010.31,"Asia",5.5558692635811,FALSE,262347,2888521797.57
"Maldives",1997,"MDV",11704.314,"Asia",6.30321943705491,FALSE,267707,3133326787.998
"Maldives",1998,"MDV",12362.968,"Asia",5.62744642701828,FALSE,272723,3371665721.864
"Maldives",1999,"MDV",12922.8,"Asia",4.52829773562464,FALSE,277412,3584939793.6
"Maldives",2000,"MDV",13210.965,"Asia",2.22989599777139,FALSE,282019,3725743138.335
"Maldives",2001,"MDV",12477.225,"Asia",-5.5540227379302,FALSE,286767,3578056381.575
"Maldives",2002,"MDV",13156.992,"Asia",5.44806236963748,FALSE,291616,3836789379.072
"Maldives",2003,"MDV",14717.243,"Asia",11.8587212031443,FALSE,296491,4363530094.313
"Maldives",2004,"MDV",15351.695,"Asia",4.31094329284363,FALSE,301413,4627200445.035
"Maldives",2005,"MDV",13124.057,"Asia",-14.5106973529633,FALSE,306429,4021591662.453
"Maldives",2006,"MDV",16162.282,"Asia",23.1500442279396,FALSE,313851,5072548367.982
"Maldives",2007,"MDV",16834.744,"Asia",4.16068720988781,FALSE,324479,5462520898.376
"Maldives",2008,"MDV",17788.326,"Asia",5.66436887902781,FALSE,336170,5979901551.42
"Maldives",2009,"MDV",15927.796,"Asia",-10.4592753697003,FALSE,348275,5547253151.9
"Maldives",2010,"MDV",16492.531,"Asia",3.54559412990974,FALSE,360792,5950373244.552
"Maldives",2011,"MDV",17290.209,"Asia",4.83660148948636,FALSE,373674,6460901557.866
"Maldives",2012,"MDV",17126.34,"Asia",-0.947756039270542,FALSE,386818,6624776586.12
"Maldives",2013,"MDV",17768.61,"Asia",3.75018830643325,FALSE,400070,7108687802.7
"Maldives",2014,"MDV",18338.322,"Asia",3.20628344029161,FALSE,413617,7585041730.674
"Maldives",2015,"MDV",18051.07,"Asia",-1.56640285845128,FALSE,428154,7728637824.78
"Maldives",2016,"MDV",18406.268,"Asia",1.96773930852853,FALSE,443308,8159645854.544
"Maldives",2017,"MDV",18973.568,"Asia",3.08210224908167,FALSE,458287,8695339558.016
"Maldives",2018,"MDV",19789.49,"Asia",4.30030872422099,FALSE,473099,9362387929.51
"Maldives",2019,"MDV",20574.404,"Asia",3.96631747457866,FALSE,487731,10034774637.324
"Maldives",2020,"MDV",13419.335,"Asia",-34.7765553743379,FALSE,502118,6738089651.53
"Maldives",2021,"MDV",18765.217,"Asia",39.8371603361866,FALSE,516154,9685741815.418
"Mali",1990,"MLI",1336.5719,"Africa",NA,TRUE,9178830,12268166252.877
"Mali",1991,"MLI",1464.2628,"Africa",9.55361249177841,TRUE,9362888,13709728598.9664
"Mali",1992,"MLI",1388.7308,"Africa",-5.15836364892968,TRUE,9553540,13267295247.032
"Mali",1993,"MLI",1403.2527,"Africa",1.04569582528161,TRUE,9754786,13688429792.4222
"Mali",1994,"MLI",1425.5117,"Africa",1.58624316204772,TRUE,9967031,14208119304.7627
"Mali",1995,"MLI",1408.2913,"Africa",-1.20801533933393,TRUE,10185365,14343960916.8245
"Mali",1996,"MLI",1476.2878,"Africa",4.82829795227734,TRUE,10407278,15364137542.6084
"Mali",1997,"MLI",1513.6075,"Africa",2.5279420449048,TRUE,10646495,16114614680.7125
"Mali",1998,"MLI",1588.1725,"Africa",4.92631015636483,TRUE,10919573,17342165550.3425
"Mali",1999,"MLI",1633.1176,"Africa",2.82998855602903,TRUE,11227415,18335689039.004
"Mali",2000,"MLI",1585.348,"Africa",-2.92505573389204,TRUE,11559290,18325497282.92
"Mali",2001,"MLI",1774.6824,"Africa",11.9427658785327,TRUE,11912158,21140297148.6192
"Mali",2002,"MLI",1773.3451,"Africa",-0.0753543281885206,TRUE,12288050,21790953256.055
"Mali",2003,"MLI",1873.9889,"Africa",5.67536459767476,TRUE,12684955,23771464866.9995
"Mali",2004,"MLI",1842.0564,"Africa",-1.7039855465526,TRUE,13102409,24135376353.8676
"Mali",2005,"MLI",1898.6237,"Africa",3.07087774293991,TRUE,13538647,25704796060.1339
"Mali",2006,"MLI",1922.5261,"Africa",1.25893298392936,TRUE,13990139,26896407370.1279
"Mali",2007,"MLI",1925.0635,"Africa",0.131982603513156,TRUE,14457775,27832134943.7125
"Mali",2008,"MLI",1951.7738,"Africa",1.38750228239224,TRUE,14940782,29161026859.1116
"Mali",2009,"MLI",1980.0592,"Africa",1.44921506785264,TRUE,15435539,30563281003.9088
"Mali",2010,"MLI",2018.6014,"Africa",1.94651755866694,TRUE,15945198,32186999006.0772
"Mali",2011,"MLI",2017.1442,"Africa",-0.0721885955295611,TRUE,16469049,33220446669.8658
"Mali",2012,"MLI",1942.7395,"Africa",-3.68861581636058,TRUE,16957033,32943097811.9035
"Mali",2013,"MLI",1930.135,"Africa",-0.648800315224965,TRUE,17459615,33699413998.025
"Mali",2014,"MLI",2002.3729,"Africa",3.74263458255511,TRUE,18020267,36083294291.5643
"Mali",2015,"MLI",2060.0986,"Africa",2.88286462526534,TRUE,18593022,38303458591.9692
"Mali",2016,"MLI",2112.187,"Africa",2.52844208524777,TRUE,19191289,40535591139.043
"Mali",2017,"MLI",2153.8457,"Africa",1.97230169487834,TRUE,19813011,42674168546.4027
"Mali",2018,"MLI",2185.5757,"Africa",1.47317888184841,TRUE,20442030,44677604026.671
"Mali",2019,"MLI",2219.0466,"Africa",1.53144546766329,TRUE,21068405,46751772482.673
"Mali",2020,"MLI",2123.8281,"Africa",-4.29096441688065,TRUE,21713836,46116455055.5916
"Mali",2021,"MLI",2120.6233,"Africa",-0.150897334864341,TRUE,22388630,47477850433.079
"Malta",1990,"MLT",16130.712,"Europe",NA,FALSE,354170,5713014269.04
"Malta",1991,"MLT",16684.16,"Europe",3.43102027982398,FALSE,363845,6070448195.2
"Malta",1992,"MLT",17287.535,"Europe",3.61645416970348,FALSE,367618,6355209041.63
"Malta",1993,"MLT",17882.646,"Europe",3.44242831612489,FALSE,371308,6639969520.968
"Malta",1994,"MLT",18717.336,"Europe",4.66759784877472,FALSE,374797,7015201380.792
"Malta",1995,"MLT",19766.203,"Europe",5.60371946093184,FALSE,377419,7460140570.057
"Malta",1996,"MLT",20378.607,"Europe",3.09823793674485,FALSE,379905,7741934692.335
"Malta",1997,"MLT",21288.188,"Europe",4.46341106632067,FALSE,382791,8148926772.708
"Malta",1998,"MLT",22234.355,"Europe",4.44456334188707,FALSE,385287,8566607934.885
"Malta",1999,"MLT",23146.18,"Europe",4.10097347100917,FALSE,387578,8970950152.04
"Malta",2000,"MLT",27523.588,"Europe",18.9120105347837,FALSE,390087,10736593872.156
"Malta",2001,"MLT",26996.705,"Europe",-1.91429620295144,FALSE,393028,10610460972.74
"Malta",2002,"MLT",27483.525,"Europe",1.80325710119068,FALSE,395969,10882623910.725
"Malta",2003,"MLT",28415.844,"Europe",3.39228319511416,FALSE,398582,11326043933.208
"Malta",2004,"MLT",28265.037,"Europe",-0.53071448449675,FALSE,401268,11341854866.916
"Malta",2005,"MLT",29035.654,"Europe",2.72639657255711,FALSE,403834,11725584297.436
"Malta",2006,"MLT",29656.346,"Europe",2.13768906324618,FALSE,405308,12019954284.568
"Malta",2007,"MLT",30964.36,"Europe",4.41057033796409,FALSE,406724,12593948356.64
"Malta",2008,"MLT",31940.43,"Europe",3.15223695887788,FALSE,409379,13075741292.97
"Malta",2009,"MLT",31341.334,"Europe",-1.87566667073675,FALSE,412477,12927579424.318
"Malta",2010,"MLT",32916.684,"Europe",5.02642931535716,FALSE,414508,13644228851.472
"Malta",2011,"MLT",32930.297,"Europe",0.0413559275897826,FALSE,416268,13707828871.596
"Malta",2012,"MLT",33979.656,"Europe",3.18660654654892,FALSE,420028,14272406950.368
"Malta",2013,"MLT",35339.695,"Europe",4.00250961928513,FALSE,424810,15012655832.95
"Malta",2014,"MLT",37285.24,"Europe",5.50526822599912,FALSE,433481,16162443120.44
"Malta",2015,"MLT",39903.938,"Europe",7.02341730936962,FALSE,444220,17726127338.36
"Malta",2016,"MLT",40319.73,"Europe",1.04198237276732,FALSE,454505,18325518883.65
"Malta",2017,"MLT",43516.55,"Europe",7.92867412554598,FALSE,467106,20326841604.3
"Malta",2018,"MLT",44615.605,"Europe",2.52560232830957,FALSE,483903,21589625106.315
"Malta",2019,"MLT",45433.918,"Europe",1.83414076756327,FALSE,503912,22894696487.216
"Malta",2020,"MLT",40740.97,"Europe",-10.3291730200332,FALSE,515490,21001562625.3
"Malta",2021,"MLT",44658.72,"Europe",9.61624134133281,FALSE,518150,23139915768
"Marshall Islands",1990,"MHL",3426.381,"Oceania",NA,FALSE,44629,152915957.649
"Marshall Islands",1991,"MHL",3356.0693,"Oceania",-2.05206893220572,FALSE,45568,152929365.8624
"Marshall Islands",1992,"MHL",3523.68,"Oceania",4.99425622706896,FALSE,46388,163456467.84
"Marshall Islands",1993,"MHL",3664.421,"Oceania",3.99414816328384,FALSE,47093,172568578.153
"Marshall Islands",1994,"MHL",3810.0562,"Oceania",3.97430317095116,FALSE,47712,181785401.4144
"Marshall Islands",1995,"MHL",4052.8896,"Oceania",6.37348603939228,FALSE,48266,195616769.4336
"Marshall Islands",1996,"MHL",3576.354,"Oceania",-11.7579220514667,FALSE,48775,174436666.35
"Marshall Islands",1997,"MHL",3293.4338,"Oceania",-7.91085558085134,FALSE,49259,162231255.5542
"Marshall Islands",1998,"MHL",3216.926,"Oceania",-2.32304046919054,FALSE,49717,159935909.942
"Marshall Islands",1999,"MHL",3137.015,"Oceania",-2.48407952187896,FALSE,50202,157484427.03
"Marshall Islands",2000,"MHL",3156.6243,"Oceania",0.62509423767499,FALSE,50706,160059791.7558
"Marshall Islands",2001,"MHL",3360.3855,"Oceania",6.45503489281255,FALSE,51123,171792987.9165
"Marshall Islands",2002,"MHL",3480.8032,"Oceania",3.58344898226706,FALSE,51425,179000304.56
"Marshall Islands",2003,"MHL",3424.7463,"Oceania",-1.61045875848425,FALSE,51639,176850474.1857
"Marshall Islands",2004,"MHL",3473.9065,"Oceania",1.43544063395295,FALSE,51791,179917091.5415
"Marshall Islands",2005,"MHL",3541.8757,"Oceania",1.95656388564286,FALSE,51906,183844600.0842
"Marshall Islands",2006,"MHL",3557.4937,"Oceania",0.440952797976505,FALSE,51992,184961212.4504
"Marshall Islands",2007,"MHL",3689.7356,"Oceania",3.71727713811552,FALSE,52035,191995391.946
"Marshall Islands",2008,"MHL",3421.6597,"Oceania",-7.26545013144031,FALSE,52030,178028954.191
"Marshall Islands",2009,"MHL",3562.1086,"Oceania",4.10470100226507,FALSE,52019,185297327.2634
"Marshall Islands",2010,"MHL",3767.676,"Oceania",5.77094701716842,FALSE,52044,196084929.744
"Marshall Islands",2011,"MHL",3787.6545,"Oceania",0.530260563806446,FALSE,51907,196605782.1315
"Marshall Islands",2012,"MHL",3793.694,"Oceania",0.159452241486119,FALSE,51419,195067951.786
"Marshall Islands",2013,"MHL",3998.4722,"Oceania",5.39785760264271,FALSE,50681,202646569.5682
"Marshall Islands",2014,"MHL",4026.8547,"Oceania",0.709833620951515,FALSE,49796,200521256.6412
"Marshall Islands",2015,"MHL",4195.8345,"Oceania",4.19632225617676,FALSE,48800,204756723.6
"Marshall Islands",2016,"MHL",4376.169,"Oceania",4.29794120811962,FALSE,47709,208782646.821
"Marshall Islands",2017,"MHL",4634.937,"Oceania",5.91311715795254,FALSE,46529,215658983.673
"Marshall Islands",2018,"MHL",4955.1294,"Oceania",6.90823629317939,FALSE,45285,224393034.879
"Marshall Islands",2019,"MHL",5647.067,"Oceania",13.9640672148744,FALSE,44007,248510477.469
"Marshall Islands",2020,"MHL",5710.973,"Oceania",1.13166711144033,FALSE,42706,243892812.938
"Marshall Islands",2021,"MHL",5961.8164,"Oceania",4.392305829497,FALSE,41367,246622459.0188
"Mauritania",1990,"MRT",4611.9414,"Africa",NA,TRUE,1951878,9001946955.9492
"Mauritania",1991,"MRT",4557.4688,"Africa",-1.18112081823069,TRUE,2009738,9159318231.1744
"Mauritania",1992,"MRT",4467.276,"Africa",-1.97901080529613,TRUE,2088135,9328275370.26
"Mauritania",1993,"MRT",4540.365,"Africa",1.63609770249252,TRUE,2174328,9872242749.72
"Mauritania",1994,"MRT",4252.87,"Africa",-6.33197991791409,TRUE,2249454,9566635432.98
"Mauritania",1995,"MRT",4542.662,"Africa",6.81403381716348,TRUE,2312017,10502711769.254
"Mauritania",1996,"MRT",4711.0522,"Africa",3.70686174758324,TRUE,2358188,11109546765.4136
"Mauritania",1997,"MRT",4419.5835,"Africa",-6.18691297880334,TRUE,2411306,10656968211.051
"Mauritania",1998,"MRT",4424.41,"Africa",0.109207123250418,TRUE,2474651,10948870630.91
"Mauritania",1999,"MRT",4464.211,"Africa",0.899577570794759,TRUE,2541698,11346676170.278
"Mauritania",2000,"MRT",4170.9014,"Africa",-6.57024499962032,TRUE,2613441,10900404725.7174
"Mauritania",2001,"MRT",4037.4507,"Africa",-3.19956496693976,TRUE,2678760,10815361437.132
"Mauritania",2002,"MRT",4006.3643,"Africa",-0.769951197174982,TRUE,2738655,10972049622.0165
"Mauritania",2003,"MRT",4192.379,"Africa",4.64298017032549,TRUE,2802046,11747238807.434
"Mauritania",2004,"MRT",4296.5444,"Africa",2.48463700443113,TRUE,2868664,12325342244.6816
"Mauritania",2005,"MRT",4562.7314,"Africa",6.19537412437772,TRUE,2939059,13410136785.7526
"Mauritania",2006,"MRT",5278.5474,"Africa",15.6883221309061,TRUE,3013660,15907747157.484
"Mauritania",2007,"MRT",5055.988,"Africa",-4.21630011317129,TRUE,3093059,15638469187.292
"Mauritania",2008,"MRT",4914.834,"Africa",-2.79181833501188,TRUE,3183269,15645238712.346
"Mauritania",2009,"MRT",4787.4517,"Africa",-2.59179252035776,TRUE,3284448,15724136161.1616
"Mauritania",2010,"MRT",4773.7524,"Africa",-0.286150145389442,TRUE,3390965,16187627307.066
"Mauritania",2011,"MRT",4825.088,"Africa",1.07537206998837,TRUE,3502811,16901371322.368
"Mauritania",2012,"MRT",4885.6924,"Africa",1.25602683308574,TRUE,3619034,17681486909.1416
"Mauritania",2013,"MRT",4943.233,"Africa",1.17773685465749,TRUE,3734318,18459603970.094
"Mauritania",2014,"MRT",5020.1367,"Africa",1.55573690335859,TRUE,3848514,19320066371.8638
"Mauritania",2015,"MRT",5151.9,"Africa",2.62469545899018,TRUE,3965959,20432224172.1
"Mauritania",2016,"MRT",5080.809,"Africa",-1.37989867815756,TRUE,4086657,20763523665.513
"Mauritania",2017,"MRT",5259.065,"Africa",3.50841765553477,TRUE,4210600,22143819089
"Mauritania",2018,"MRT",5367.2163,"Africa",2.05647391694152,TRUE,4337685,23281293636.2655
"Mauritania",2019,"MRT",5505.6465,"Africa",2.57918057075508,TRUE,4467708,24597620913.222
"Mauritania",2020,"MRT",5314.8496,"Africa",-3.46547676099438,TRUE,4600131,24449004405.2976
"Mauritania",2021,"MRT",5307.522,"Africa",-0.137870317158168,TRUE,4734874,25130447922.228
"Mauritius",1990,"MUS",8233.912,"Africa",NA,FALSE,1058775,8717860177.8
"Mauritius",1991,"MUS",8506.798,"Africa",3.3141719270257,FALSE,1070266,9104536668.268
"Mauritius",1992,"MUS",8942.383,"Africa",5.12043426915743,FALSE,1084441,9697486762.903
"Mauritius",1993,"MUS",9286.096,"Africa",3.84363988883052,FALSE,1097374,10190320311.904
"Mauritius",1994,"MUS",9535.736,"Africa",2.68832025858877,FALSE,1112846,10611805664.656
"Mauritius",1995,"MUS",9859.453,"Africa",3.3947772882974,FALSE,1122457,11066812036.021
"Mauritius",1996,"MUS",10304.453,"Africa",4.51343497453662,FALSE,1133996,11685208484.188
"Mauritius",1997,"MUS",10755.006,"Africa",4.37241064615463,FALSE,1148284,12349801309.704
"Mauritius",1998,"MUS",11288.726,"Africa",4.96252628775847,FALSE,1160421,13099674713.646
"Mauritius",1999,"MUS",11437.144,"Africa",1.31474534858938,FALSE,1175267,13441697917.448
"Mauritius",2000,"MUS",12254.295,"Africa",7.14471200152765,FALSE,1186873,14544291869.535
"Mauritius",2001,"MUS",12564.852,"Africa",2.53427063735613,FALSE,1196287,15031169104.524
"Mauritius",2002,"MUS",12679.432,"Africa",0.911908870872494,FALSE,1204621,15273910055.272
"Mauritius",2003,"MUS",13333.902,"Africa",5.16166654783905,FALSE,1213370,16178956669.74
"Mauritius",2004,"MUS",13824.298,"Africa",3.67781314126953,FALSE,1221003,16879509330.894
"Mauritius",2005,"MUS",13986.968,"Africa",1.17669627781461,FALSE,1228254,17179549393.872
"Mauritius",2006,"MUS",14599.26,"Africa",4.37758919588577,FALSE,1233996,18015428442.96
"Mauritius",2007,"MUS",15365.209,"Africa",5.24649194548217,FALSE,1239630,19047174032.67
"Mauritius",2008,"MUS",16134.475,"Africa",5.00654433011617,FALSE,1244121,20073239171.475
"Mauritius",2009,"MUS",16625.14,"Africa",3.04109678189095,FALSE,1247429,20738681765.06
"Mauritius",2010,"MUS",17311.625,"Africa",4.12919831051047,FALSE,1250400,21646455900
"Mauritius",2011,"MUS",17988.684,"Africa",3.91100777656633,FALSE,1252404,22529099796.336
"Mauritius",2012,"MUS",18566.03,"Africa",3.20949548060324,FALSE,1255882,23316742888.46
"Mauritius",2013,"MUS",19147.676,"Africa",3.13285069559836,FALSE,1258927,24105526303.652
"Mauritius",2014,"MUS",19844.488,"Africa",3.63914659930532,FALSE,1261208,25028027021.504
"Mauritius",2015,"MUS",20549.629,"Africa",3.55333430623153,FALSE,1262879,25951694921.891
"Mauritius",2016,"MUS",21328.688,"Africa",3.79110980543735,FALSE,1263747,26954065473.936
"Mauritius",2017,"MUS",22148.625,"Africa",3.84429178203555,FALSE,1264887,28015507830.375
"Mauritius",2018,"MUS",23023.5,"Africa",3.95001947073464,FALSE,1265577,29138012059.5
"Mauritius",2019,"MUS",23681.58,"Africa",2.85829695745652,FALSE,1265985,29980525056.3
"Mauritius",2020,"MUS",20224.223,"Africa",-14.5993510568129,FALSE,1266014,25604149457.122
"Mauritius",2021,"MUS",20967.947,"Africa",3.67739220438777,FALSE,1266334,26552424196.298
"Mexico",1990,"MEX",15355.628,"North America",NA,FALSE,82820170,1271755721416.76
"Mexico",1991,"MEX",15689.659,"North America",2.1753001570499,FALSE,84430572,1324686883854.95
"Mexico",1992,"MEX",15931.482,"North America",1.54128907454267,FALSE,86044809,1370821325776.94
"Mexico",1993,"MEX",15930.484,"North America",-0.00626432619388198,FALSE,87653807,1396367569952.59
"Mexico",1994,"MEX",16402.258,"North America",2.96145427847642,FALSE,89259205,1464052509284.89
"Mexico",1995,"MEX",15087.59,"North America",-8.01516474134233,FALSE,90862455,1370895467433.45
"Mexico",1996,"MEX",15825.094,"North America",4.88814979728372,FALSE,92452702,1463072699703.99
"Mexico",1997,"MEX",16618.914,"North America",5.01621033025144,FALSE,94021207,1562530353309.2
"Mexico",1998,"MEX",17184.943,"North America",3.40593254168112,FALSE,95575245,1642455137536.03
"Mexico",1999,"MEX",17370.812,"North America",1.08158054408445,FALSE,97115707,1686978688544.08
"Mexico",2000,"MEX",17942.781,"North America",3.29270157319069,FALSE,98625552,1769616680540.11
"Mexico",2001,"MEX",17596.787,"North America",-1.92831869262629,FALSE,100099099,1761422523994.91
"Mexico",2002,"MEX",17324.354,"North America",-1.54819740671977,FALSE,101548624,1759264310388.9
"Mexico",2003,"MEX",17315.455,"North America",-0.0513669946942761,FALSE,102978515,1783119842449.33
"Mexico",2004,"MEX",17731.803,"North America",2.40448778273512,FALSE,104394131,1851096165248.19
"Mexico",2005,"MEX",17883.535,"North America",0.855705423751888,FALSE,105811504,1892283735186.64
"Mexico",2006,"MEX",18434.887,"North America",3.08301462770084,FALSE,107253666,1977209213045.74
"Mexico",2007,"MEX",18610.73,"North America",0.95385992873187,FALSE,108774360,2024370244882.8
"Mexico",2008,"MEX",18586.47,"North America",-0.130354908163185,FALSE,110374288,2051468392683.36
"Mexico",2009,"MEX",17387.662,"North America",-6.4498960803208,FALSE,111999721,1947413292842.3
"Mexico",2010,"MEX",18036.717,"North America",3.73284803902906,FALSE,113623895,2049402038552.72
"Mexico",2011,"MEX",18432.37,"North America",2.19359764861864,FALSE,115243504,2124210905824.48
"Mexico",2012,"MEX",18838.783,"North America",2.2048873801904,FALSE,116818208,2200712870960.86
"Mexico",2013,"MEX",18844.031,"North America",0.0278574258220374,FALSE,118343573,2230069958262.76
"Mexico",2014,"MEX",19141.92,"North America",1.58081357433555,FALSE,119784261,2292900741321.12
"Mexico",2015,"MEX",19542.89,"North America",2.09472195056714,FALSE,121072306,2366102758204.34
"Mexico",2016,"MEX",19830.963,"North America",1.47405527022871,FALSE,122251351,2424362018381.01
"Mexico",2017,"MEX",20032.408,"North America",1.01581047778668,FALSE,123400057,2472000289047.26
"Mexico",2018,"MEX",20278.217,"North America",1.22705667736001,FALSE,124573711,2526132744153.29
"Mexico",2019,"MEX",20064.5,"North America",-1.05392402103203,FALSE,125762982,2523371352339
"Mexico",2020,"MEX",18327.99,"North America",-8.65463878990256,FALSE,126799054,2323971793721.46
"Mexico",2021,"MEX",19086.105,"North America",4.13637829352808,FALSE,127648148,2436305955783.54
"Moldova",1995,"MDA",5694.436,"Europe",NA,FALSE,2953200,16816808395.2
"Moldova",1996,"MDA",5370.5127,"Europe",-5.68841760623878,FALSE,2947293,15828474487.1211
"Moldova",1997,"MDA",5479.195,"Europe",2.02368574605548,FALSE,2936413,16089179427.535
"Moldova",1998,"MDA",5122.8047,"Europe",-6.5044281139839,FALSE,2935227,15036594671.1669
"Moldova",1999,"MDA",4958.034,"Europe",-3.21641580441277,FALSE,2930622,14530123517.148
"Moldova",2000,"MDA",5072.8413,"Europe",2.31558113558722,FALSE,2924668,14836376619.1884
"Moldova",2001,"MDA",5394.3345,"Europe",6.33753711159858,FALSE,2918135,15741396306.1575
"Moldova",2002,"MDA",5828.5747,"Europe",8.04993090435901,FALSE,2911385,16969224952.9595
"Moldova",2003,"MDA",6230.782,"Europe",6.9006115680391,FALSE,2903198,18089193840.836
"Moldova",2004,"MDA",6708.4395,"Europe",7.66609231393427,FALSE,2896023,19427795086.1085
"Moldova",2005,"MDA",7229.1406,"Europe",7.76188113494948,FALSE,2888985,20884878756.291
"Moldova",2006,"MDA",7597.2246,"Europe",5.09167023255849,FALSE,2880967,21887353364.1882
"Moldova",2007,"MDA",7843.2944,"Europe",3.23894333728136,FALSE,2874299,22543973250.6256
"Moldova",2008,"MDA",8471.181,"Europe",8.00539375393076,FALSE,2868833,24302403601.773
"Moldova",2009,"MDA",7972.9707,"Europe",-5.88123781087903,FALSE,2865213,22844259298.2591
"Moldova",2010,"MDA",8547.581,"Europe",7.20697869866749,FALSE,2862354,24466202665.674
"Moldova",2011,"MDA",9050.126,"Europe",5.87938271658379,FALSE,2860699,25889686398.074
"Moldova",2012,"MDA",8997.934,"Europe",-0.576699153138872,FALSE,2860324,25737006570.616
"Moldova",2013,"MDA",9814.323,"Europe",9.07307166289507,FALSE,2859558,28064625849.234
"Moldova",2014,"MDA",10311.288,"Europe",5.06367071880557,FALSE,2857815,29467753515.72
"Moldova",2015,"MDA",10355.539,"Europe",0.429151043012281,FALSE,2835978,29368080782.142
"Moldova",2016,"MDA",10938.585,"Europe",5.63028153338999,FALSE,2803186,30662888331.81
"Moldova",2017,"MDA",11651.187,"Europe",6.51457204016791,FALSE,2755189,32101222259.343
"Moldova",2018,"MDA",12367.764,"Europe",6.15024889738702,FALSE,2707203,33482047804.092
"Moldova",2019,"MDA",13030.183,"Europe",5.35601261472973,FALSE,2664224,34715326272.992
"Moldova",2020,"MDA",12201.778,"Europe",-6.3575853078963,FALSE,2635130,32153271261.14
"Moldova",2021,"MDA",14009.226,"Europe",14.8129887300031,FALSE,2595809,36365274933.834
"Mongolia",1990,"MNG",5030.073,"Asia",NA,FALSE,2098710,10556664505.83
"Mongolia",1991,"MNG",4512.1104,"Asia",-10.297317752645,FALSE,2165342,9770262157.7568
"Mongolia",1992,"MNG",4027.778,"Asia",-10.7340547341217,FALSE,2167790,8731376870.62
"Mongolia",1993,"MNG",3842.0522,"Asia",-4.61112305593803,FALSE,2165130,8318542479.786
"Mongolia",1994,"MNG",3870.8623,"Asia",0.749862274125263,FALSE,2189395,8474846565.3085
"Mongolia",1995,"MNG",4066.7532,"Asia",5.06065276463077,FALSE,2224945,9048302198.574
"Mongolia",1996,"MNG",4110.5537,"Asia",1.07703855744185,FALSE,2259507,9287824859.0259
"Mongolia",1997,"MNG",4226.3726,"Asia",2.81759851476942,FALSE,2291750,9685789406.05
"Mongolia",1998,"MNG",4325.08,"Asia",2.33551107159838,FALSE,2323809,10050659829.72
"Mongolia",1999,"MNG",4415.0317,"Asia",2.07976962275841,FALSE,2356813,10405404105.9721
"Mongolia",2000,"MNG",4424.653,"Asia",0.21792142511685,FALSE,2388299,10567394335.247
"Mongolia",2001,"MNG",4515.4653,"Asia",2.05241631377646,FALSE,2417751,10917270744.5403
"Mongolia",2002,"MNG",4687.445,"Asia",3.80868168779859,FALSE,2449027,11479679366.015
"Mongolia",2003,"MNG",4972.258,"Asia",6.07608195936166,FALSE,2480374,12333059464.492
"Mongolia",2004,"MNG",5453.993,"Asia",9.68845542608611,FALSE,2508412,13680861489.116
"Mongolia",2005,"MNG",5800.909,"Asia",6.36077090674666,FALSE,2536407,14713466193.963
"Mongolia",2006,"MNG",6243.609,"Asia",7.63156257062472,FALSE,2567168,16028393229.312
"Mongolia",2007,"MNG",6818.9937,"Asia",9.2155786821372,FALSE,2601850,17741998758.345
"Mongolia",2008,"MNG",7346.279,"Asia",7.73259696661694,FALSE,2643201,19417691999.079
"Mongolia",2009,"MNG",7163.802,"Asia",-2.48393778673531,FALSE,2691115,19278615019.23
"Mongolia",2010,"MNG",7518.831,"Asia",4.95587398981715,FALSE,2738622,20591235990.882
"Mongolia",2011,"MNG",8685.78,"Asia",15.5203515014502,FALSE,2786317,24201336472.26
"Mongolia",2012,"MNG",9586.715,"Asia",10.3725284315283,FALSE,2839705,27223442519.075
"Mongolia",2013,"MNG",10504.814,"Asia",9.57678412261134,FALSE,2899011,30453571338.954
"Mongolia",2014,"MNG",11107.989,"Asia",5.74189128907946,FALSE,2963113,32914226609.757
"Mongolia",2015,"MNG",11134.802,"Asia",0.241384826722462,FALSE,3026864,33703531320.928
"Mongolia",2016,"MNG",11058.95,"Asia",-0.68121552588002,FALSE,3088856,34159504061.2
"Mongolia",2017,"MNG",11431.498,"Asia",3.36874658082367,FALSE,3148917,35996838387.666
"Mongolia",2018,"MNG",12052.294,"Asia",5.43057436566931,FALSE,3208189,38666037035.566
"Mongolia",2019,"MNG",12458.019,"Asia",3.3663715803813,FALSE,3267673,40708732319.787
"Mongolia",2020,"MNG",11666.779,"Asia",-6.35125054794024,FALSE,3327204,38817753755.916
"Mongolia",2021,"MNG",11668.431,"Asia",0.0141598636607417,FALSE,3383741,39482948380.371
"Montenegro",1997,"MNE",12581.531,"Europe",NA,FALSE,609520,7668694775.12
"Montenegro",1998,"MNE",13238.382,"Europe",5.2207557251975,FALSE,607662,8044461682.884
"Montenegro",1999,"MNE",12026.849,"Europe",-9.15166974332663,FALSE,606001,7288282520.849
"Montenegro",2000,"MNE",12421.224,"Europe",3.27912157207594,FALSE,604950,7514219458.8
"Montenegro",2001,"MNE",12507.41,"Europe",0.693860766056547,FALSE,607389,7596863252.49
"Montenegro",2002,"MNE",12694.567,"Europe",1.49636895248496,FALSE,609828,7741502404.476
"Montenegro",2003,"MNE",12957.905,"Europe",2.07441498398489,FALSE,612267,7933697620.635
"Montenegro",2004,"MNE",13507.471,"Europe",4.24116398445581,FALSE,613353,8284847860.263
"Montenegro",2005,"MNE",14051.362,"Europe",4.02659387534498,FALSE,614261,8631203673.482
"Montenegro",2006,"MNE",15236.111,"Europe",8.43155987298599,FALSE,615025,9370589167.775
"Montenegro",2007,"MNE",16251.253,"Europe",6.66273696745843,FALSE,615875,10008740441.375
"Montenegro",2008,"MNE",17394.143,"Europe",7.03262696113339,FALSE,616969,10731647012.567
"Montenegro",2009,"MNE",16351.02,"Europe",-5.99697840819177,FALSE,618294,10109737559.88
"Montenegro",2010,"MNE",16767.357,"Europe",2.54624482142398,FALSE,619428,10386170411.796
"Montenegro",2011,"MNE",17290.512,"Europe",3.1200802845672,FALSE,620345,10726082666.64
"Montenegro",2012,"MNE",16805.408,"Europe",-2.80560806990562,FALSE,621418,10443183028.544
"Montenegro",2013,"MNE",17384.854,"Europe",3.44797341427236,FALSE,622587,10823584097.298
"Montenegro",2014,"MNE",17677.787,"Europe",1.68498970425637,FALSE,623744,11026413574.528
"Montenegro",2015,"MNE",18266.879,"Europe",3.3323854394218,FALSE,624651,11410424234.229
"Montenegro",2016,"MNE",18801.268,"Europe",2.92545322055289,FALSE,625353,11757429347.604
"Montenegro",2017,"MNE",19685.809,"Europe",4.7046880029581,FALSE,625982,12322962089.438
"Montenegro",2018,"MNE",20690.285,"Europe",5.10253858502843,FALSE,626438,12961180754.83
"Montenegro",2019,"MNE",21537.809,"Europe",4.09624130358766,FALSE,626753,13498886404.177
"Montenegro",2020,"MNE",18262.236,"Europe",-15.2084782625754,FALSE,626590,11442934455.24
"Montenegro",2021,"MNE",20602.5,"Europe",12.8147725174508,FALSE,625053,12877654432.5
"Morocco",1990,"MAR",3595.3337,"Africa",NA,FALSE,24375551,87638239966.3687
"Morocco",1991,"MAR",3789.995,"Africa",5.41427628817875,FALSE,24799014,93988139064.93
"Morocco",1992,"MAR",3649.8718,"Africa",-3.69718693560282,FALSE,25212468,92022275961.6024
"Morocco",1993,"MAR",3565.5137,"Africa",-2.31126200103795,FALSE,25614586,91329157302.8282
"Morocco",1994,"MAR",3883.2766,"Africa",8.91212113418608,FALSE,26000822,100968383653.365
"Morocco",1995,"MAR",3617.8137,"Africa",-6.83605437737811,FALSE,26399429,95508215908.3773
"Morocco",1996,"MAR",4003.989,"Africa",10.6742726967947,FALSE,26808107,107339365538.823
"Morocco",1997,"MAR",3882.9592,"Africa",-3.02273058192718,FALSE,27213337,105668277266.85
"Morocco",1998,"MAR",4103.551,"Africa",5.68102286524156,FALSE,27621648,113346841272.048
"Morocco",1999,"MAR",4089.8835,"Africa",-0.333065191586518,FALSE,28027179,114627896943.646
"Morocco",2000,"MAR",4111.6504,"Africa",0.53221320362794,FALSE,28423435,116867227887.124
"Morocco",2001,"MAR",4353.847,"Africa",5.89049594294299,FALSE,28814643,125454546981.621
"Morocco",2002,"MAR",4431.3037,"Africa",1.77904046697095,FALSE,29198142,129385834677.725
"Morocco",2003,"MAR",4636.992,"Africa",4.64171074530504,FALSE,29571415,137122414783.68
"Morocco",2004,"MAR",4797.6753,"Africa",3.46524859219079,FALSE,29953018,143704854619.055
"Morocco",2005,"MAR",4889.11,"Africa",1.90581259219439,FALSE,30358144,148424305411.84
"Morocco",2006,"MAR",5189.355,"Africa",6.1410972549196,FALSE,30771178,159682566410.19
"Morocco",2007,"MAR",5302.171,"Africa",2.17398886759531,FALSE,31186468,165355986222.028
"Morocco",2008,"MAR",5543.0884,"Africa",4.54375009783727,FALSE,31606767,175199103519.203
"Morocco",2009,"MAR",5703.029,"Africa",2.88540590476603,FALSE,32030778,182672455826.562
"Morocco",2010,"MAR",5841.8784,"Africa",2.43466059878004,FALSE,32467016,189668359482.854
"Morocco",2011,"MAR",6064.432,"Africa",3.80962397300156,FALSE,32912588,199596151870.016
"Morocco",2012,"MAR",6160.9985,"Africa",1.59234203631931,FALSE,33355241,205501589768.138
"Morocco",2013,"MAR",6352.433,"Africa",3.10719926323631,FALSE,33787571,214633281010.243
"Morocco",2014,"MAR",7462.153,"Africa",17.4692121900381,FALSE,34204780,255241301691.34
"Morocco",2015,"MAR",7687.691,"Africa",3.0224252973639,FALSE,34607588,266052442799.308
"Morocco",2016,"MAR",7632.1855,"Africa",-0.722004825636205,FALSE,35023457,267305520675.273
"Morocco",2017,"MAR",7921.619,"Africa",3.79227548911121,FALSE,35446392,280792812348.648
"Morocco",2018,"MAR",8072.0864,"Africa",1.89945262452032,FALSE,35839760,289301639275.264
"Morocco",2019,"MAR",8217.599,"Africa",1.80266405473559,FALSE,36210898,297566639193.902
"Morocco",2020,"MAR",7545.995,"Africa",-8.17275216276677,FALSE,36584208,276064250646.96
"Morocco",2021,"MAR",8058.397,"Africa",6.79038350807283,FALSE,36954442,297793564549.474
"Mozambique",1990,"MOZ",460.1237,"Africa",NA,TRUE,13094537,6025106814.2269
"Mozambique",1991,"MOZ",473.612,"Africa",2.93145082507161,TRUE,13352090,6323710049.08
"Mozambique",1992,"MOZ",436.3764,"Africa",-7.86204741433917,TRUE,13613316,5940529828.1424
"Mozambique",1993,"MOZ",469.39783,"Africa",7.5671897013679,TRUE,14051192,6595599033.71336
"Mozambique",1994,"MOZ",476.37076,"Africa",1.48550537611135,TRUE,15033853,7161687979.33828
"Mozambique",1995,"MOZ",465.83328,"Africa",-2.21203333302825,TRUE,15960530,7434946040.4384
"Mozambique",1996,"MOZ",502.40253,"Africa",7.85028712418314,TRUE,16492480,8285863677.9744
"Mozambique",1997,"MOZ",544.21405,"Africa",8.3223147781521,TRUE,16949982,9224418351.6471
"Mozambique",1998,"MOZ",584.0687,"Africa",7.32334088030252,TRUE,17340464,10128022265.8768
"Mozambique",1999,"MOZ",636.79175,"Africa",9.02685762822078,TRUE,17734506,11293187111.1255
"Mozambique",2000,"MOZ",628.6933,"Africa",-1.2717579962366,TRUE,18129653,11397991372.4249
"Mozambique",2001,"MOZ",687.1935,"Africa",9.30504587849114,TRUE,18537729,12739006873.5615
"Mozambique",2002,"MOZ",731.9895,"Africa",6.51868796779947,TRUE,18958338,13877304353.451
"Mozambique",2003,"MOZ",762.2862,"Africa",4.13895281284772,TRUE,19392475,14782616076.345
"Mozambique",2004,"MOZ",801.4271,"Africa",5.13467251538858,TRUE,19840313,15900564510.6823
"Mozambique",2005,"MOZ",832.83887,"Africa",3.91947938870548,TRUE,20304569,16910434301.797
"Mozambique",2006,"MOZ",890.45294,"Africa",6.91779311405098,TRUE,20787087,18509922733.1858
"Mozambique",2007,"MOZ",934.7363,"Africa",4.97312749621558,TRUE,21287635,19898325175.6505
"Mozambique",2008,"MOZ",977.19086,"Africa",4.54187560705624,TRUE,21819036,21321362553.211
"Mozambique",2009,"MOZ",1011.5613,"Africa",3.51726990160345,TRUE,22391745,22650622681.4685
"Mozambique",2010,"MOZ",1047.5914,"Africa",3.56183060779412,TRUE,22999235,24093800792.579
"Mozambique",2011,"MOZ",1092.7732,"Africa",4.31292200375071,TRUE,23649039,25843036024.9548
"Mozambique",2012,"MOZ",1137.2848,"Africa",4.07326973245682,TRUE,24337846,27679062320.5408
"Mozambique",2013,"MOZ",1179.67,"Africa",3.72687650446046,TRUE,25051611,29552633948.37
"Mozambique",2014,"MOZ",1228.6569,"Africa",4.15259352191714,TRUE,25788475,31685187749.2275
"Mozambique",2015,"MOZ",1271.9619,"Africa",3.52458037715819,TRUE,26547572,33767500121.5068
"Mozambique",2016,"MOZ",1279.9205,"Africa",0.625694841960277,TRUE,27337105,34989321100.1525
"Mozambique",2017,"MOZ",1287.2349,"Africa",0.571472993830474,TRUE,28166393,36256764076.7157
"Mozambique",2018,"MOZ",1292.8977,"Africa",0.43991970696258,TRUE,29018644,37518138084.7188
"Mozambique",2019,"MOZ",1285.1848,"Africa",-0.596559186391931,TRUE,29884380,38406950933.424
"Mozambique",2020,"MOZ",1232.9856,"Africa",-4.06161043921466,TRUE,30783688,37955844018.8928
"Mozambique",2021,"MOZ",1226.767,"Africa",-0.504353011097609,TRUE,31707800,38898082682.6
"Myanmar",1990,"MMR",581.6133,"Asia",NA,TRUE,39817251,23158242751.0383
"Myanmar",1991,"MMR",579.3787,"Asia",-0.384207169952957,TRUE,40394154,23403512432.1198
"Myanmar",1992,"MMR",597.2022,"Asia",3.07631260866165,TRUE,40950342,24455634333.1524
"Myanmar",1993,"MMR",635.1072,"Asia",6.34709651103095,TRUE,41502429,26358491475.3888
"Myanmar",1994,"MMR",669.37506,"Asia",5.39560250615958,TRUE,42055143,28150663868.9336
"Myanmar",1995,"MMR",708.5049,"Asia",5.84572720710569,TRUE,42605338,30186090739.1562
"Myanmar",1996,"MMR",746.4266,"Asia",5.35235536126849,TRUE,43154860,32211935423.276
"Myanmar",1997,"MMR",781.59607,"Asia",4.71171177447321,TRUE,43708798,34162624741.2239
"Myanmar",1998,"MMR",816.5262,"Asia",4.46907697476012,TRUE,44257793,36137647538.6766
"Myanmar",1999,"MMR",875.4185,"Asia",7.2125425981432,TRUE,44787724,39208002162.494
"Myanmar",2000,"MMR",973.3955,"Asia",11.1920184460347,TRUE,45290841,44085900820.6155
"Myanmar",2001,"MMR",1083.4194,"Asia",11.303103414799,TRUE,45771139,49589339952.6966
"Myanmar",2002,"MMR",1198.0947,"Asia",10.5845714042041,TRUE,46232653,55391096526.2391
"Myanmar",2003,"MMR",1340.8727,"Asia",11.9170880231754,TRUE,46667192,62574763738.4584
"Myanmar",2004,"MMR",1511.1715,"Asia",12.7005941727354,TRUE,47068772,71128986786.398
"Myanmar",2005,"MMR",1702.3097,"Asia",12.6483460017609,TRUE,47438365,80754788891.6405
"Myanmar",2006,"MMR",1914.2416,"Asia",12.4496676486071,TRUE,47785135,91472293278.616
"Myanmar",2007,"MMR",2137.645,"Asia",11.6705958119393,TRUE,48125043,102874257543.735
"Myanmar",2008,"MMR",2360.5432,"Asia",10.427278617357,TRUE,48390793,114228557358.758
"Myanmar",2009,"MMR",2591.0464,"Asia",9.76483717815459,TRUE,48660459,126081507114.298
"Myanmar",2010,"MMR",2830.284,"Asia",9.23324260036408,TRUE,49024382,138752923984.488
"Myanmar",2011,"MMR",3018.4617,"Asia",6.64872147106084,TRUE,49419820,149171833890.894
"Myanmar",2012,"MMR",3187.115,"Asia",5.58739241249939,TRUE,49837446,158837671708.29
"Myanmar",2013,"MMR",3409.649,"Asia",6.98230217610598,TRUE,50262658,171378021587.042
"Myanmar",2014,"MMR",3658.5935,"Asia",7.30117674869173,TRUE,50681634,185423496721.779
"Myanmar",2015,"MMR",3748.2942,"Asia",2.4517809917937,TRUE,51089056,191496812288.275
"Myanmar",2016,"MMR",4109.5576,"Asia",9.63807483414723,TRUE,51495696,211624528864.09
"Myanmar",2017,"MMR",4312.9473,"Asia",4.94918723124844,TRUE,51894938,223820132730.767
"Myanmar",2018,"MMR",4556.2812,"Asia",5.6419400255598,TRUE,52272247,238167056287.856
"Myanmar",2019,"MMR",4829.5366,"Asia",5.9973339661301,TRUE,52640713,254230250083.596
"Myanmar",2020,"MMR",4947.0938,"Asia",2.43413001570377,TRUE,53016522,262277707283.764
"Myanmar",2021,"MMR",4032.6257,"Asia",-18.4849557532141,TRUE,53387102,215290199573.721
"Namibia",1990,"NAM",6223.453,"Africa",NA,FALSE,1369303,8521792863.259
"Namibia",1991,"NAM",6510.012,"Africa",4.60450171311648,FALSE,1415684,9216119828.208
"Namibia",1992,"NAM",6758.1025,"Africa",3.81090695378135,FALSE,1461322,9875763861.505
"Namibia",1993,"NAM",6439.251,"Africa",-4.71806250349118,FALSE,1508697,9714878665.947
"Namibia",1994,"NAM",6346.299,"Africa",-1.44352192514316,FALSE,1556304,9876770518.896
"Namibia",1995,"NAM",6401.023,"Africa",0.862297852653967,FALSE,1602170,10255527019.91
"Namibia",1996,"NAM",6426.38,"Africa",0.39613980452812,FALSE,1646103,10578483397.14
"Namibia",1997,"NAM",6526.798,"Africa",1.56259044749921,FALSE,1689264,11025484896.672
"Namibia",1998,"NAM",6575.763,"Africa",0.75021473010196,FALSE,1732745,11394120459.435
"Namibia",1999,"NAM",6635.539,"Africa",0.90903519485115,FALSE,1776368,11787159142.352
"Namibia",2000,"NAM",6713.0024,"Africa",1.16740177399305,FALSE,1818647,12208581675.7528
"Namibia",2001,"NAM",6655.7505,"Africa",-0.85285087936212,FALSE,1857048,12360048154.524
"Namibia",2002,"NAM",6855.839,"Africa",3.00625000892085,FALSE,1889970,12957330034.83
"Namibia",2003,"NAM",7046.1475,"Africa",2.77586010990048,FALSE,1917464,13510734169.94
"Namibia",2004,"NAM",7812.8613,"Africa",10.8813191889611,FALSE,1942082,15173217299.2266
"Namibia",2005,"NAM",7914.733,"Africa",1.30389745943654,FALSE,1966582,15564971452.606
"Namibia",2006,"NAM",8373.482,"Africa",5.79613993295794,FALSE,1991888,16679038314.016
"Namibia",2007,"NAM",8714.104,"Africa",4.06786567404097,FALSE,2018600,17590290334.4
"Namibia",2008,"NAM",8826.273,"Africa",1.28721208743894,FALSE,2047056,18067875102.288
"Namibia",2009,"NAM",8726.682,"Africa",-1.12834715173662,FALSE,2077394,18128756826.708
"Namibia",2010,"NAM",9115.507,"Africa",4.45558804594918,FALSE,2109811,19231996939.177
"Namibia",2011,"NAM",9431.044,"Africa",3.46154086656947,FALSE,2146325,20242085513.3
"Namibia",2012,"NAM",9747.819,"Africa",3.35885401446542,FALSE,2194654,21393089959.626
"Namibia",2013,"NAM",10122.154,"Africa",3.84019235482318,FALSE,2252508,22800232862.232
"Namibia",2014,"NAM",10554.564,"Africa",4.27191682718915,FALSE,2312139,24403619052.396
"Namibia",2015,"NAM",10813.227,"Africa",2.45072179201339,FALSE,2374300,25673844866.1
"Namibia",2016,"NAM",10627.635,"Africa",-1.71634240176407,FALSE,2439213,25923065451.255
"Namibia",2017,"NAM",10335.268,"Africa",-2.75100716198853,FALSE,2506853,25908997591.604
"Namibia",2018,"NAM",10266.171,"Africa",-0.66855547432345,FALSE,2577327,26459279704.917
"Namibia",2019,"NAM",10009.578,"Africa",-2.49940313676833,FALSE,2650494,26530326431.532
"Namibia",2020,"NAM",9048.184,"Africa",-9.60474057947298,FALSE,2728762,24690340668.208
"Namibia",2021,"NAM",9137.797,"Africa",0.990397631171086,FALSE,2810548,25682217082.756
"Nauru",2004,"NRU",5343.428,"Oceania",NA,FALSE,10060,53754885.68
"Nauru",2005,"NRU",5190.0435,"Oceania",-2.87052618656039,FALSE,10049,52154747.1315
"Nauru",2006,"NRU",5689.8447,"Oceania",9.63000021098089,FALSE,10034,57091901.7198
"Nauru",2007,"NRU",4400.8516,"Oceania",-22.6542756079089,FALSE,10020,44096533.032
"Nauru",2008,"NRU",5391.4214,"Oceania",22.5085935640275,FALSE,10009,53962736.7926
"Nauru",2009,"NRU",5887.2983,"Oceania",9.19751700358648,FALSE,10016,58967179.7728
"Nauru",2010,"NRU",6536.3325,"Oceania",11.0243131386769,FALSE,10043,65644387.2975
"Nauru",2011,"NRU",7160.599,"Oceania",9.55071517552082,FALSE,10098,72307728.702
"Nauru",2012,"NRU",7851.3755,"Oceania",9.64690942754929,FALSE,10267,80610072.2585
"Nauru",2013,"NRU",10015.124,"Oceania",27.5588462174558,FALSE,10517,105329059.108
"Nauru",2014,"NRU",12390.368,"Oceania",23.716571057932,FALSE,10742,133097333.056
"Nauru",2015,"NRU",12567.816,"Oceania",1.43214471111754,FALSE,10954,137667856.464
"Nauru",2016,"NRU",12729.861,"Oceania",1.28936483474933,FALSE,11150,141937950.15
"Nauru",2017,"NRU",11746.627,"Oceania",-7.72383924694857,FALSE,11324,133018804.148
"Nauru",2018,"NRU",12209.948,"Oceania",3.94428970971837,FALSE,11477,140133573.196
"Nauru",2019,"NRU",12000.611,"Oceania",-1.7144790461024,FALSE,11587,139051079.657
"Nauru",2020,"NRU",11958.172,"Oceania",-0.353640327146679,FALSE,11643,139228996.596
"Nauru",2021,"NRU",11947.395,"Oceania",-0.0901224702237101,FALSE,11709,139892048.055
"Nepal",1990,"NPL",1554.602,"Asia",NA,TRUE,19524573,30352940234.946
"Nepal",1991,"NPL",1611.3595,"Asia",3.65093445139013,TRUE,20036500,32286004621.75
"Nepal",1992,"NPL",1631.2307,"Asia",1.23319470298217,TRUE,20609707,33619186776.4049
"Nepal",1993,"NPL",1649.0082,"Asia",1.08982132324998,TRUE,21180159,34926255868.3038
"Nepal",1994,"NPL",1741.3093,"Asia",5.59737058918202,TRUE,21717479,37816848155.2547
"Nepal",1995,"NPL",1760.445,"Asia",1.09892596335413,TRUE,22245439,39161871860.355
"Nepal",1996,"NPL",1815.3126,"Asia",3.11668924618492,TRUE,22741862,41283588636.0612
"Nepal",1997,"NPL",1868.7838,"Asia",2.94556430666542,TRUE,23219463,43392156299.0994
"Nepal",1998,"NPL",1888.2875,"Asia",1.04365737759499,TRUE,23680357,44715322118.6375
"Nepal",1999,"NPL",1935.6918,"Asia",2.51043869114211,TRUE,24125199,46698949877.6682
"Nepal",2000,"NPL",2020.8555,"Asia",4.39965184540224,TRUE,24546509,49604947718.4495
"Nepal",2001,"NPL",2084.2,"Asia",3.13453881289384,TRUE,24946748,51994012181.6
"Nepal",2002,"NPL",2055.7227,"Asia",-1.36634200172728,TRUE,25328981,52069361209.5687
"Nepal",2003,"NPL",2107.6409,"Asia",2.52554490934016,TRUE,25688758,54142677031.0022
"Nepal",2004,"NPL",2179.093,"Asia",3.39014582607502,TRUE,26016656,56692712973.008
"Nepal",2005,"NPL",2230.789,"Asia",2.37236318046088,TRUE,26309458,58690849502.362
"Nepal",2006,"NPL",2285.5122,"Asia",2.45308722608906,TRUE,26565425,60715602935.685
"Nepal",2007,"NPL",2346.2593,"Asia",2.65792061840668,TRUE,26788492,62852748487.9756
"Nepal",2008,"NPL",2473.9417,"Asia",5.44195605319496,TRUE,26990037,66771778018.8429
"Nepal",2009,"NPL",2572.175,"Asia",3.97072008608773,TRUE,27173035,69893801301.125
"Nepal",2010,"NPL",2682.6987,"Asia",4.29689659529386,TRUE,27341952,73350219085.8624
"Nepal",2011,"NPL",2763.8289,"Asia",3.02420096598996,TRUE,27464494,75907162241.0766
"Nepal",2012,"NPL",2886.0974,"Asia",4.42388094284708,TRUE,27534915,79468446590.721
"Nepal",2013,"NPL",2982.287,"Asia",3.33286049181846,TRUE,27589996,82281286400.852
"Nepal",2014,"NPL",3152.2932,"Asia",5.70053116953534,TRUE,27672370,87231423778.884
"Nepal",2015,"NPL",3260.035,"Asia",3.41788638188858,TRUE,27823629,90706004367.015
"Nepal",2016,"NPL",3244.6743,"Asia",-0.471182057861334,TRUE,27955462,90706369096.0266
"Nepal",2017,"NPL",3495.5288,"Asia",7.73126905218191,TRUE,28011258,97914159063.2304
"Nepal",2018,"NPL",3719.3079,"Asia",6.40186686489322,TRUE,28079689,104437009127.243
"Nepal",2019,"NPL",3922.0813,"Asia",5.45191216892799,TRUE,28414064,111442269071.403
"Nepal",2020,"NPL",3761.8027,"Asia",-4.08657005656664,TRUE,28966574,108966536282.95
"Nepal",2021,"NPL",3831.9485,"Asia",1.86468577950672,TRUE,29475010,112946720356.985
"Netherlands",1990,"NLD",36461.418,"Europe",NA,FALSE,14951510,545153255841.18
"Netherlands",1991,"NLD",37057.582,"Europe",1.6350543470361,FALSE,15069798,558450275108.436
"Netherlands",1992,"NLD",37405.93,"Europe",0.940018158767073,FALSE,15184166,567977850504.38
"Netherlands",1993,"NLD",37613.254,"Europe",0.554254365551132,FALSE,15290368,575120495337.472
"Netherlands",1994,"NLD",38494.22,"Europe",2.34216906625521,FALSE,15382838,592150350196.36
"Netherlands",1995,"NLD",39498.137,"Europe",2.60796815729738,FALSE,15459006,610601936871.822
"Netherlands",1996,"NLD",40691.89,"Europe",3.02230203920756,FALSE,15530498,631965316261.22
"Netherlands",1997,"NLD",42235.49,"Europe",3.7933848734969,FALSE,15610650,659323451968.5
"Netherlands",1998,"NLD",43933.566,"Europe",4.0204955595401,FALSE,15707209,690073703277.294
"Netherlands",1999,"NLD",45839.133,"Europe",4.33738294769881,FALSE,15812088,724812404839.704
"Netherlands",2000,"NLD",47422.203,"Europe",3.4535339051897,FALSE,15925513,755222910365.139
"Netherlands",2001,"NLD",48160.785,"Europe",1.55746033139794,FALSE,16046180,772796625051.3
"Netherlands",2002,"NLD",47958.332,"Europe",-0.420368978620264,FALSE,16148929,774475698426.428
"Netherlands",2003,"NLD",47806.883,"Europe",-0.315792884539855,FALSE,16225302,775681114353.666
"Netherlands",2004,"NLD",48586.703,"Europe",1.63118770993708,FALSE,16281779,791077960584.637
"Netherlands",2005,"NLD",49467.434,"Europe",1.81269965982256,FALSE,16319868,807301993178.712
"Netherlands",2006,"NLD",51097.363,"Europe",3.2949536052345,FALSE,16346101,835242656431.663
"Netherlands",2007,"NLD",52909.97,"Europe",3.54735918563939,FALSE,16381696,866755043909.12
"Netherlands",2008,"NLD",53848.254,"Europe",1.7733595388544,FALSE,16445593,885566469044.622
"Netherlands",2009,"NLD",51607.605,"Europe",-4.16104299314885,FALSE,16530388,853093734400.74
"Netherlands",2010,"NLD",52032.99,"Europe",0.824268051191282,FALSE,16615394,864548629848.06
"Netherlands",2011,"NLD",52594.23,"Europe",1.07862338873858,FALSE,16693074,877959373363.02
"Netherlands",2012,"NLD",51860.055,"Europe",-1.39592308890158,FALSE,16754962,868913250842.91
"Netherlands",2013,"NLD",51640.08,"Europe",-0.424170394728657,FALSE,16804432,867782212834.56
"Netherlands",2014,"NLD",52186.996,"Europe",1.05909208506261,FALSE,16865008,880134105035.968
"Netherlands",2015,"NLD",52974.117,"Europe",1.50827037448179,FALSE,16939923,897377462972.991
"Netherlands",2016,"NLD",53847.83,"Europe",1.64932055403586,FALSE,17030314,917045453118.62
"Netherlands",2017,"NLD",55088.633,"Europe",2.30427669972959,FALSE,17131296,943739678158.368
"Netherlands",2018,"NLD",56060.914,"Europe",1.76493942044268,FALSE,17231624,966020591144.336
"Netherlands",2019,"NLD",56784.04,"Europe",1.28989334708315,FALSE,17344874,984912019010.96
"Netherlands",2020,"NLD",54275.004,"Europe",-4.41855845410084,FALSE,17441500,946637482266
"Netherlands",2021,"NLD",56617.35,"Europe",4.31569935950626,FALSE,17533044,992674488713.4
"New Zealand",1990,"NZL",28031.998,"Oceania",NA,FALSE,3329800,93340946940.4
"New Zealand",1991,"NZL",26415.002,"Oceania",-5.76839367639795,FALSE,3495100,92323073490.2
"New Zealand",1992,"NZL",26427.354,"Oceania",0.0467613063213054,FALSE,3531700,93333486121.8
"New Zealand",1993,"NZL",27797.71,"Oceania",5.18536967416412,FALSE,3572200,99298979662
"New Zealand",1994,"NZL",28834.729,"Oceania",3.73059147677992,FALSE,3620000,104381718980
"New Zealand",1995,"NZL",29757.475,"Oceania",3.20012024389062,FALSE,3673400,109311108665
"New Zealand",1996,"NZL",30349.207,"Oceania",1.98851549064563,FALSE,3732000,113263240524
"New Zealand",1997,"NZL",30567.518,"Oceania",0.719330162399306,FALSE,3781300,115584955813.4
"New Zealand",1998,"NZL",30539.102,"Oceania",-0.0929614239533647,FALSE,3815000,116506674130
"New Zealand",1999,"NZL",32035.045,"Oceania",4.89845117253284,FALSE,3835100,122857601079.5
"New Zealand",2000,"NZL",32772.582,"Oceania",2.30228176673391,FALSE,3857700,126426789581.4
"New Zealand",2001,"NZL",33708.703,"Oceania",2.85641515825637,FALSE,3880500,130806621991.5
"New Zealand",2002,"NZL",34676.797,"Oceania",2.87194081599638,FALSE,3948500,136921332954.5
"New Zealand",2003,"NZL",35546.098,"Oceania",2.50686647904649,FALSE,4027200,143151245865.6
"New Zealand",2004,"NZL",36432.492,"Oceania",2.49364641936226,FALSE,4087500,148917811050
"New Zealand",2005,"NZL",37219.805,"Oceania",2.16101879607907,FALSE,4133900,153862951889.5
"New Zealand",2006,"NZL",37828.188,"Oceania",1.63456794037476,FALSE,4184600,158295835504.8
"New Zealand",2007,"NZL",38611.98,"Oceania",2.0719787054035,FALSE,4223800,163089281124
"New Zealand",2008,"NZL",37860.113,"Oceania",-1.94723761899806,FALSE,4259800,161276509357.4
"New Zealand",2009,"NZL",37432.832,"Oceania",-1.12857824803638,FALSE,4302600,161058502963.2
"New Zealand",2010,"NZL",37583.113,"Oceania",0.401468422159444,FALSE,4350700,163512849729.1
"New Zealand",2011,"NZL",38137.492,"Oceania",1.47507472305448,FALSE,4384000,167194764928
"New Zealand",2012,"NZL",38780.605,"Oceania",1.6863012386866,FALSE,4408100,170948784900.5
"New Zealand",2013,"NZL",39521.074,"Oceania",1.90937970152863,FALSE,4442100,175556562815.4
"New Zealand",2014,"NZL",40353.105,"Oceania",2.10528438574317,FALSE,4516500,182254798732.5
"New Zealand",2015,"NZL",41020.312,"Oceania",1.65342171314945,FALSE,4609400,189079026132.8
"New Zealand",2016,"NZL",41620.348,"Oceania",1.46277775751681,FALSE,4714100,196202482506.8
"New Zealand",2017,"NZL",42218.54,"Oceania",1.43725852556543,FALSE,4813600,203223164144
"New Zealand",2018,"NZL",42862.07,"Oceania",1.52428293351688,FALSE,4900600,210049860242
"New Zealand",2019,"NZL",43110.37,"Oceania",0.579300066469032,FALSE,4979200,214655154304
"New Zealand",2020,"NZL",41642.027,"Oceania",-3.40600880948134,FALSE,5090200,211966245835.4
"New Zealand",2021,"NZL",42915.453,"Oceania",3.05803077261345,FALSE,5111300,219353754918.9
"Nicaragua",1990,"NIC",3409.776,"North America",NA,FALSE,4162559,14193393776.784
"Nicaragua",1991,"NIC",3325.0916,"North America",-2.483576633773,FALSE,4259637,14163683207.7492
"Nicaragua",1992,"NIC",3262.6296,"North America",-1.87850464029322,FALSE,4357026,14215361995.5696
"Nicaragua",1993,"NIC",3178.364,"North America",-2.5827510422881,FALSE,4453732,14155581454.448
"Nicaragua",1994,"NIC",3214.453,"North America",1.13545836788989,FALSE,4549316,14623562464.148
"Nicaragua",1995,"NIC",3334.7903,"North America",3.74363227584911,FALSE,4642931,15483201262.3693
"Nicaragua",1996,"NIC",3479.695,"North America",4.34524173828861,FALSE,4729974,16458866877.93
"Nicaragua",1997,"NIC",3555.97,"North America",2.19200245998571,FALSE,4809573,17102697300.81
"Nicaragua",1998,"NIC",3629.6926,"North America",2.07320646687121,FALSE,4883655,17726166414.453
"Nicaragua",1999,"NIC",3827.1252,"North America",5.43937522422698,FALSE,4954018,18959647129.0536
"Nicaragua",2000,"NIC",3927.062,"North America",2.6112759519861,FALSE,5022633,19724191194.246
"Nicaragua",2001,"NIC",3989.1873,"North America",1.58197909785993,FALSE,5087825,20296286874.6225
"Nicaragua",2002,"NIC",3968.637,"North America",-0.515150040711297,FALSE,5149909,20438119404.033
"Nicaragua",2003,"NIC",4019.7146,"North America",1.2870312905917,FALSE,5210963,20946584051.1598
"Nicaragua",2004,"NIC",4183.608,"North America",4.07723971249104,FALSE,5272912,22059796826.496
"Nicaragua",2005,"NIC",4308.015,"North America",2.9736772661301,FALSE,5342105,23013868471.575
"Nicaragua",2006,"NIC",4425.972,"North America",2.73808238829251,FALSE,5418855,23983700502.06
"Nicaragua",2007,"NIC",4586.271,"North America",3.62178070715314,FALSE,5497243,25211846150.853
"Nicaragua",2008,"NIC",4676.906,"North America",1.97622425713614,FALSE,5576593,26081201261.258
"Nicaragua",2009,"NIC",4457.9336,"North America",-4.6819927533288,FALSE,5656601,25216751659.6936
"Nicaragua",2010,"NIC",4586.874,"North America",2.89238045178599,FALSE,5737450,26316960231.3
"Nicaragua",2011,"NIC",4805.4023,"North America",4.76420978644715,FALSE,5819051,27962881059.2173
"Nicaragua",2012,"NIC",5042.803,"North America",4.94028772575399,FALSE,5901287,29759027787.461
"Nicaragua",2013,"NIC",5214.529,"North America",3.40536800664235,FALSE,5983845,31202933284.005
"Nicaragua",2014,"NIC",5385.4985,"North America",3.27871414657008,FALSE,6066492,32671083566.262
"Nicaragua",2015,"NIC",5563.004,"North America",3.2959901483586,FALSE,6149417,34209231368.668
"Nicaragua",2016,"NIC",5734.355,"North America",3.08018832990233,FALSE,6232666,35740319440.43
"Nicaragua",2017,"NIC",5915.3755,"North America",3.15677177293698,FALSE,6316231,37362878109.7405
"Nicaragua",2018,"NIC",5636.6396,"North America",-4.71205758620057,FALSE,6400080,36074944371.168
"Nicaragua",2019,"NIC",5348.9873,"North America",-5.10325868625698,FALSE,6483657,34680998950.5561
"Nicaragua",2020,"NIC",5181.727,"North America",-3.12695264765351,FALSE,6565267,34019421276.109
"Nicaragua",2021,"NIC",5638.748,"North America",8.8198587073383,FALSE,6644741,37468020024.268
"Niger",1990,"NER",1077.9115,"Africa",NA,TRUE,8286059,8931638285.7785
"Niger",1991,"NER",1040.3634,"Africa",-3.48341213541186,TRUE,8546900,8891881943.46
"Niger",1992,"NER",1028.6552,"Africa",-1.12539522247707,TRUE,8817633,9070304037.1416
"Niger",1993,"NER",999.92267,"Africa",-2.79321292499176,TRUE,9100789,9100085235.98663
"Niger",1994,"NER",986.2578,"Africa",-1.36659267861184,TRUE,9398258,9269105258.9124
"Niger",1995,"NER",977.48254,"Africa",-0.889753165957218,TRUE,9714529,9495782481.82366
"Niger",1996,"NER",946.0726,"Africa",-3.21335049115046,TRUE,10044852,9503159248.2552
"Niger",1997,"NER",929.0135,"Africa",-1.80314914521359,TRUE,10383969,9646847384.5815
"Niger",1998,"NER",987.7097,"Africa",6.31812131901205,TRUE,10741413,10609397811.8061
"Niger",1999,"NER",952.4996,"Africa",-3.56482274093289,TRUE,11117411,10589329530.5356
"Niger",2000,"NER",909.317,"Africa",-4.53360820309006,TRUE,11509630,10465902222.71
"Niger",2001,"NER",942.2681,"Africa",3.62371978089049,TRUE,11920647,11232445399.4607
"Niger",2002,"NER",954.8762,"Africa",1.33805866928956,TRUE,12349144,11791903695.9728
"Niger",2003,"NER",942.00543,"Africa",-1.34789934024955,TRUE,12796984,12054828415.6231
"Niger",2004,"NER",912.4658,"Africa",-3.13582374997563,TRUE,13265836,12104621658.4088
"Niger",2005,"NER",944.8482,"Africa",3.54888917480524,TRUE,13756192,12997513250.0544
"Niger",2006,"NER",965.35724,"Africa",2.17061746003221,TRUE,14268581,13774277972.8764
"Niger",2007,"NER",960.0925,"Africa",-0.545367018742209,TRUE,14803610,14212834933.925
"Niger",2008,"NER",997.0244,"Africa",3.84670227087495,TRUE,15361915,15316204085.726
"Niger",2009,"NER",979.65405,"Africa",-1.74221914729469,TRUE,15943675,15619285785.6337
"Niger",2010,"NER",1024.7384,"Africa",4.6020684546754,TRUE,16548835,16958226699.764
"Niger",2011,"NER",1010.32697,"Africa",-1.40635209922845,TRUE,17176283,17353661959.2525
"Niger",2012,"NER",1075.146,"Africa",6.41564878744156,TRUE,17836769,19177130843.274
"Niger",2013,"NER",1089.8732,"Africa",1.36978605696343,TRUE,18519898,20184340496.9336
"Niger",2014,"NER",1119.1372,"Africa",2.68508299864607,TRUE,19215909,21505238593.7148
"Niger",2015,"NER",1124.41,"Africa",0.471148667026723,TRUE,19939498,22420170946.18
"Niger",2016,"NER",1143.8607,"Africa",1.72985832569969,TRUE,20685753,23661619906.6071
"Niger",2017,"NER",1155.9735,"Africa",1.05894013143385,TRUE,21435446,24778807536.681
"Niger",2018,"NER",1193.2656,"Africa",3.22603416081769,TRUE,22188069,26476259468.1264
"Niger",2019,"NER",1217.446,"Africa",2.02640552111784,TRUE,22947757,27937654968.622
"Niger",2020,"NER",1214.5465,"Africa",-0.238162513984192,TRUE,23717613,28806143857.5045
"Niger",2021,"NER",1186.5768,"Africa",-2.30289247879763,TRUE,24502140,29073670874.352
"Nigeria",1990,"NGA",3259.581,"Africa",NA,FALSE,97120925,316573521832.425
"Nigeria",1991,"NGA",3188.5103,"Africa",-2.18036305893304,FALSE,99720162,317958763654.669
"Nigeria",1992,"NGA",3253.034,"Africa",2.02363153727307,FALSE,102372770,333022101484.18
"Nigeria",1993,"NGA",3106.4148,"Africa",-4.5071523998827,FALSE,105122069,326552750948.221
"Nigeria",1994,"NGA",2972.505,"Africa",-4.31075077288455,FALSE,107935714,320839449543.57
"Nigeria",1995,"NGA",2895.3506,"Africa",-2.59560202590071,FALSE,110819428,320861097351.457
"Nigeria",1996,"NGA",2941.5613,"Africa",1.59603123711511,FALSE,113754779,334616655596.453
"Nigeria",1997,"NGA",2952.5193,"Africa",0.372523258311839,FALSE,116754792,344720776747.486
"Nigeria",1998,"NGA",2953.478,"Africa",0.032470575213518,FALSE,119846254,353963274571.412
"Nigeria",1999,"NGA",2896.148,"Africa",-1.94110130496993,FALSE,123047320,356363249723.36
"Nigeria",2000,"NGA",2963.2742,"Africa",2.31777519657144,FALSE,126382494,374505983801.855
"Nigeria",2001,"NGA",3056.5112,"Africa",3.14641824236178,FALSE,129862595,396926476078.564
"Nigeria",2002,"NGA",3431.733,"Africa",12.2761467388047,FALSE,133471989,458040229226.937
"Nigeria",2003,"NGA",3585.9946,"Africa",4.49515157502054,FALSE,137202644,492007940489.722
"Nigeria",2004,"NGA",3813.5273,"Africa",6.34503744093759,FALSE,141057045,537924891964.829
"Nigeria",2005,"NGA",3951.1829,"Africa",3.60966604329801,FALSE,145017253,572989690258.574
"Nigeria",2006,"NGA",4079.1357,"Africa",3.23834161157156,FALSE,149077334,608106675180.224
"Nigeria",2007,"NGA",4231.764,"Africa",3.74168233726572,FALSE,153267261,648590877478.404
"Nigeria",2008,"NGA",4396.801,"Africa",3.89995755906994,FALSE,157595014,692913915150.214
"Nigeria",2009,"NGA",4622.364,"Africa",5.13016167891154,FALSE,162049464,749051608612.896
"Nigeria",2010,"NGA",4857.266,"Africa",5.0818585468388,FALSE,166642886,809428824309.676
"Nigeria",2011,"NGA",4975.638,"Africa",2.43700880289447,FALSE,171379598,852722840233.524
"Nigeria",2012,"NGA",5045.4717,"Africa",1.40351247417919,FALSE,176200625,889015266959.812
"Nigeria",2013,"NGA",5238.8325,"Africa",3.83236318618139,FALSE,181049443,948487706095.298
"Nigeria",2014,"NGA",5424.9243,"Africa",3.55216166960862,FALSE,185896915,1008476691478.53
"Nigeria",2015,"NGA",5429.0996,"Africa",0.0769651292645665,FALSE,190671878,1035176616581.05
"Nigeria",2016,"NGA",5209.074,"Africa",-4.05270885065361,FALSE,195443700,1018080696133.8
"Nigeria",2017,"NGA",5120.0054,"Africa",-1.70987396224357,FALSE,200254579,1025304525854.73
"Nigeria",2018,"NGA",5089.778,"Africa",-0.590378283585399,FALSE,204938755,1043092766546.39
"Nigeria",2019,"NGA",5076.368,"Africa",-0.263469251507627,FALSE,209485641,1063426204431.89
"Nigeria",2020,"NGA",4865.087,"Africa",-4.16205050540071,FALSE,213996181,1041110038232.75
"Nigeria",2021,"NGA",4922.6323,"Africa",1.18282160216251,FALSE,218529286,1075739321759.54
"North Macedonia",1990,"MKD",11113.2295,"Europe",NA,FALSE,2063689,22934249473.6255
"North Macedonia",1991,"MKD",10465.795,"Europe",-5.82579978214253,FALSE,2055994,21517611725.23
"North Macedonia",1992,"MKD",9869.13,"Europe",-5.70109580781967,FALSE,2032523,20059233714.99
"North Macedonia",1993,"MKD",9228.607,"Europe",-6.49016681308281,FALSE,2006854,18520466872.378
"North Macedonia",1994,"MKD",9132.368,"Europe",-1.0428334417101,FALSE,1992666,18197759213.088
"North Macedonia",1995,"MKD",9023.713,"Europe",-1.18977903649963,FALSE,1998534,18034197236.742
"North Macedonia",1996,"MKD",9083.668,"Europe",0.664416077949287,FALSE,2012553,18281363284.404
"North Macedonia",1997,"MKD",9202.275,"Europe",1.30571702972852,FALSE,1996869,18375737676.975
"North Macedonia",1998,"MKD",9462.709,"Europe",2.83010451219944,FALSE,2007523,18996605959.807
"North Macedonia",1999,"MKD",9826.216,"Europe",3.84146865342683,FALSE,2017142,19820872994.672
"North Macedonia",2000,"MKD",10226.541,"Europe",4.07405047884149,FALSE,2026350,20722551355.35
"North Macedonia",2001,"MKD",9871.304,"Europe",-3.47367697445304,FALSE,2034882,20086938826.128
"North Macedonia",2002,"MKD",10091.774,"Europe",2.23344352478659,FALSE,2020157,20386967888.518
"North Macedonia",2003,"MKD",10282.4,"Europe",1.88892458352714,FALSE,2022725,20798467540
"North Macedonia",2004,"MKD",10732.449,"Europe",4.37688671905393,FALSE,2016186,21638613419.514
"North Macedonia",2005,"MKD",11215.671,"Europe",4.50243928482679,FALSE,2005330,22491121526.43
"North Macedonia",2006,"MKD",11772.328,"Europe",4.96320728380851,FALSE,1994287,23477400690.136
"North Macedonia",2007,"MKD",12513.978,"Europe",6.29994339267475,FALSE,1982933,24814379937.474
"North Macedonia",2008,"MKD",13177.212,"Europe",5.29994538906813,FALSE,1971493,25978781217.516
"North Macedonia",2009,"MKD",13105.799,"Europe",-0.54194316673359,FALSE,1958782,25671403176.818
"North Macedonia",2010,"MKD",13517.428,"Europe",3.14081575644491,FALSE,1946298,26308943081.544
"North Macedonia",2011,"MKD",13809.965,"Europe",2.16414690723709,FALSE,1937398,26755398571.07
"North Macedonia",2012,"MKD",13730.258,"Europe",-0.577170181097493,FALSE,1929821,26496940223.818
"North Macedonia",2013,"MKD",14111.445,"Europe",2.77625518763012,FALSE,1922716,27132301084.62
"North Macedonia",2014,"MKD",14599.242,"Europe",3.45674734231683,FALSE,1917557,27994878691.794
"North Macedonia",2015,"MKD",15141.992,"Europe",3.7176587661195,FALSE,1912430,28957999760.56
"North Macedonia",2016,"MKD",15556.255,"Europe",2.73585536169877,FALSE,1906313,29655091137.815
"North Macedonia",2017,"MKD",15709.287,"Europe",0.983732910009518,FALSE,1898657,29826547727.559
"North Macedonia",2018,"MKD",16148.459,"Europe",2.79562019587522,FALSE,1889051,30505262622.409
"North Macedonia",2019,"MKD",16776.076,"Europe",3.886544220721,FALSE,1876262,31476313907.912
"North Macedonia",2020,"MKD",15782.548,"Europe",-5.92229076692309,FALSE,1856124,29294366123.952
"North Macedonia",2021,"MKD",16467.316,"Europe",4.33876709895004,FALSE,1837114,30252336766.024
"Norway",1990,"NOR",42136.6,"Europe",NA,FALSE,4241473,178721251211.8
"Norway",1991,"NOR",43229.918,"Europe",2.59469914516121,FALSE,4261732,184234324897.976
"Norway",1992,"NOR",44517.438,"Europe",2.97830775436586,FALSE,4286401,190819590760.638
"Norway",1993,"NOR",45512.39,"Europe",2.23497138357333,FALSE,4311991,196249016068.49
"Norway",1994,"NOR",47541.766,"Europe",4.45895282581294,FALSE,4336613,206170240478.558
"Norway",1995,"NOR",49260.97,"Europe",3.61619717702535,FALSE,4359184,214737632248.48
"Norway",1996,"NOR",51476.2,"Europe",4.49692728340509,FALSE,4381336,225534528203.2
"Norway",1997,"NOR",53903.438,"Europe",4.71526258737048,FALSE,4405157,237453107229.766
"Norway",1998,"NOR",54989.703,"Europe",2.01520541231526,FALSE,4431464,243684889215.192
"Norway",1999,"NOR",55713.758,"Europe",1.31671014844361,FALSE,4461913,248589941099.054
"Norway",2000,"NOR",57127.383,"Europe",2.53729967380768,FALSE,4490967,256557191849.361
"Norway",2001,"NOR",58018.312,"Europe",1.55954807171894,FALSE,4513751,261880213808.312
"Norway",2002,"NOR",58540.844,"Europe",0.900632889836573,FALSE,4538159,265667658066.196
"Norway",2003,"NOR",58728.156,"Europe",0.319968055124052,FALSE,4564855,268085516557.38
"Norway",2004,"NOR",60699.566,"Europe",3.35683960518017,FALSE,4591910,278726944111.06
"Norway",2005,"NOR",61870.363,"Europe",1.92883916171657,FALSE,4623291,286044692424.633
"Norway",2006,"NOR",62846.938,"Europe",1.57842131942883,FALSE,4660677,292909278457.026
"Norway",2007,"NOR",64062.438,"Europe",1.93406399528964,FALSE,4709153,301679822095.014
"Norway",2008,"NOR",63570.34,"Europe",-0.768153719032681,FALSE,4768212,303116858032.08
"Norway",2009,"NOR",61689.56,"Europe",-2.95858099862294,FALSE,4828726,297881982300.56
"Norway",2010,"NOR",61353.477,"Europe",-0.544797207177355,FALSE,4889252,299972610129.204
"Norway",2011,"NOR",61157.13,"Europe",-0.320025872372321,FALSE,4953088,302916646717.44
"Norway",2012,"NOR",61990.69,"Europe",1.36298089854773,FALSE,5018573,311104803085.37
"Norway",2013,"NOR",61878.977,"Europe",-0.18020931852832,FALSE,5079623,314321874785.671
"Norway",2014,"NOR",62390.13,"Europe",0.826052764253033,FALSE,5137232,320512572320.16
"Norway",2015,"NOR",62987.516,"Europe",0.957500809823615,FALSE,5188607,326817466430.212
"Norway",2016,"NOR",63104.082,"Europe",0.185062068489888,FALSE,5234519,330319516206.558
"Norway",2017,"NOR",64050.758,"Europe",1.50018187412979,FALSE,5276968,337993800341.744
"Norway",2018,"NOR",64341.258,"Europe",0.453546545069771,FALSE,5311916,341775357830.328
"Norway",2019,"NOR",64385.008,"Europe",0.0679968054090581,FALSE,5347896,344324326743.168
"Norway",2020,"NOR",63548,"Europe",-1.30000449794151,FALSE,5379475,341854877300
"Norway",2021,"NOR",65662.17,"Europe",3.326886762762,FALSE,5408320,355122027254.4
"Oman",1990,"OMN",30462.201,"Asia",NA,FALSE,1763954,53733921302.754
"Oman",1991,"OMN",30766.715,"Asia",0.999645429429079,FALSE,1851473,56963742121.195
"Oman",1992,"OMN",31842.557,"Asia",3.49677240485375,FALSE,1938238,61718453994.566
"Oman",1993,"OMN",32354.736,"Asia",1.60847321400728,FALSE,2021675,65410760902.8
"Oman",1994,"OMN",32635.176,"Asia",0.866766460403196,FALSE,2081834,67941018992.784
"Oman",1995,"OMN",33650.863,"Asia",3.11224612363052,FALSE,2120528,71357597215.664
"Oman",1996,"OMN",34090.805,"Asia",1.30737211702417,FALSE,2156926,73531343665.43
"Oman",1997,"OMN",35574.133,"Asia",4.35110875205206,FALSE,2190720,77932964645.76
"Oman",1998,"OMN",35967.32,"Asia",1.10526094901596,FALSE,2222489,79936973059.48
"Oman",1999,"OMN",35573.59,"Asia",-1.09468817804608,FALSE,2252909,80144061073.31
"Oman",2000,"OMN",37392.246,"Asia",5.11237690657593,FALSE,2282131,85334003756.226
"Oman",2001,"OMN",38568.316,"Asia",3.14522427992156,FALSE,2310217,89101179284.572
"Oman",2002,"OMN",37683.418,"Asia",-2.2943651467697,FALSE,2337140,88071423544.52
"Oman",2003,"OMN",36256.348,"Asia",-3.78699724106768,FALSE,2363796,85702610377.008
"Oman",2004,"OMN",36170.676,"Asia",-0.236295172365398,FALSE,2404821,86984001228.996
"Oman",2005,"OMN",36388.445,"Asia",0.60205952468237,FALSE,2459802,89508369787.89
"Oman",2006,"OMN",37662.516,"Asia",3.50130652738803,FALSE,2514795,94713506924.22
"Oman",2007,"OMN",38659.35,"Asia",2.64675360509636,FALSE,2570174,99361256226.9
"Oman",2008,"OMN",41114.24,"Asia",6.3500550319651,FALSE,2626529,107987743672.96
"Oman",2009,"OMN",42875.113,"Asia",4.28287863280459,FALSE,2684659,115105057991.467
"Oman",2010,"OMN",40819.938,"Asia",-4.79339844538718,FALSE,2757446,112558774758.348
"Oman",2011,"OMN",37745.453,"Asia",-7.53182182687294,FALSE,3076763,116133813208.639
"Oman",2012,"OMN",37270.586,"Asia",-1.2580773636496,FALSE,3547106,132202719224.116
"Oman",2013,"OMN",36330.48,"Asia",-2.52238051744075,FALSE,3833913,139287899568.24
"Oman",2014,"OMN",35032.258,"Asia",-3.57336869757846,FALSE,4002439,140214475677.262
"Oman",2015,"OMN",35188.023,"Asia",0.444633057909083,FALSE,4184895,147258181512.585
"Oman",2016,"OMN",35229.953,"Asia",0.11915986300225,FALSE,4390877,154690390338.781
"Oman",2017,"OMN",34218.387,"Asia",-2.87132372841939,FALSE,4537396,155262372300.252
"Oman",2018,"OMN",34212.105,"Asia",-0.0183585509159133,FALSE,4597877,157303050701.085
"Oman",2019,"OMN",33814.113,"Asia",-1.16330754860014,FALSE,4591241,155248741984.233
"Oman",2020,"OMN",33098.21,"Asia",-2.11717219966704,FALSE,4522497,149686555430.37
"Oman",2021,"OMN",34294.766,"Asia",3.6151683127275,FALSE,4500424,154340987980.784
"Pakistan",1990,"PAK",3061.5334,"Asia",NA,FALSE,116155576,355614175520.238
"Pakistan",1991,"PAK",3114.2422,"Asia",1.72164706744667,FALSE,120060406,373897182914.333
"Pakistan",1992,"PAK",3267.2908,"Asia",4.9144732545208,FALSE,123546848,403663479839.398
"Pakistan",1993,"PAK",3240.7356,"Asia",-0.812758998984732,FALSE,127020117,411638615078.065
"Pakistan",1994,"PAK",3265.6514,"Asia",0.768831619586621,FALSE,130748083,426977660296.266
"Pakistan",1995,"PAK",3328.002,"Asia",1.90928523479266,FALSE,134582253,447890007148.506
"Pakistan",1996,"PAK",3384.61,"Asia",1.7009605162497,FALSE,138557092,468961719154.12
"Pakistan",1997,"PAK",3319.8694,"Asia",-1.91279349762602,FALSE,142531804,473186974626.398
"Pakistan",1998,"PAK",3307.51,"Asia",-0.372285729071144,FALSE,146522356,484624157693.56
"Pakistan",1999,"PAK",3331.9531,"Asia",0.739018173792368,FALSE,150565377,501676774647.819
"Pakistan",2000,"PAK",3368.682,"Asia",1.1023234390664,FALSE,154879127,521738527300.614
"Pakistan",2001,"PAK",3382.2048,"Asia",0.401427026950012,FALSE,159270907,538686826155.754
"Pakistan",2002,"PAK",3381.1409,"Asia",-0.0314558124924932,FALSE,163222549,551878436226.154
"Pakistan",2003,"PAK",3499.0186,"Asia",3.48632912636087,FALSE,167110248,584721866002.613
"Pakistan",2004,"PAK",3679.9072,"Asia",5.16969529684696,FALSE,171286000,630316584659.2
"Pakistan",2005,"PAK",3836.0903,"Asia",4.24421300624102,FALSE,175453212,673054364657.044
"Pakistan",2006,"PAK",3978.0193,"Asia",3.699834698886,FALSE,179682690,714781208695.917
"Pakistan",2007,"PAK",4081.9119,"Asia",2.61166656481531,FALSE,184493231,753085115088.349
"Pakistan",2008,"PAK",4061.8865,"Asia",-0.490588736126323,FALSE,189499113,769723888856.675
"Pakistan",2009,"PAK",4084.8254,"Asia",0.564735129846688,FALSE,194376534,793994203247.164
"Pakistan",2010,"PAK",4058.0085,"Asia",-0.656500520193599,FALSE,199239047,808513746257.9
"Pakistan",2011,"PAK",4082.4495,"Asia",0.602290507770012,FALSE,203746065,831783021186.218
"Pakistan",2012,"PAK",4150.3257,"Asia",1.66263416118191,FALSE,207667125,861886205932.613
"Pakistan",2013,"PAK",4266.7114,"Asia",2.80425461548716,FALSE,211073978,900591748175.949
"Pakistan",2014,"PAK",4403.673,"Asia",3.21000384511593,FALSE,214264647,943551440848.431
"Pakistan",2015,"PAK",4552.6055,"Asia",3.38200633879945,FALSE,217290883,989239669045.656
"Pakistan",2016,"PAK",4746.718,"Asia",4.26376719880517,FALSE,220138869,1044937131981.94
"Pakistan",2017,"PAK",4891.7197,"Asia",3.05477805928222,FALSE,223273967,1092193662871.05
"Pakistan",2018,"PAK",5113.434,"Asia",4.53244081013065,FALSE,226928892,1160385911935.13
"Pakistan",2019,"PAK",5157.5464,"Asia",0.862676627878642,FALSE,230800899,1190366345754.21
"Pakistan",2020,"PAK",5004.352,"Asia",-2.97029610824248,FALSE,235001746,1176031457598.59
"Pakistan",2021,"PAK",5232.1426,"Asia",4.55185006969934,FALSE,239477801,1252982004366.42
"Palau",2000,"PLW",13301.023,"Oceania",NA,FALSE,19178,255087019.094
"Palau",2001,"PLW",14084.794,"Oceania",5.8925617976903,FALSE,19352,272568933.488
"Palau",2002,"PLW",14572.04,"Oceania",3.45937611867097,FALSE,19503,284198496.12
"Palau",2003,"PLW",14075.936,"Oceania",-3.40449243894473,FALSE,19659,276718825.824
"Palau",2004,"PLW",14739.449,"Oceania",4.7138108613168,FALSE,19820,292135879.18
"Palau",2005,"PLW",15381.835,"Oceania",4.35827689352566,FALSE,19819,304852587.865
"Palau",2006,"PLW",15484.9795,"Oceania",0.670560437034985,FALSE,19593,303397203.3435
"Palau",2007,"PLW",16004.339,"Oceania",3.35395665199299,FALSE,19302,308915751.378
"Palau",2008,"PLW",15287.382,"Oceania",-4.47976639335121,FALSE,19009,290597844.438
"Palau",2009,"PLW",14489.223,"Oceania",-5.22103130542561,FALSE,18709,271078873.107
"Palau",2010,"PLW",14744.528,"Oceania",1.762033754329,FALSE,18396,271240337.088
"Palau",2011,"PLW",15988.721,"Oceania",8.43833725976172,FALSE,18078,289044098.238
"Palau",2012,"PLW",16522.463,"Oceania",3.33824075108947,FALSE,17765,293521555.195
"Palau",2013,"PLW",16089.208,"Oceania",-2.62221800708526,FALSE,17648,283942342.784
"Palau",2014,"PLW",17110.49,"Oceania",6.34762133723426,FALSE,17715,303112330.35
"Palau",2015,"PLW",18402.53,"Oceania",7.55115721408327,FALSE,17770,327012958.1
"Palau",2016,"PLW",18364.48,"Oceania",-0.206765048066756,FALSE,17797,326832650.56
"Palau",2017,"PLW",17594.69,"Oceania",-4.19173317186221,FALSE,17812,313396618.28
"Palau",2018,"PLW",17587.088,"Oceania",-0.0432062173303363,FALSE,17814,313296385.632
"Palau",2019,"PLW",17605.48,"Oceania",0.104576721285524,FALSE,17798,313342333.04
"Palau",2020,"PLW",15952.251,"Oceania",-9.39042275473318,FALSE,17792,283822449.792
"Palau",2021,"PLW",13785.397,"Oceania",-13.5833745344152,FALSE,17783,245145714.851
"Panama",1990,"PAN",10817.845,"North America",NA,FALSE,2455583,26564116278.635
"Panama",1991,"PAN",11590.415,"North America",7.14162571196021,FALSE,2508265,29071832279.975
"Panama",1992,"PAN",12284.064,"North America",5.98467785666,FALSE,2561336,31463615349.504
"Panama",1993,"PAN",12690.362,"North America",3.30752102887122,FALSE,2615099,33186552975.838
"Panama",1994,"PAN",12787.786,"North America",0.76770071649651,FALSE,2669546,34137582965.156
"Panama",1995,"PAN",12749.824,"North America",-0.296861395709934,FALSE,2724557,34737622227.968
"Panama",1996,"PAN",13004.067,"North America",1.99409027136373,FALSE,2780227,36154258183.209
"Panama",1997,"PAN",13568.225,"North America",4.33831969644574,FALSE,2836695,38488916016.375
"Panama",1998,"PAN",14275.667,"North America",5.21396129560056,FALSE,2893914,41312552590.638
"Panama",1999,"PAN",14542.812,"North America",1.87133112589416,FALSE,2951822,42927792403.464
"Panama",2000,"PAN",14646.033,"North America",0.709773323068465,FALSE,3010369,44089963716.177
"Panama",2001,"PAN",14444.814,"North America",-1.37388055864683,FALSE,3069537,44338891031.118
"Panama",2002,"PAN",14483.085,"North America",0.264946298373927,FALSE,3129344,45322555146.24
"Panama",2003,"PAN",14804.625,"North America",2.22010711115761,FALSE,3189807,47223896457.375
"Panama",2004,"PAN",15615.4,"North America",5.47649805381764,FALSE,3251155,50768085787
"Panama",2005,"PAN",16421.607,"North America",5.16289688384544,FALSE,3313026,54405210952.782
"Panama",2006,"PAN",17510.35,"North America",6.62994188084028,FALSE,3375024,59097851498.4
"Panama",2007,"PAN",19248.56,"North America",9.92675760336031,FALSE,3437490,66166732514.4
"Panama",2008,"PAN",20760.492,"North America",7.85477978612425,FALSE,3500648,72675174798.816
"Panama",2009,"PAN",20640.215,"North America",-0.579355248420886,FALSE,3564381,73569590181.915
"Panama",2010,"PAN",21455.684,"North America",3.95087454273127,FALSE,3628535,77852700342.94
"Panama",2011,"PAN",23461.873,"North America",9.35038472788841,FALSE,3693505,86656545234.865
"Panama",2012,"PAN",25302.08,"North America",7.84339340682648,FALSE,3759256,95116996052.48
"Panama",2013,"PAN",26576.863,"North America",5.0382537720219,FALSE,3825329,101665244762.927
"Panama",2014,"PAN",27440.566,"North America",3.24983050106402,FALSE,3892101,106801454369.166
"Panama",2015,"PAN",28512.926,"North America",3.90793688439226,FALSE,3960035,112912184912.41
"Panama",2016,"PAN",29410.635,"North America",3.14842819007772,FALSE,4029086,118497977729.61
"Panama",2017,"PAN",30526.379,"North America",3.79367531506886,FALSE,4098707,125118683291.953
"Panama",2018,"PAN",31125.625,"North America",1.96304317652611,FALSE,4167860,129727247412.5
"Panama",2019,"PAN",31543.605,"North America",1.34288066504689,FALSE,4234700,133577704093.5
"Panama",2020,"PAN",25510.273,"North America",-19.126957746269,FALSE,4293261,109522260170.253
"Panama",2021,"PAN",29037.945,"North America",13.8284368810949,FALSE,4345405,126181631392.725
"Papua New Guinea",1990,"PNG",2907.3513,"Oceania",NA,FALSE,3896481,11328439100.7753
"Papua New Guinea",1991,"PNG",3084.3438,"Oceania",6.08775760947775,FALSE,4021837,12404728015.5606
"Papua New Guinea",1992,"PNG",3387.8594,"Oceania",9.84052426321604,FALSE,4166699,14116190374.1206
"Papua New Guinea",1993,"PNG",3859.9473,"Oceania",13.9346957550836,FALSE,4320872,16678338210.0456
"Papua New Guinea",1994,"PNG",3942.2366,"Oceania",2.13187625644527,FALSE,4480208,17662039953.2128
"Papua New Guinea",1995,"PNG",3675.6272,"Oceania",-6.76289698086615,FALSE,4644278,17070634541.1616
"Papua New Guinea",1996,"PNG",3819.6797,"Oceania",3.9191270540168,FALSE,4813361,18385497300.4717
"Papua New Guinea",1997,"PNG",3541.3884,"Oceania",-7.28572346000635,FALSE,4987883,17664030996.7572
"Papua New Guinea",1998,"PNG",3289.6067,"Oceania",-7.10968895702036,FALSE,5166390,16995391158.813
"Papua New Guinea",1999,"PNG",3235.6978,"Oceania",-1.63876429361601,FALSE,5349333,17308825019.5674
"Papua New Guinea",2000,"PNG",3047.9167,"Oceania",-5.80341897194478,FALSE,5537064,16876509834.5688
"Papua New Guinea",2001,"PNG",2942.6167,"Oceania",-3.4548188275618,FALSE,5728435,16856588495.8645
"Papua New Guinea",2002,"PNG",2841.1626,"Oceania",-3.44775111213091,FALSE,5924003,16831055765.8878
"Papua New Guinea",2003,"PNG",2808.1086,"Oceania",-1.16339698403745,FALSE,6123997,17196848642.0742
"Papua New Guinea",2004,"PNG",2791.8486,"Oceania",-0.579037434663325,FALSE,6328041,17666932406.5926
"Papua New Guinea",2005,"PNG",2875.0337,"Oceania",2.97957059705889,FALSE,6535905,18790947134.9985
"Papua New Guinea",2006,"PNG",2935.9712,"Oceania",2.11954037269198,FALSE,6747720,19811111585.664
"Papua New Guinea",2007,"PNG",3068.074,"Oceania",4.49945830531308,FALSE,6963345,21364057747.53
"Papua New Guinea",2008,"PNG",2966.0168,"Oceania",-3.32642563380154,FALSE,7183002,21304904606.4336
"Papua New Guinea",2009,"PNG",3072.6287,"Oceania",3.5944469363761,FALSE,7406438,22757233963.5706
"Papua New Guinea",2010,"PNG",3283.715,"Oceania",6.86989287055738,FALSE,7633523,25066313977.945
"Papua New Guinea",2011,"PNG",3225.0874,"Oceania",-1.78540464078034,FALSE,7859346,25347077756.8404
"Papua New Guinea",2012,"PNG",3282.809,"Oceania",1.78976855014845,FALSE,8081390,26529659824.51
"Papua New Guinea",2013,"PNG",3317.816,"Oceania",1.06637334063601,FALSE,8302698,27546824267.568
"Papua New Guinea",2014,"PNG",3669.913,"Oceania",10.6123124368561,FALSE,8523441,31280286930.633
"Papua New Guinea",2015,"PNG",3813.1143,"Oceania",3.90203527985541,FALSE,8743246,33338996351.0178
"Papua New Guinea",2016,"PNG",3924.356,"Oceania",2.91734501638202,FALSE,8961718,35168971803.608
"Papua New Guinea",2017,"PNG",3966.9475,"Oceania",1.08531183205601,FALSE,9178714,36411476555.515
"Papua New Guinea",2018,"PNG",3864.9446,"Oceania",-2.57131963556363,FALSE,9394513,36309272288.9798
"Papua New Guinea",2019,"PNG",3947.8655,"Oceania",2.14546154167385,FALSE,9609010,37935079068.155
"Papua New Guinea",2020,"PNG",3741.5967,"Oceania",-5.22481832271134,FALSE,9815746,36726562841.6382
"Papua New Guinea",2021,"PNG",3677.4602,"Oceania",-1.71414786633739,FALSE,10012896,36822026526.7392
"Paraguay",1990,"PRY",8818.629,"South America",NA,FALSE,4035747,35589755530.863
"Paraguay",1991,"PRY",8888.479,"South America",0.792073234966553,FALSE,4144364,36837092382.356
"Paraguay",1992,"PRY",8808.784,"South America",-0.896610094932999,FALSE,4253600,37469043622.4
"Paraguay",1993,"PRY",9013.59,"South America",2.32502011628393,FALSE,4362696,39323553038.64
"Paraguay",1994,"PRY",9262.535,"South America",2.7618851090409,FALSE,4471417,41416656462.095
"Paraguay",1995,"PRY",9661.069,"South America",4.30264501024827,FALSE,4579806,44245821772.614
"Paraguay",1996,"PRY",9588.724,"South America",-0.748830176039519,FALSE,4687543,44947556065.132
"Paraguay",1997,"PRY",9774.315,"South America",1.93551300465005,FALSE,4794412,46862093127.78
"Paraguay",1998,"PRY",9572.054,"South America",-2.06931125096746,FALSE,4900025,46903303901.35
"Paraguay",1999,"PRY",9248.594,"South America",-3.37921202701114,FALSE,5003135,46271964342.19
"Paraguay",2000,"PRY",8862.144,"South America",-4.17847296572862,FALSE,5100868,45204626740.992
"Paraguay",2001,"PRY",8640.303,"South America",-2.50324300756115,FALSE,5187689,44823204829.767
"Paraguay",2002,"PRY",8515.946,"South America",-1.43926665534762,FALSE,5261328,44805185136.288
"Paraguay",2003,"PRY",8773.139,"South America",3.02013422818791,FALSE,5326436,46729563402.604
"Paraguay",2004,"PRY",9022.798,"South America",2.84572032883557,FALSE,5388175,48616414613.65
"Paraguay",2005,"PRY",9113.412,"South America",1.00427827376829,FALSE,5448097,49650752576.964
"Paraguay",2006,"PRY",9451.761,"South America",3.7126490056633,FALSE,5505148,52033343165.628
"Paraguay",2007,"PRY",9865.326,"South America",4.37553382909279,FALSE,5559386,54845155249.836
"Paraguay",2008,"PRY",10403.841,"South America",5.45866401171133,FALSE,5613574,58402731337.734
"Paraguay",2009,"PRY",10272.177,"South America",-1.26553260473705,FALSE,5671236,58255940000.772
"Paraguay",2010,"PRY",11281.256,"South America",9.82341912527403,FALSE,5737971,64731519771.576
"Paraguay",2011,"PRY",11613.169,"South America",2.94216353214572,FALSE,5814626,67526234409.794
"Paraguay",2012,"PRY",11376.407,"South America",-2.03873723012212,FALSE,5897008,67086763090.256
"Paraguay",2013,"PRY",12150.972,"South America",6.80852047575303,FALSE,5982445,72692521686.54
"Paraguay",2014,"PRY",12616.414,"South America",3.83049191455631,FALSE,6069811,76579248477.754
"Paraguay",2015,"PRY",12806.097,"South America",1.50346207725903,FALSE,6159103,78874070450.991
"Paraguay",2016,"PRY",13163.74,"South America",2.7927556694284,FALSE,6249126,82261869891.24
"Paraguay",2017,"PRY",13604.175,"South America",3.34581965307731,FALSE,6338660,86232239905.5
"Paraguay",2018,"PRY",13848.499,"South America",1.79594867016927,FALSE,6427382,89009593199.618
"Paraguay",2019,"PRY",13609.723,"South America",-1.72420130152733,FALSE,6515058,88668134708.934
"Paraguay",2020,"PRY",13317.321,"South America",-2.14847870158709,FALSE,6603739,87944112063.219
"Paraguay",2021,"PRY",13687.655,"South America",2.78084458578419,FALSE,6684182,91490777173.21
"Peru",1990,"PER",5240.258,"South America",NA,FALSE,22014771,115363079850.918
"Peru",1991,"PER",5244.1445,"South America",0.0741661956338891,FALSE,22483775,117908165005.488
"Peru",1992,"PER",5110.7373,"South America",-2.54392685022315,FALSE,22946340,117272715736.482
"Peru",1993,"PER",5271.982,"South America",3.15501835713607,FALSE,23413783,123437042527.906
"Peru",1994,"PER",5804.9995,"South America",10.1103816363561,FALSE,23881493,138632054924.254
"Peru",1995,"PER",6116.439,"South America",5.36502199526461,FALSE,24348919,148928677779.441
"Peru",1996,"PER",6171.955,"South America",0.907652312072427,FALSE,24811171,153133430909.305
"Peru",1997,"PER",6453.0215,"South America",4.55392983260571,FALSE,25274147,163094613985.16
"Peru",1998,"PER",6315.0156,"South America",-2.13862451876226,FALSE,25738095,162536471439.282
"Peru",1999,"PER",6303.456,"South America",-0.183049429046535,FALSE,26186504,165065475757.824
"Peru",2000,"PER",6375.616,"South America",1.14476883792002,FALSE,26598331,169580744696.896
"Peru",2001,"PER",6329.413,"South America",-0.724682916913447,FALSE,26964601,170670096109.213
"Peru",2002,"PER",6596.5503,"South America",4.22056990118989,FALSE,27288217,180008096037.815
"Peru",2003,"PER",6799.4497,"South America",3.07584101950985,FALSE,27580490,187532154456.353
"Peru",2004,"PER",7067.3555,"South America",3.9401100356695,FALSE,27852190,196841328183.545
"Peru",2005,"PER",7443.931,"South America",5.3283791936036,FALSE,28101180,209183244938.58
"Peru",2006,"PER",7938.435,"South America",6.64304921687212,FALSE,28324491,224852130711.585
"Peru",2007,"PER",8548.6045,"South America",7.68626939692772,FALSE,28530699,243897661859.545
"Peru",2008,"PER",9262.151,"South America",8.34693545595659,FALSE,28719041,266000094317.191
"Peru",2009,"PER",9298.078,"South America",0.387890458706619,FALSE,28896811,268684802629.258
"Peru",2010,"PER",9996.9375,"South America",7.51617162170505,FALSE,29086019,290771114066.812
"Peru",2011,"PER",10539.982,"South America",5.43210858325362,FALSE,29304086,308864538966.452
"Peru",2012,"PER",11084.874,"South America",5.16976214949893,FALSE,29550366,327562083763.884
"Peru",2013,"PER",11620.645,"South America",4.83335218785528,FALSE,29817919,346503451337.755
"Peru",2014,"PER",11773.944,"South America",1.31919527702635,FALSE,30115826,354582048837.744
"Peru",2015,"PER",12015.1875,"South America",2.04896082400256,FALSE,30457600,365953774800
"Peru",2016,"PER",12321.318,"South America",2.54786286106646,FALSE,30866494,380315888119.092
"Peru",2017,"PER",12442.746,"South America",0.98551145258973,FALSE,31324637,389764501733.202
"Peru",2018,"PER",12696.236,"South America",2.0372512627036,FALSE,31897584,404979254293.824
"Peru",2019,"PER",12735.168,"South America",0.306642063049229,FALSE,32449303,413247325187.904
"Peru",2020,"PER",11176.919,"South America",-12.2357946122108,FALSE,32838579,367034137558.101
"Peru",2021,"PER",12514.651,"South America",11.9687008557546,FALSE,33155882,414934291827.182
"Philippines",1990,"PHL",4232.4775,"Asia",NA,FALSE,62854666,266030959615.015
"Philippines",1991,"PHL",4115.017,"Asia",-2.7752185333531,FALSE,64382249,264934049133.233
"Philippines",1992,"PHL",4035.9282,"Asia",-1.92195560795982,FALSE,65926125,266073107004.225
"Philippines",1993,"PHL",4027.8953,"Asia",-0.199034759835413,FALSE,67530621,272006270931.981
"Philippines",1994,"PHL",4106.6846,"Asia",1.95609106324088,FALSE,69019291,283440459452.619
"Philippines",1995,"PHL",4197.3447,"Asia",2.20762266476466,FALSE,70546246,296106911752.996
"Philippines",1996,"PHL",4337.1963,"Asia",3.33190647887461,FALSE,72190242,313103250498.505
"Philippines",1997,"PHL",4450.8545,"Asia",2.62054544314724,FALSE,73908810,328957359578.145
"Philippines",1998,"PHL",4322.577,"Asia",-2.8820870239636,FALSE,75791024,327612537148.848
"Philippines",1999,"PHL",4364.2837,"Asia",0.964857306185632,FALSE,77753257,339337272147.011
"Philippines",2000,"PHL",4455.6724,"Asia",2.09401373242533,FALSE,79625397,354784683751.943
"Philippines",2001,"PHL",4495.361,"Asia",0.890743224299872,FALSE,81401488,365929074497.168
"Philippines",2002,"PHL",4567.2344,"Asia",1.59883488778766,FALSE,83068889,379395087410.582
"Philippines",2003,"PHL",4703.6665,"Asia",2.98719286227131,FALSE,84731835,398550293773.028
"Philippines",2004,"PHL",4914.036,"Asia",4.47245781562106,FALSE,86394504,424545702858.144
"Philippines",2005,"PHL",5058.0474,"Asia",2.93061345093932,FALSE,88015962,445188907752.599
"Philippines",2006,"PHL",5227.533,"Asia",3.35081082870042,FALSE,89508986,467911178111.538
"Philippines",2007,"PHL",5465.152,"Asia",4.54552845481797,FALSE,91075184,497739723987.968
"Philippines",2008,"PHL",5596.913,"Asia",2.41093019919665,FALSE,92699095,518828769893.735
"Philippines",2009,"PHL",5574.4526,"Asia",-0.40129978793667,FALSE,94384250,526140527811.55
"Philippines",2010,"PHL",5876.478,"Asia",5.41802795130055,FALSE,96337125,566122995645.75
"Philippines",2011,"PHL",5995.431,"Asia",2.02422267215158,FALSE,98248614,589042786082.634
"Philippines",2012,"PHL",6298.16,"Asia",5.04932839690758,FALSE,100175512,630921402657.92
"Philippines",2013,"PHL",6610.851,"Asia",4.9647992429535,FALSE,102076336,674811447921.936
"Philippines",2014,"PHL",6917.749,"Asia",4.64233727246311,FALSE,103767130,717834959790.37
"Philippines",2015,"PHL",7235.0815,"Asia",4.58722194170388,FALSE,105312992,761948080128.848
"Philippines",2016,"PHL",7616.05,"Asia",5.26557302775373,FALSE,106735719,812904572689.95
"Philippines",2017,"PHL",8001.7563,"Asia",5.06438770753868,FALSE,108119693,865147434616.816
"Philippines",2018,"PHL",8365.732,"Asia",4.54869764029179,FALSE,109465287,915757254345.084
"Philippines",2019,"PHL",8731.861,"Asia",4.37653274094844,FALSE,110804683,967531090105.063
"Philippines",2020,"PHL",7773.2603,"Asia",-10.9781946826685,FALSE,112081264,871236839825.019
"Philippines",2021,"PHL",8094.693,"Asia",4.1351078903147,FALSE,113100950,915517468258.35
"Poland",1990,"POL",11259.4375,"Europe",NA,FALSE,38110782,429105968005.125
"Poland",1991,"POL",10432.455,"Europe",-7.34479408940278,FALSE,38246193,399001687393.815
"Poland",1992,"POL",10662.08,"Europe",2.20106389148096,FALSE,38363667,409036486647.36
"Poland",1993,"POL",11032.554,"Europe",3.47468786578229,FALSE,38461408,424327560676.032
"Poland",1994,"POL",11591.999,"Europe",5.07085666655246,FALSE,38542652,446786383441.348
"Poland",1995,"POL",12398.524,"Europe",6.95760066922021,FALSE,38594998,478521008982.952
"Poland",1996,"POL",13146.756,"Europe",6.03484737376804,FALSE,38624370,507785168043.72
"Poland",1997,"POL",13985.434,"Europe",6.37935320317803,FALSE,38649660,540532269052.44
"Poland",1998,"POL",14629.198,"Europe",4.60310348609847,FALSE,38663481,565615718918.238
"Poland",1999,"POL",15311.443,"Europe",4.6635844288935,FALSE,38660271,591944535781.053
"Poland",2000,"POL",16177.867,"Europe",5.65866979356551,FALSE,38258629,618943011564.343
"Poland",2001,"POL",16385.998,"Europe",1.28651694317922,FALSE,38248076,626732896839.848
"Poland",2002,"POL",16727.34,"Europe",2.08313219615919,FALSE,38230364,639492296951.76
"Poland",2003,"POL",17324.217,"Europe",3.5682720623841,FALSE,38204570,661864261071.69
"Poland",2004,"POL",18198.1,"Europe",5.04428569556707,FALSE,38182222,694843894178.2
"Poland",2005,"POL",18844.557,"Europe",3.55233238634804,FALSE,38165445,719210903732.865
"Poland",2006,"POL",20012.621,"Europe",6.19841580781123,FALSE,38141267,763306720930.807
"Poland",2007,"POL",21437.457,"Europe",7.11968712144201,FALSE,38120560,817207865815.92
"Poland",2008,"POL",22334.781,"Europe",4.18577632598867,FALSE,38125759,851530477723.779
"Poland",2009,"POL",22951.785,"Europe",2.76252540824108,FALSE,38151603,875647389461.355
"Poland",2010,"POL",23692.91,"Europe",3.22905168377971,FALSE,38042794,901344494390.54
"Poland",2011,"POL",24874.172,"Europe",4.98571935655012,FALSE,38063255,946791951749.86
"Poland",2012,"POL",25258.594,"Europe",1.54546651844332,FALSE,38063164,961422005831.416
"Poland",2013,"POL",25490.328,"Europe",0.917446157137647,FALSE,38040196,969657073224.288
"Poland",2014,"POL",26488.201,"Europe",3.91471227831984,FALSE,38011735,1006862477038.73
"Poland",2015,"POL",27667.69,"Europe",4.45288451261751,FALSE,37986412,1050996271428.28
"Poland",2016,"POL",28497.104,"Europe",2.99777104629986,FALSE,37970087,1082037518128.05
"Poland",2017,"POL",29958.121,"Europe",5.1268964032275,FALSE,37974826,1137654432261.95
"Poland",2018,"POL",31739.258,"Europe",5.94542294558461,FALSE,37974750,1205290387735.5
"Poland",2019,"POL",33159.75,"Europe",4.47550475187542,FALSE,37965475,1258925659631.25
"Poland",2020,"POL",32546.826,"Europe",-1.84839753013819,FALSE,37515748,1221018522415.85
"Poland",2021,"POL",34915.523,"Europe",7.27781258916,FALSE,36981559,1291230473840.36
"Portugal",1990,"PRT",23556.855,"Europe",NA,FALSE,9983218,235173218859.39
"Portugal",1991,"PRT",24642.6,"Europe",4.60904055316382,FALSE,9960235,245446087011
"Portugal",1992,"PRT",24930.451,"Europe",1.16810320339576,FALSE,9952494,248120163994.794
"Portugal",1993,"PRT",24391.2,"Europe",-2.16302143912278,FALSE,9964675,243050380860
"Portugal",1994,"PRT",24560.357,"Europe",0.693516514152642,FALSE,9991525,245395420974.425
"Portugal",1995,"PRT",25523.705,"Europe",3.92236969519621,FALSE,10026176,255905158502.08
"Portugal",1996,"PRT",26318.975,"Europe",3.11580940149558,FALSE,10063945,264872716856.375
"Portugal",1997,"PRT",27354.836,"Europe",3.93579537197023,FALSE,10108977,276529407962.772
"Portugal",1998,"PRT",28525.518,"Europe",4.27961622581104,FALSE,10160196,289824853881.528
"Portugal",1999,"PRT",29472.709,"Europe",3.32050411845281,FALSE,10217828,301147071256.052
"Portugal",2000,"PRT",30383.139,"Europe",3.08906113788183,FALSE,10289898,312639401229.822
"Portugal",2001,"PRT",30756.02,"Europe",1.22726292368936,FALSE,10362722,318716085086.44
"Portugal",2002,"PRT",30823.85,"Europe",0.22054218978918,FALSE,10419631,321173142999.35
"Portugal",2003,"PRT",30422.602,"Europe",-1.30174523948176,FALSE,10458821,318184548672.242
"Portugal",2004,"PRT",30892.82,"Europe",1.54562058827184,FALSE,10483861,323876030778.02
"Portugal",2005,"PRT",31076.645,"Europe",0.595041177852979,FALSE,10503330,326408257727.85
"Portugal",2006,"PRT",31524.75,"Europe",1.4419349321653,FALSE,10522288,331712498628
"Portugal",2007,"PRT",32251.568,"Europe",2.3055472287647,FALSE,10542964,340027120367.552
"Portugal",2008,"PRT",32307.912,"Europe",0.174701583501307,FALSE,10558177,341112653396.424
"Portugal",2009,"PRT",31269.41,"Europe",-3.21438909453511,FALSE,10568247,330462848424.27
"Portugal",2010,"PRT",31798.154,"Europe",1.69093052922968,FALSE,10573100,336205062057.4
"Portugal",2011,"PRT",31304.816,"Europe",-1.55146742166228,FALSE,10557560,330502473208.96
"Portugal",2012,"PRT",30156.701,"Europe",-3.66753473331387,FALSE,10514844,317093006569.644
"Portugal",2013,"PRT",30042.89,"Europe",-0.377398708167719,FALSE,10457295,314167363382.55
"Portugal",2014,"PRT",30444.6,"Europe",1.33712169501669,FALSE,10401062,316656172165.2
"Portugal",2015,"PRT",31118.791,"Europe",2.21448467051629,FALSE,10358076,322330802206.116
"Portugal",2016,"PRT",31847.537,"Europe",2.34181977056885,FALSE,10325452,328840214611.724
"Portugal",2017,"PRT",33044.715,"Europe",3.75909132313747,FALSE,10300300,340370477914.5
"Portugal",2018,"PRT",34040.727,"Europe",3.01413403020726,FALSE,10283822,350068777218.594
"Portugal",2019,"PRT",34945.66,"Europe",2.65838329481037,FALSE,10286263,359460249468.58
"Portugal",2020,"PRT",32011.324,"Europe",-8.39685385824735,FALSE,10297081,329623196145.244
"Portugal",2021,"PRT",33674.527,"Europe",5.19567075701087,FALSE,10361831,348929757778.937
"Qatar",2000,"QAT",79400.43,"Asia",NA,FALSE,644989,51212403945.27
"Qatar",2001,"QAT",78498.13,"Asia",-1.13639183062357,FALSE,677925,53215844780.25
"Qatar",2002,"QAT",80083.06,"Asia",2.01906720580477,FALSE,711205,56955472687.3
"Qatar",2003,"QAT",79140.63,"Asia",-1.17681567112944,FALSE,744682,58934602629.66
"Qatar",2004,"QAT",90782.72,"Asia",14.710635990641,FALSE,773332,70205182423.04
"Qatar",2005,"QAT",89448.05,"Asia",-1.47018066874401,FALSE,825408,73831136054.4
"Qatar",2006,"QAT",94361.625,"Asia",5.49321645357277,FALSE,972831,91797914010.375
"Qatar",2007,"QAT",91736.75,"Asia",-2.78171873364834,FALSE,1208595,110872577366.25
"Qatar",2008,"QAT",92067.81,"Asia",0.360880454125525,FALSE,1426938,131375056665.78
"Qatar",2009,"QAT",92450.25,"Asia",0.415389483034301,FALSE,1608903,148743484575.75
"Qatar",2010,"QAT",103902.516,"Asia",12.3874905692521,FALSE,1616832,167992912749.312
"Qatar",2011,"QAT",111879.75,"Asia",7.67761388954238,FALSE,1624761,181777854489.75
"Qatar",2012,"QAT",110931.51,"Asia",-0.847552841331881,FALSE,1722438,191072648221.38
"Qatar",2013,"QAT",109625.63,"Asia",-1.17719482949433,FALSE,1916426,210089407598.38
"Qatar",2014,"QAT",106141.33,"Asia",-3.17836257816717,FALSE,2151745,228389076120.85
"Qatar",2015,"QAT",101971.99,"Asia",-3.92810227646478,FALSE,2344557,239079142958.43
"Qatar",2016,"QAT",97783.12,"Asia",-4.1078633456109,FALSE,2477113,242219837732.56
"Qatar",2017,"QAT",92177.59,"Asia",-5.73261519984226,FALSE,2545820,234667552173.8
"Qatar",2018,"QAT",91461.62,"Asia",-0.776728920771308,FALSE,2580734,236038112429.08
"Qatar",2019,"QAT",90840.43,"Asia",-0.679181059771303,FALSE,2638657,239696736502.51
"Qatar",2020,"QAT",89019.07,"Asia",-2.0050103241475,FALSE,2794148,248732456402.36
"Qatar",2021,"QAT",92862.35,"Asia",4.31736705404808,FALSE,2504910,232611829138.5
"Romania",1990,"ROU",13378.491,"Europe",NA,FALSE,23201835,310405540730.985
"Romania",1991,"ROU",11751.875,"Europe",-12.1584414864128,FALSE,23001155,270306698415.625
"Romania",1992,"ROU",10818.865,"Europe",-7.93924373770143,FALSE,22794284,246608281367.66
"Romania",1993,"ROU",10999.229,"Europe",1.6671249710575,FALSE,22763280,250378529511.12
"Romania",1994,"ROU",11448.344,"Europe",4.08314982804704,FALSE,22730211,260223274720.584
"Romania",1995,"ROU",12186.608,"Europe",6.44865318512443,FALSE,22684270,276444306256.16
"Romania",1996,"ROU",12699.362,"Europe",4.20752025502091,FALSE,22619004,287246919875.448
"Romania",1997,"ROU",12118.4,"Europe",-4.57473375434136,FALSE,22553978,273318126995.2
"Romania",1998,"ROU",11897.019,"Europe",-1.8268170715606,FALSE,22507344,267770299207.536
"Romania",1999,"ROU",11870.827,"Europe",-0.220155990336747,FALSE,22472040,266761699177.08
"Romania",2000,"ROU",12178.754,"Europe",2.5939810259218,FALSE,22442971,273327422838.134
"Romania",2001,"ROU",12994.325,"Europe",6.69667028334754,FALSE,22131970,287590011070.25
"Romania",2002,"ROU",13989.154,"Europe",7.6558728521874,FALSE,21730496,303991255040.384
"Romania",2003,"ROU",14420.295,"Europe",3.08196621468317,FALSE,21574326,311108145346.17
"Romania",2004,"ROU",16015.051,"Europe",11.0591080140871,FALSE,21451748,343550838259.148
"Romania",2005,"ROU",16866.492,"Europe",5.31650508012743,FALSE,21319685,359588296495.02
"Romania",2006,"ROU",18328.932,"Europe",8.67068267663485,FALSE,21193760,388458985864.32
"Romania",2007,"ROU",19947.31,"Europe",8.82963611846015,FALSE,20882982,416559315678.42
"Romania",2008,"ROU",22170.281,"Europe",11.1442144329235,FALSE,20537875,455330459892.875
"Romania",2009,"ROU",21122.297,"Europe",-4.72697662244335,FALSE,20367487,430208109557.639
"Romania",2010,"ROU",20419.188,"Europe",-3.32875254997125,FALSE,20246871,413424665360.748
"Romania",2011,"ROU",21446.771,"Europe",5.0324381165402,FALSE,20147528,432099419232.088
"Romania",2012,"ROU",21957.15,"Europe",2.3797475153719,FALSE,20058035,440417283200.25
"Romania",2013,"ROU",22098.33,"Europe",0.642979621672213,FALSE,19983693,441606242532.69
"Romania",2014,"ROU",23095.28,"Europe",4.51142688157882,FALSE,19908979,459803444519.12
"Romania",2015,"ROU",23937.46,"Europe",3.6465459609063,FALSE,19815616,474335515375.36
"Romania",2016,"ROU",24763.135,"Europe",3.44930080300917,FALSE,19702267,487889897527.045
"Romania",2017,"ROU",26948.158,"Europe",8.82369296133144,FALSE,19588715,527879786836.97
"Romania",2018,"ROU",28741.227,"Europe",6.65377203146872,FALSE,19473970,559705792361.19
"Romania",2019,"ROU",30006.336,"Europe",4.40172230642763,FALSE,19371648,581272178761.728
"Romania",2020,"ROU",29062.473,"Europe",-3.14554566075644,FALSE,19265250,559895807963.25
"Romania",2021,"ROU",30776.93,"Europe",5.89921236227901,FALSE,19122059,588518271298.87
"Rwanda",1990,"RWA",932.65753,"Africa",NA,TRUE,7375307,6878635609.61171
"Rwanda",1991,"RWA",889.07886,"Africa",-4.6725264738923,TRUE,7526966,6692066350.53876
"Rwanda",1992,"RWA",920.2064,"Africa",3.50110000365998,TRUE,7683266,7070190546.1024
"Rwanda",1993,"RWA",819.1106,"Africa",-10.9862091808968,TRUE,7981132,6537429821.1992
"Rwanda",1994,"RWA",478.4682,"Africa",-41.5868626288074,TRUE,6792352,3249924435.2064
"Rwanda",1995,"RWA",765.98236,"Africa",60.0905472923801,TRUE,5674118,4346274296.55848
"Rwanda",1996,"RWA",731.3329,"Africa",-4.5235323695966,TRUE,6708764,4906339831.5356
"Rwanda",1997,"RWA",729.3163,"Africa",-0.275743098662735,TRUE,7755238,5656021483.7794
"Rwanda",1998,"RWA",769.05566,"Africa",5.44885120488875,TRUE,8081681,6215262515.36446
"Rwanda",1999,"RWA",793.01135,"Africa",3.11494879317318,TRUE,8147912,6461386694.8012
"Rwanda",2000,"RWA",848.75433,"Africa",7.02927896303123,TRUE,8213931,6971609502.57123
"Rwanda",2001,"RWA",908.0088,"Africa",6.98134523802665,TRUE,8287094,7524754278.4272
"Rwanda",2002,"RWA",1009.58057,"Africa",11.1862098693317,TRUE,8400180,8480658512.5026
"Rwanda",2003,"RWA",1008.24976,"Africa",-0.131818107394829,TRUE,8586875,8657714657.9
"Rwanda",2004,"RWA",1055.7566,"Africa",4.71181267625592,TRUE,8816844,9308441244.1704
"Rwanda",2005,"RWA",1124.7709,"Africa",6.53695179362365,TRUE,9054528,10184269607.6352
"Rwanda",2006,"RWA",1196.2478,"Africa",6.35479634119269,TRUE,9299246,11124202569.1588
"Rwanda",2007,"RWA",1253.341,"Africa",4.77269007307681,TRUE,9549933,11969322576.153
"Rwanda",2008,"RWA",1356.3651,"Africa",8.21995769706729,TRUE,9804269,13298168302.6119
"Rwanda",2009,"RWA",1403.5587,"Africa",3.47941715692921,TRUE,10060432,14120406859.3584
"Rwanda",2010,"RWA",1467.7363,"Africa",4.57249133933622,TRUE,10317553,15143447065.2739
"Rwanda",2011,"RWA",1544.4098,"Africa",5.22392884879933,TRUE,10573733,16330176867.7834
"Rwanda",2012,"RWA",1637.1008,"Africa",6.0017101678583,TRUE,10829901,17729639591.0208
"Rwanda",2013,"RWA",1674.0609,"Africa",2.25765572895695,TRUE,11093340,18570926744.406
"Rwanda",2014,"RWA",1735.5454,"Africa",3.67277558420963,TRUE,11364757,19724051733.4678
"Rwanda",2015,"RWA",1844.7169,"Africa",6.29032810089554,TRUE,11640022,21472545299.7718
"Rwanda",2016,"RWA",1907.6816,"Africa",3.4132446013803,TRUE,11919183,22738006096.1328
"Rwanda",2017,"RWA",1934.9729,"Africa",1.43060036853111,TRUE,12202060,23610655424.174
"Rwanda",2018,"RWA",2050.441,"Africa",5.96742724407147,TRUE,12487996,25605899006.236
"Rwanda",2019,"RWA",2191.4016,"Africa",6.87464794158917,TRUE,12776103,27997572555.9648
"Rwanda",2020,"RWA",2067.6416,"Africa",-5.64752713514493,TRUE,13065837,27015468120.0192
"Rwanda",2021,"RWA",2238.9573,"Africa",8.28556070839357,TRUE,13355260,29901856870.398
"Samoa",1990,"WSM",3655.8884,"Oceania",NA,FALSE,169042,617998686.9128
"Samoa",1991,"WSM",3560.899,"Oceania",-2.59825764922146,FALSE,169368,603102341.832
"Samoa",1992,"WSM",3530.797,"Oceania",-0.845348323555368,FALSE,170331,601404183.807
"Samoa",1993,"WSM",3642.0344,"Oceania",3.1504898185877,FALSE,171774,625606817.0256
"Samoa",1994,"WSM",3513.6702,"Oceania",-3.5245191533611,FALSE,173159,608423618.1618
"Samoa",1995,"WSM",3709.693,"Oceania",5.57886167005657,FALSE,174571,647604816.703
"Samoa",1996,"WSM",3935.2637,"Oceania",6.08057593984192,FALSE,176071,692885814.9227
"Samoa",1997,"WSM",3919.9895,"Oceania",-0.388136632368495,FALSE,177547,695982375.7565
"Samoa",1998,"WSM",3965.1216,"Oceania",1.15133216555809,FALSE,178905,709380079.848
"Samoa",1999,"WSM",4011.1724,"Oceania",1.16139691655358,FALSE,180275,723114104.41
"Samoa",2000,"WSM",4174.2954,"Oceania",4.06671625482864,FALSE,181685,758406859.749
"Samoa",2001,"WSM",4446.007,"Oceania",6.50916080352147,FALSE,183166,814357318.162
"Samoa",2002,"WSM",4669.6074,"Oceania",5.02924084465005,FALSE,184471,861407146.6854
"Samoa",2003,"WSM",4891.7856,"Oceania",4.75796316409813,FALSE,185430,907083803.808
"Samoa",2004,"WSM",5025.835,"Oceania",2.74029589522484,FALSE,186249,936056742.915
"Samoa",2005,"WSM",5343.798,"Oceania",6.32657060965988,FALSE,186978,999172662.444
"Samoa",2006,"WSM",5436.0337,"Oceania",1.72603268312163,FALSE,187709,1020392449.7933
"Samoa",2007,"WSM",5430.935,"Oceania",-0.0937944884337188,FALSE,188753,1025105274.055
"Samoa",2008,"WSM",5585.6787,"Oceania",2.84930127132805,FALSE,190107,1061876620.6209
"Samoa",2009,"WSM",5515.477,"Oceania",-1.256815935367,FALSE,191513,1056285546.701
"Samoa",2010,"WSM",5808.3037,"Oceania",5.30918178065108,FALSE,193023,1121136205.0851
"Samoa",2011,"WSM",5980.2915,"Oceania",2.96106761772804,FALSE,194713,1164440498.8395
"Samoa",2012,"WSM",5705.579,"Oceania",-4.59363059476282,FALSE,196498,1121134862.342
"Samoa",2013,"WSM",5659.8516,"Oceania",-0.801450650319622,FALSE,198268,1122167457.0288
"Samoa",2014,"WSM",5645.8657,"Oceania",-0.247107185637158,FALSE,200037,1129382037.0309
"Samoa",2015,"WSM",5811.005,"Oceania",2.9249597630351,FALSE,201782,1172556210.91
"Samoa",2016,"WSM",6214.715,"Oceania",6.94733527160964,FALSE,203499,1264688287.785
"Samoa",2017,"WSM",6238.796,"Oceania",0.387483577283916,FALSE,205415,1281542280.34
"Samoa",2018,"WSM",6139.523,"Oceania",-1.59122048549111,FALSE,207582,1274454463.386
"Samoa",2019,"WSM",6346.1465,"Oceania",3.36546503694179,FALSE,209780,1331294612.77
"Samoa",2020,"WSM",6062.3667,"Oceania",-4.47168687328602,FALSE,211944,1284882247.8648
"Samoa",2021,"WSM",5534.127,"Oceania",-8.71342375247606,FALSE,213779,1183080135.933
"San Marino",1997,"SMR",66407.516,"Europe",NA,FALSE,25800,1713313912.8
"San Marino",1998,"SMR",70264.445,"Europe",5.80797059176254,FALSE,26125,1835658625.625
"San Marino",1999,"SMR",75441.836,"Europe",7.36843648306051,FALSE,26459,1996115538.724
"San Marino",2000,"SMR",75881.85,"Europe",0.583249326010584,FALSE,26799,2033557698.15
"San Marino",2001,"SMR",78614.2,"Europe",3.60079518356496,FALSE,27143,2133825230.6
"San Marino",2002,"SMR",77070.98,"Europe",-1.96302957989778,FALSE,27491,2118758311.18
"San Marino",2003,"SMR",78286.9,"Europe",1.57766256507962,FALSE,27843,2179742156.7
"San Marino",2004,"SMR",80463.9,"Europe",2.78079729814311,FALSE,29457,2370225102.3
"San Marino",2005,"SMR",81256.14,"Europe",0.984590605227941,FALSE,29836,2424358193.04
"San Marino",2006,"SMR",83098.25,"Europe",2.26704098914864,FALSE,30184,2508237578
"San Marino",2007,"SMR",87795.664,"Europe",5.65284347143292,FALSE,31211,2740190469.104
"San Marino",2008,"SMR",86422.55,"Europe",-1.56398839924487,FALSE,31662,2736310778.1
"San Marino",2009,"SMR",76607.086,"Europe",-11.3575264789109,FALSE,33066,2533089905.676
"San Marino",2010,"SMR",71156.1,"Europe",-7.11551148153578,FALSE,33270,2367363447
"San Marino",2011,"SMR",63458.816,"Europe",-10.8174618901261,FALSE,32620,2070026577.92
"San Marino",2012,"SMR",57854.316,"Europe",-8.83171220843452,FALSE,33469,1936326102.204
"San Marino",2013,"SMR",57136.906,"Europe",-1.24002848810795,FALSE,33041,1887860511.146
"San Marino",2014,"SMR",56558.87,"Europe",-1.01166836020137,FALSE,32655,1846929899.85
"San Marino",2015,"SMR",57542.984,"Europe",1.73998172169987,FALSE,32897,1892991544.648
"San Marino",2016,"SMR",58432.504,"Europe",1.54583571821719,FALSE,33101,1934174314.904
"San Marino",2017,"SMR",58201.527,"Europe",-0.39528855378164,FALSE,33825,1968666650.775
"San Marino",2018,"SMR",58898.06,"Europe",1.19676069667381,FALSE,34522,2033278827.32
"San Marino",2019,"SMR",60076.01,"Europe",1.99998098409354,FALSE,34663,2082414734.63
"San Marino",2020,"SMR",56364.215,"Europe",-6.17849787294463,FALSE,34770,1959783755.55
"Sao Tome and Principe",2001,"STP",2558.9834,"Africa",NA,TRUE,146375,374571195.175
"Sao Tome and Principe",2002,"STP",2581.7236,"Africa",0.888641950549571,TRUE,149922,387057165.5592
"Sao Tome and Principe",2003,"STP",2724.494,"Africa",5.53004202308878,TRUE,153814,419065320.116
"Sao Tome and Principe",2004,"STP",2750.4946,"Africa",0.954327665981274,TRUE,157705,433766750.893
"Sao Tome and Principe",2005,"STP",2860.189,"Africa",3.98816998222792,TRUE,161639,462318089.771
"Sao Tome and Principe",2006,"STP",3037.7756,"Africa",6.20891136914379,TRUE,165638,503171074.8328
"Sao Tome and Principe",2007,"STP",3072.0234,"Africa",1.12739729689053,TRUE,169700,521322370.98
"Sao Tome and Principe",2008,"STP",3185.3728,"Africa",3.68973100921041,TRUE,173793,553595495.0304
"Sao Tome and Principe",2009,"STP",3187.1223,"Africa",0.0549229277025251,TRUE,177853,566839262.4219
"Sao Tome and Principe",2010,"STP",3324.9163,"Africa",4.32346132434265,TRUE,181802,604476433.1726
"Sao Tome and Principe",2011,"STP",3398.276,"Africa",2.20636230752636,TRUE,185649,630886541.124
"Sao Tome and Principe",2012,"STP",3433.4436,"Africa",1.03486591436364,TRUE,189439,650428122.1404
"Sao Tome and Principe",2013,"STP",3527.5642,"Africa",2.74128865841861,TRUE,193148,681341970.1016
"Sao Tome and Principe",2014,"STP",3687.4404,"Africa",4.53219816665563,TRUE,196767,725566585.1868
"Sao Tome and Principe",2015,"STP",3762.5698,"Africa",2.03744038818906,TRUE,200291,753608867.8118
"Sao Tome and Principe",2016,"STP",3852.0842,"Africa",2.37907613036174,TRUE,203689,784627178.6138
"Sao Tome and Principe",2017,"STP",3934.8943,"Africa",2.14974792087878,TRUE,206970,814405073.271
"Sao Tome and Principe",2018,"STP",3987.3835,"Africa",1.33394180372266,TRUE,210187,838096175.7145
"Sao Tome and Principe",2019,"STP",4013.722,"Africa",0.660545944477131,TRUE,213392,856496165.024
"Sao Tome and Principe",2020,"STP",4058.674,"Africa",1.11995798413542,TRUE,217435,882497781.19
"Sao Tome and Principe",2021,"STP",4052.1233,"Africa",-0.161400004040723,TRUE,221961,899413339.7913
"Saudi Arabia",1990,"SAU",41984.83,"Asia",NA,FALSE,10640691,446747602717.53
"Saudi Arabia",1991,"SAU",46402.723,"Asia",10.5225935177063,FALSE,11160744,517888912305.912
"Saudi Arabia",1992,"SAU",46502.133,"Asia",0.214233117310817,FALSE,11686676,543455361679.908
"Saudi Arabia",1993,"SAU",44415.547,"Asia",-4.48707589391653,FALSE,12215862,542574192806.514
"Saudi Arabia",1994,"SAU",43396.645,"Asia",-2.29402105528499,FALSE,12750040,553308959615.8
"Saudi Arabia",1995,"SAU",42288.406,"Asia",-2.55374349791325,FALSE,13289245,561980987993.47
"Saudi Arabia",1996,"SAU",42237.766,"Asia",-0.119749134077079,FALSE,13831009,584190921685.894
"Saudi Arabia",1997,"SAU",41572.9,"Asia",-1.57410313793585,FALSE,14374943,597608067844.7
"Saudi Arabia",1998,"SAU",41659.582,"Asia",0.208506021951802,FALSE,14922185,621651989626.67
"Saudi Arabia",1999,"SAU",39066.926,"Asia",-6.22343258268891,FALSE,15472075,604446409091.45
"Saudi Arabia",2000,"SAU",40234.816,"Asia",2.98945967747757,FALSE,16177722,650907667969.152
"Saudi Arabia",2001,"SAU",38778.477,"Asia",-3.6195990059952,FALSE,17041397,660839421612.369
"Saudi Arabia",2002,"SAU",36789.92,"Asia",-5.12799148868069,FALSE,17910910,658940946027.2
"Saudi Arabia",2003,"SAU",39993.477,"Asia",8.70770308823722,FALSE,18786767,751348133918.859
"Saudi Arabia",2004,"SAU",42243.97,"Asia",5.62715014751031,FALSE,19669480,830916923035.6
"Saudi Arabia",2005,"SAU",43253.484,"Asia",2.38972331435704,FALSE,20559890,889286873156.76
"Saudi Arabia",2006,"SAU",42733.887,"Asia",-1.20128357752637,FALSE,21459144,917032634812.728
"Saudi Arabia",2007,"SAU",41846.28,"Asia",-2.07705655233282,FALSE,22368313,936030688925.64
"Saudi Arabia",2008,"SAU",42780.684,"Asia",2.2329440036247,FALSE,23287877,996271306967.868
"Saudi Arabia",2009,"SAU",40360.402,"Asia",-5.65741772618689,FALSE,24217654,977434250936.908
"Saudi Arabia",2010,"SAU",41056.547,"Asia",1.72482176961468,FALSE,23978487,984473878504.389
"Saudi Arabia",2011,"SAU",44053.996,"Asia",7.30078201656852,FALSE,25091867,1105397008450.53
"Saudi Arabia",2012,"SAU",45427.574,"Asia",3.1179419002081,FALSE,26168861,1188787869573.21
"Saudi Arabia",2013,"SAU",45674.324,"Asia",0.543172303235916,FALSE,27624004,1261707708873.3
"Saudi Arabia",2014,"SAU",46394.902,"Asia",1.57764349177889,FALSE,28309273,1313405946526.25
"Saudi Arabia",2015,"SAU",47379.355,"Asia",2.12189908279147,FALSE,29816382,1412680947593.61
"Saudi Arabia",2016,"SAU",47210.23,"Asia",-0.356959270551488,FALSE,30954198,1461354807045.54
"Saudi Arabia",2017,"SAU",45795.51,"Asia",-2.99663865225821,FALSE,30977355,1418623770676.05
"Saudi Arabia",2018,"SAU",45840.84,"Asia",0.0989835029678553,FALSE,30196281,1384222885916.04
"Saudi Arabia",2019,"SAU",44954.992,"Asia",-1.93244277373625,FALSE,30063799,1351517843534.61
"Saudi Arabia",2020,"SAU",42891.688,"Asia",-4.58971052647501,FALSE,31552510,1353340414536.88
"Saudi Arabia",2021,"SAU",44339.312,"Asia",3.37506884783829,FALSE,30784383,1364958362564.5
"Senegal",1990,"SEN",2469.6033,"Africa",NA,TRUE,7720523,19066629078.5259
"Senegal",1991,"SEN",2463.9236,"Africa",-0.229984305576533,TRUE,7943085,19571154588.306
"Senegal",1992,"SEN",2427.5107,"Africa",-1.47784208893491,TRUE,8168395,19828866264.3265
"Senegal",1993,"SEN",2393.8767,"Africa",-1.38553457251496,TRUE,8396288,20099678209.6896
"Senegal",1994,"SEN",2330.0718,"Africa",-2.66533777616866,TRUE,8624078,20094720948.8004
"Senegal",1995,"SEN",2396.0945,"Africa",2.8335049589459,TRUE,8848101,21200886141.5445
"Senegal",1996,"SEN",2386.2417,"Africa",-0.41120247970187,TRUE,9067014,21636086901.2838
"Senegal",1997,"SEN",2402.3809,"Africa",0.676343892573836,TRUE,9283495,22302491073.2455
"Senegal",1998,"SEN",2486.4026,"Africa",3.49743456585089,TRUE,9502952,23628164560.4752
"Senegal",1999,"SEN",2582.1206,"Africa",3.84965813661876,TRUE,9730887,25126323778.9722
"Senegal",2000,"SEN",2620.098,"Africa",1.47078335535528,TRUE,9968260,26117818089.48
"Senegal",2001,"SEN",2668.7659,"Africa",1.85748395670696,TRUE,10212942,27255951348.2778
"Senegal",2002,"SEN",2606.8772,"Africa",-2.31900070365857,TRUE,10466214,27284134646.9208
"Senegal",2003,"SEN",2685.8152,"Africa",3.02806745173881,TRUE,10721176,28795097462.6752
"Senegal",2004,"SEN",2741.124,"Africa",2.05929283593301,TRUE,10975704,30085765651.296
"Senegal",2005,"SEN",2787.5269,"Africa",1.69284206041026,TRUE,11235472,31319180434.1968
"Senegal",2006,"SEN",2779.2239,"Africa",-0.297862596411173,TRUE,11500094,31961336097.0466
"Senegal",2007,"SEN",2783.537,"Africa",0.155190807045084,TRUE,11770344,32763188026.728
"Senegal",2008,"SEN",2811.4758,"Africa",1.0037157760073,TRUE,12048959,33875356643.6922
"Senegal",2009,"SEN",2812.549,"Africa",0.038172122982521,TRUE,12337389,34699511094.561
"Senegal",2010,"SEN",2830.1533,"Africa",0.625919761753483,TRUE,12635413,35760155798.8129
"Senegal",2011,"SEN",2790.8975,"Africa",-1.38705560578644,TRUE,12958897,36166953240.0575
"Senegal",2012,"SEN",2824.533,"Africa",1.20518578700937,TRUE,13310495,37595932373.835
"Senegal",2013,"SEN",2815.2815,"Africa",-0.327540871358198,TRUE,13710849,38599899538.9935
"Senegal",2014,"SEN",2910.2888,"Africa",3.37469983019459,TRUE,14152102,41186703947.0576
"Senegal",2015,"SEN",3012.3833,"Africa",3.50805390860179,TRUE,14593331,43960706595.7723
"Senegal",2016,"SEN",3118.4236,"Africa",3.52014632400864,TRUE,15034521,46884005101.0956
"Senegal",2017,"SEN",3259.1926,"Africa",4.51410770493142,TRUE,15475002,50436012003.3852
"Senegal",2018,"SEN",3368.8586,"Africa",3.36482109096591,TRUE,15914498,53613693451.9828
"Senegal",2019,"SEN",3430.484,"Africa",1.82926644650505,TRUE,16352922,56098437274.248
"Senegal",2020,"SEN",3383.8884,"Africa",-1.35828063911682,TRUE,16789219,56812843419.1596
"Senegal",2021,"SEN",3495.4036,"Africa",3.29547511082222,TRUE,17220867,60193880506.9212
"Serbia",1995,"SRB",7753.587,"Europe",NA,FALSE,7628264,59146408582.968
"Serbia",1996,"SRB",8247.458,"Europe",6.36958094363293,FALSE,7622185,62863650655.73
"Serbia",1997,"SRB",8866.667,"Europe",7.50787697251685,FALSE,7598538,67373706132.846
"Serbia",1998,"SRB",9197.709,"Europe",3.7335562506182,FALSE,7567745,69605916296.205
"Serbia",1999,"SRB",8361.113,"Europe",-9.0956998095939,FALSE,7540401,63046144826.313
"Serbia",2000,"SRB",8902.2,"Europe",6.47147096325575,FALSE,7516346,66912015361.2
"Serbia",2001,"SRB",9530.937,"Europe",7.06271483453527,FALSE,7503433,71514747206.721
"Serbia",2002,"SRB",10148.3955,"Europe",6.47846586332488,FALSE,7500031,76113280850.2605
"Serbia",2003,"SRB",10616.243,"Europe",4.61006372879338,FALSE,7480591,79415771839.613
"Serbia",2004,"SRB",11601.737,"Europe",9.28288849454556,FALSE,7463157,86585584703.709
"Serbia",2005,"SRB",12280.192,"Europe",5.84787433123161,FALSE,7440769,91374071947.648
"Serbia",2006,"SRB",12958.291,"Europe",5.5218924915832,FALSE,7411569,96041267868.579
"Serbia",2007,"SRB",13848.781,"Europe",6.87197100296638,FALSE,7381579,102225871005.199
"Serbia",2008,"SRB",14694.432,"Europe",6.10632083791346,FALSE,7350222,108007337363.904
"Serbia",2009,"SRB",14350.445,"Europe",-2.34093430763435,FALSE,7320807,105056838209.115
"Serbia",2010,"SRB",14513.582,"Europe",1.13680795264538,FALSE,7291436,105824854283.752
"Serbia",2011,"SRB",14926.494,"Europe",2.84500407962693,FALSE,7236519,108015857434.386
"Serbia",2012,"SRB",14896.884,"Europe",-0.198372102651839,FALSE,7201497,107279865435.348
"Serbia",2013,"SRB",15402.562,"Europe",3.39452196848683,FALSE,7166553,110383276908.786
"Serbia",2014,"SRB",15229.067,"Europe",-1.1264035165059,FALSE,7131787,108610462052.729
"Serbia",2015,"SRB",15581.014,"Europe",2.31102141713606,FALSE,7095383,110553261858.362
"Serbia",2016,"SRB",16185.742,"Europe",3.88118513981183,FALSE,7058322,114244178844.924
"Serbia",2017,"SRB",16614.014,"Europe",2.64598311279149,FALSE,7020858,116644633104.012
"Serbia",2018,"SRB",17455.945,"Europe",5.06759534450856,FALSE,6982604,121887951380.78
"Serbia",2019,"SRB",18310.08,"Europe",4.89308943170938,FALSE,6945235,127167808468.8
"Serbia",2020,"SRB",18265.967,"Europe",-0.240921940264604,FALSE,6899126,126019207844.842
"Serbia",2021,"SRB",19831.297,"Europe",8.56965306025133,FALSE,6834326,135533548700.822
"Seychelles",1990,"SYC",14884.888,"Africa",NA,FALSE,69507,1034603910.216
"Seychelles",1991,"SYC",15093.391,"Africa",1.40076969339641,FALSE,70439,1063163368.649
"Seychelles",1992,"SYC",16100.242,"Africa",6.67080711021135,FALSE,70763,1139301424.646
"Seychelles",1993,"SYC",16745.326,"Africa",4.00667269473341,FALSE,72253,1209900039.478
"Seychelles",1994,"SYC",16174.6045,"Africa",-3.40824358988294,FALSE,74205,1200236526.9225
"Seychelles",1995,"SYC",15806.954,"Africa",-2.27301075584259,FALSE,75304,1190326864.016
"Seychelles",1996,"SYC",16342.719,"Africa",3.3894259450619,FALSE,76417,1248861557.823
"Seychelles",1997,"SYC",18084.104,"Africa",10.6554178652891,FALSE,77319,1398244837.176
"Seychelles",1998,"SYC",19224.12,"Africa",6.30396728530205,FALSE,78846,1515744965.52
"Seychelles",1999,"SYC",19203.08,"Africa",-0.109445841994314,FALSE,80410,1544119662.8
"Seychelles",2000,"SYC",19320.64,"Africa",0.612193460632345,FALSE,81131,1567502843.84
"Seychelles",2001,"SYC",18865.328,"Africa",-2.35660930486774,FALSE,81202,1531902364.256
"Seychelles",2002,"SYC",18519.186,"Africa",-1.83480509853844,FALSE,83723,1550481809.478
"Seychelles",2003,"SYC",17627.268,"Africa",-4.81618360547813,FALSE,82781,1459202872.308
"Seychelles",2004,"SYC",17188.348,"Africa",-2.49000582506602,FALSE,82475,1417609001.3
"Seychelles",2005,"SYC",18649.684,"Africa",8.50189907721207,FALSE,82858,1545275516.872
"Seychelles",2006,"SYC",19983.76,"Africa",7.15334372421537,FALSE,84600,1690626096
"Seychelles",2007,"SYC",21953.99,"Africa",9.85915563437513,FALSE,85033,1866813631.67
"Seychelles",2008,"SYC",21007.58,"Africa",-4.31087925247301,FALSE,86956,1826735126.48
"Seychelles",2009,"SYC",20694.004,"Africa",-1.4926802611248,FALSE,87298,1806545161.192
"Seychelles",2010,"SYC",21322.54,"Africa",3.03728558281906,FALSE,89770,1914124415.8
"Seychelles",2011,"SYC",23617.03,"Africa",10.7608662007434,FALSE,87441,2065096720.23
"Seychelles",2012,"SYC",23681.348,"Africa",0.272337376884405,FALSE,88303,2091134072.444
"Seychelles",2013,"SYC",24647.078,"Africa",4.07801954517116,FALSE,89949,2216980019.022
"Seychelles",2014,"SYC",25359.846,"Africa",2.89189655666282,FALSE,91359,2316850170.714
"Seychelles",2015,"SYC",26198.72,"Africa",3.30788286332653,FALSE,93419,2447458223.68
"Seychelles",2016,"SYC",27234.414,"Africa",3.9532236689426,FALSE,94677,2578472614.278
"Seychelles",2017,"SYC",28116.71,"Africa",3.23963643939612,FALSE,95843,2694789836.53
"Seychelles",2018,"SYC",28740.55,"Africa",2.21875176718756,FALSE,96762,2780993099.1
"Seychelles",2019,"SYC",29369.53,"Africa",2.18847586424059,FALSE,97625,2867200366.25
"Seychelles",2020,"SYC",26879.77,"Africa",-8.47735731555799,FALSE,98462,2646635913.74
"Seychelles",2021,"SYC",28760.516,"Africa",6.99688278582741,FALSE,99258,2854711297.128
"Sierra Leone",1990,"SLE",1451.254,"Africa",NA,TRUE,4196828,6090663422.312
"Sierra Leone",1991,"SLE",1467.4799,"Africa",1.11806065650811,TRUE,4246267,6231311472.5333
"Sierra Leone",1992,"SLE",1209.6337,"Africa",-17.5706801844441,TRUE,4166366,5039776720.1342
"Sierra Leone",1993,"SLE",1227.9384,"Africa",1.5132432239611,TRUE,4157130,5104699560.792
"Sierra Leone",1994,"SLE",1198.6504,"Africa",-2.38513593190017,TRUE,4173105,5002093977.492
"Sierra Leone",1995,"SLE",1100.4161,"Africa",-8.1954087697297,TRUE,4179179,4598835856.3819
"Sierra Leone",1996,"SLE",1113.7346,"Africa",1.21031489815535,TRUE,4199210,4676805469.666
"Sierra Leone",1997,"SLE",1034.5585,"Africa",-7.10906350579392,TRUE,4253716,4400718044.386
"Sierra Leone",1998,"SLE",1042.3894,"Africa",0.756931579992811,TRUE,4295785,4477880748.679
"Sierra Leone",1999,"SLE",1016.01074,"Africa",-2.53059557205781,TRUE,4318043,4387178063.78182
"Sierra Leone",2000,"SLE",1057.8557,"Africa",4.11855488850443,TRUE,4423611,4679542110.9327
"Sierra Leone",2001,"SLE",935.0386,"Africa",-11.6100050318772,TRUE,4692716,4387870598.8376
"Sierra Leone",2002,"SLE",1116.9664,"Africa",19.4567154767728,TRUE,4971435,5552925854.784
"Sierra Leone",2003,"SLE",1172.8911,"Africa",5.00683816451417,TRUE,5177687,6072863000.8857
"Sierra Leone",2004,"SLE",1209.0588,"Africa",3.08363666498961,TRUE,5355717,6475376769.1596
"Sierra Leone",2005,"SLE",1230.1787,"Africa",1.74680503545402,TRUE,5501712,6768088915.9344
"Sierra Leone",2006,"SLE",1254.2368,"Africa",1.95565896239302,TRUE,5624466,7054412237.5488
"Sierra Leone",2007,"SLE",1325.7787,"Africa",5.70401857129373,TRUE,5749352,7622368420.4024
"Sierra Leone",2008,"SLE",1362.5461,"Africa",2.77326826867862,TRUE,5894722,8031830471.6842
"Sierra Leone",2009,"SLE",1368.0308,"Africa",0.402533169336434,TRUE,6055646,8284310241.8968
"Sierra Leone",2010,"SLE",1401.5741,"Africa",2.45194040952879,TRUE,6222714,8721594774.1074
"Sierra Leone",2011,"SLE",1450.4935,"Africa",3.49031849261484,TRUE,6387251,9264666058.3685
"Sierra Leone",2012,"SLE",1627.34,"Africa",12.1921608059602,TRUE,6551080,10660834527.2
"Sierra Leone",2013,"SLE",1914.7379,"Africa",17.6605933609449,TRUE,6714051,12855647912.2329
"Sierra Leone",2014,"SLE",1952.6921,"Africa",1.98221385809514,TRUE,6876385,13427462666.0585
"Sierra Leone",2015,"SLE",1513.562,"Africa",-22.48844556702,TRUE,7037655,10651927177.11
"Sierra Leone",2016,"SLE",1566.8431,"Africa",3.52024561927428,TRUE,7205328,11289618460.0368
"Sierra Leone",2017,"SLE",1593.4835,"Africa",1.70025958565985,TRUE,7379299,11758791198.0665
"Sierra Leone",2018,"SLE",1610.1619,"Africa",1.04666286158595,TRUE,7554563,12164069513.7497
"Sierra Leone",2019,"SLE",1655.6852,"Africa",2.82724985605484,TRUE,7731991,12801743065.2332
"Sierra Leone",2020,"SLE",1586.196,"Africa",-4.19700556603393,TRUE,7912558,12550867849.368
"Sierra Leone",2021,"SLE",1614.6981,"Africa",1.79688386555004,TRUE,8094602,13070338469.6562
"Singapore",1990,"SGP",37289.75,"Asia",NA,FALSE,3047132,113626790497
"Singapore",1991,"SGP",38667.75,"Asia",3.69538546115219,FALSE,3135083,121226605673.25
"Singapore",1992,"SGP",40014.824,"Asia",3.48371446489646,FALSE,3230698,129275811867.152
"Singapore",1993,"SGP",43486.234,"Asia",8.67530993013988,FALSE,3313471,144090375258.214
"Singapore",1994,"SGP",46819.523,"Asia",7.66515904780351,FALSE,3419048,160078196474.104
"Singapore",1995,"SGP",48677.586,"Asia",3.96856456653777,FALSE,3524506,171564443922.516
"Singapore",1996,"SGP",50230.883,"Asia",3.19099020234898,FALSE,3670704,184382703151.632
"Singapore",1997,"SGP",52611.79,"Asia",4.73992663039588,FALSE,3796038,199716354088.02
"Singapore",1998,"SGP",49740.246,"Asia",-5.45798574806142,FALSE,3927213,195340540714.398
"Singapore",1999,"SGP",52166.023,"Asia",4.87688983283276,FALSE,3958723,206510835068.629
"Singapore",2000,"SGP",55904.234,"Asia",7.16598809918862,FALSE,4027887,225175937373.558
"Singapore",2001,"SGP",53833.727,"Asia",-3.7036675969838,FALSE,4138012,222764608330.724
"Singapore",2002,"SGP",55437.56,"Asia",2.97923456052002,FALSE,4175950,231504478682
"Singapore",2003,"SGP",58819.957,"Asia",6.10127321620938,FALSE,4114826,242033888382.482
"Singapore",2004,"SGP",63862.125,"Asia",8.57220619865465,FALSE,4166664,266092017201
"Singapore",2005,"SGP",66973.55,"Asia",4.87209750693389,FALSE,4265762,285693224595.1
"Singapore",2006,"SGP",70756.445,"Asia",5.64834177074383,FALSE,4401365,311424940547.425
"Singapore",2007,"SGP",73992.125,"Asia",4.57298271556745,FALSE,4588599,339520190782.875
"Singapore",2008,"SGP",71464.93,"Asia",-3.41549185132878,FALSE,4839396,345847096382.28
"Singapore",2009,"SGP",69430.484,"Asia",-2.84677533441927,FALSE,4987573,346289607375.332
"Singapore",2010,"SGP",78115.21,"Asia",12.5085200327856,FALSE,5076732,396569986293.72
"Singapore",2011,"SGP",81258.086,"Asia",4.02338545847856,FALSE,5183688,421216565301.168
"Singapore",2012,"SGP",82805.62,"Asia",1.90446769814391,FALSE,5312437,439899639495.94
"Singapore",2013,"SGP",85400.73,"Asia",3.1339781043847,FALSE,5399162,461092376188.26
"Singapore",2014,"SGP",87616.64,"Asia",2.59472020906613,FALSE,5469724,479238838607.36
"Singapore",2015,"SGP",89160.73,"Asia",1.76232505606241,FALSE,5535002,493504818871.46
"Singapore",2016,"SGP",91146.09,"Asia",2.2267202164002,FALSE,5607283,511081920973.47
"Singapore",2017,"SGP",95310.336,"Asia",4.56875988865787,FALSE,5612253,534905719147.008
"Singapore",2018,"SGP",98336.95,"Asia",3.17553596705398,FALSE,5638676,554490199878.2
"Singapore",2019,"SGP",98283.31,"Asia",-0.0545471463168213,FALSE,5703569,560565640133.39
"Singapore",2020,"SGP",94505.63,"Asia",-3.84366379195002,FALSE,5685807,537340772593.41
"Singapore",2021,"SGP",106032.23,"Asia",12.1967336760783,FALSE,5453566,578253764432.18
"Sint Maarten (Dutch part)",2009,"SXM",41969.406,"North America",NA,FALSE,33491,1405597376.346
"Sint Maarten (Dutch part)",2010,"SXM",43543.89,"North America",3.75150413136654,FALSE,33794,1471522218.66
"Sint Maarten (Dutch part)",2011,"SXM",46392.87,"North America",6.54277787308392,FALSE,34267,1589744476.29
"Sint Maarten (Dutch part)",2012,"SXM",45401.703,"North America",-2.13646407303536,FALSE,35023,1590103844.169
"Sint Maarten (Dutch part)",2013,"SXM",43523.535,"North America",-4.13677874594263,FALSE,35854,1560492823.89
"Sint Maarten (Dutch part)",2014,"SXM",42946.684,"North America",-1.32537717811755,FALSE,36672,1574940795.648
"Sint Maarten (Dutch part)",2015,"SXM",41852.406,"North America",-2.54799183098746,FALSE,37471,1568251505.226
"Sint Maarten (Dutch part)",2016,"SXM",40857.77,"North America",-2.37653242683349,FALSE,38249,1562768844.73
"Sint Maarten (Dutch part)",2017,"SXM",37914.12,"North America",-7.20462717372973,FALSE,38996,1478499023.52
"Sint Maarten (Dutch part)",2018,"SXM",35133.832,"North America",-7.33312022011852,FALSE,39712,1395234736.384
"Slovenia",1995,"SVN",21480.328,"Europe",NA,FALSE,1989872,42743103238.016
"Slovenia",1996,"SVN",22182.21,"Europe",3.26755718069109,FALSE,1988628,44112163907.88
"Slovenia",1997,"SVN",23333.719,"Europe",5.19113740244999,FALSE,1985956,46339739250.364
"Slovenia",1998,"SVN",24151.54,"Europe",3.50488921204545,FALSE,1981629,47859392058.66
"Slovenia",1999,"SVN",25421.295,"Europe",5.25744942144475,FALSE,1983045,50411571943.275
"Slovenia",2000,"SVN",26276.945,"Europe",3.36587888225207,FALSE,1988925,52262872834.125
"Slovenia",2001,"SVN",27079.475,"Europe",3.05412215917794,FALSE,1992060,53943938968.5
"Slovenia",2002,"SVN",27994.062,"Europe",3.37741776751581,FALSE,1994530,55834996480.86
"Slovenia",2003,"SVN",28805.385,"Europe",2.89819676758591,FALSE,1995733,57487857422.205
"Slovenia",2004,"SVN",30041.814,"Europe",4.29235366928788,FALSE,1997012,59993863059.768
"Slovenia",2005,"SVN",31128.83,"Europe",3.61834341960843,FALSE,2000474,62272415065.42
"Slovenia",2006,"SVN",32812.74,"Europe",5.40948696112252,FALSE,2006868,65850837898.32
"Slovenia",2007,"SVN",34907.367,"Europe",6.38357845154047,FALSE,2018122,70447325304.774
"Slovenia",2008,"SVN",36075.47,"Europe",3.34629363480781,FALSE,2021316,72919924718.52
"Slovenia",2009,"SVN",33052.227,"Europe",-8.38032879405314,FALSE,2039669,67415602792.863
"Slovenia",2010,"SVN",33350.613,"Europe",0.902771241405303,FALSE,2048583,68321498831.379
"Slovenia",2011,"SVN",33568.066,"Europe",0.652020998834418,FALSE,2052843,68909969311.638
"Slovenia",2012,"SVN",32613.49,"Europe",-2.84370270244344,FALSE,2057159,67091134474.91
"Slovenia",2013,"SVN",32234.025,"Europe",-1.16352159796452,FALSE,2059953,66400576500.825
"Slovenia",2014,"SVN",33093.75,"Europe",2.66713511576664,FALSE,2061980,68238650625
"Slovenia",2015,"SVN",33799.727,"Europe",2.13326383380547,FALSE,2063531,69746784456.037
"Slovenia",2016,"SVN",34853.043,"Europe",3.11634469710362,FALSE,2065042,71972997622.806
"Slovenia",2017,"SVN",36507.555,"Europe",4.74710916920512,FALSE,2066388,75438773561.34
"Slovenia",2018,"SVN",37995.715,"Europe",4.07630694523365,FALSE,2073894,78799085364.21
"Slovenia",2019,"SVN",39034.234,"Europe",2.73325294707574,FALSE,2088385,81518508772.09
"Slovenia",2020,"SVN",37098.12,"Europe",-4.96004097326463,FALSE,2102419,77995792352.28
"Slovenia",2021,"SVN",40036.484,"Europe",7.92051996165842,FALSE,2108079,84400071154.236
"Solomon Islands",1990,"SLB",2192.065,"Oceania",NA,TRUE,331435,726527063.275
"Solomon Islands",1991,"SLB",2255.5342,"Oceania",2.89540684240659,TRUE,341738,770801746.4396
"Solomon Islands",1992,"SLB",2468.34,"Oceania",9.43482923025508,TRUE,352205,869361689.7
"Solomon Islands",1993,"SLB",2493.3425,"Oceania",1.01292771660306,TRUE,362839,904681899.3575
"Solomon Islands",1994,"SLB",2618.261,"Oceania",5.01008184796111,TRUE,373675,978378679.175
"Solomon Islands",1995,"SLB",2800.327,"Oceania",6.95369942110432,TRUE,384733,1077378207.691
"Solomon Islands",1996,"SLB",2765.2217,"Oceania",-1.25361431004308,TRUE,396009,1095052680.1953
"Solomon Islands",1997,"SLB",2664.1682,"Oceania",-3.6544447774296,TRUE,407474,1085579273.1268
"Solomon Islands",1998,"SLB",2625.2183,"Oceania",-1.46199102594198,TRUE,419071,1100152858.1993
"Solomon Islands",1999,"SLB",2543.3958,"Oceania",-3.1167884209858,TRUE,430500,1094931891.9
"Solomon Islands",2000,"SLB",2125.7705,"Oceania",-16.4199885837666,TRUE,440469,936336006.3645
"Solomon Islands",2001,"SLB",1910.3496,"Oceania",-10.1337797283385,TRUE,449125,857985764.1
"Solomon Islands",2002,"SLB",1814.1626,"Oceania",-5.03504698825806,TRUE,457671,830289611.3046
"Solomon Islands",2003,"SLB",1888.6979,"Oceania",4.10852367918949,TRUE,466154,880424080.8766
"Solomon Islands",2004,"SLB",1988.2505,"Oceania",5.27096472125056,TRUE,474611,943645558.0555
"Solomon Islands",2005,"SLB",2087.201,"Oceania",4.9767622339338,TRUE,483080,1008285059.08
"Solomon Islands",2006,"SLB",2125.3667,"Oceania",1.82855891694188,TRUE,491594,1044817517.5198
"Solomon Islands",2007,"SLB",2153.8816,"Oceania",1.34164612628965,TRUE,500156,1077276805.5296
"Solomon Islands",2008,"SLB",2237.5132,"Oceania",3.88283181396785,TRUE,508790,1138424341.028
"Solomon Islands",2009,"SLB",2250.0083,"Oceania",0.558436928997786,TRUE,518141,1165821550.5703
"Solomon Islands",2010,"SLB",2411.071,"Oceania",7.15831581599054,TRUE,532968,1285023688.728
"Solomon Islands",2011,"SLB",2527.8708,"Oceania",4.84431192611085,TRUE,552945,1397773519.506
"Solomon Islands",2012,"SLB",2526.1467,"Oceania",-0.0682036439520707,TRUE,573606,1449012904.0002
"Solomon Islands",2013,"SLB",2591.8025,"Oceania",2.5990493742901,TRUE,594945,1541979938.3625
"Solomon Islands",2014,"SLB",2556.727,"Oceania",-1.3533245685194,TRUE,616908,1577265340.116
"Solomon Islands",2015,"SLB",2534.7258,"Oceania",-0.860522065906908,TRUE,639415,1620741697.407
"Solomon Islands",2016,"SLB",2609.7446,"Oceania",2.95964163066474,TRUE,662379,1728640018.4034
"Solomon Islands",2017,"SLB",2625.089,"Oceania",0.587965580999763,TRUE,685672,1799950024.808
"Solomon Islands",2018,"SLB",2633.2886,"Oceania",0.312355123959604,TRUE,709101,1867267579.5486
"Solomon Islands",2019,"SLB",2616.863,"Oceania",-0.623767558178015,TRUE,728147,1905460942.861
"Solomon Islands",2020,"SLB",2469.1077,"Oceania",-5.64627571256118,TRUE,744498,1838245744.4346
"Solomon Islands",2021,"SLB",2406.1135,"Oceania",-2.55129413755423,TRUE,762591,1834880500.0785
"South Africa",1990,"ZAF",10391.964,"Africa",NA,FALSE,40746268,423433750190.352
"South Africa",1991,"ZAF",10026.326,"Africa",-3.51846869369448,FALSE,41687898,417976455602.748
"South Africa",1992,"ZAF",9612.393,"Africa",-4.12846141248548,FALSE,42443509,407983688807.037
"South Africa",1993,"ZAF",9555.986,"Africa",-0.58681537469389,FALSE,43297156,413747016575.816
"South Africa",1994,"ZAF",9692.536,"Africa",1.42894725881766,FALSE,44004139,426511701406.504
"South Africa",1995,"ZAF",9829.862,"Africa",1.41682218152194,FALSE,44541554,437837329085.548
"South Africa",1996,"ZAF",10097.474,"Africa",2.72243903322347,FALSE,45123018,455628501056.532
"South Africa",1997,"ZAF",10217.38,"Africa",1.18748510766157,FALSE,45666838,466595437244.44
"South Africa",1998,"ZAF",10141.463,"Africa",-0.743018268871271,FALSE,46223880,468777768736.44
"South Africa",1999,"ZAF",10270.063,"Africa",1.26806161990632,FALSE,46730335,479923484461.105
"South Africa",2000,"ZAF",10598.86,"Africa",3.20150908519257,FALSE,47159719,499839259320.34
"South Africa",2001,"ZAF",10789.051,"Africa",1.79444770475314,FALSE,47566800,513200631106.8
"South Africa",2002,"ZAF",11086.924,"Africa",2.76088230558926,FALSE,48019415,532387604629.46
"South Africa",2003,"ZAF",11308.883,"Africa",2.00198900975599,FALSE,48500348,548484760991.284
"South Africa",2004,"ZAF",11713.88,"Africa",3.58122902146922,FALSE,48991421,573879626623.48
"South Africa",2005,"ZAF",12216.027,"Africa",4.28676920029914,FALSE,49490033,604571579358.891
"South Africa",2006,"ZAF",12776.878,"Africa",4.59110805829097,FALSE,49998277,638821885439.206
"South Africa",2007,"ZAF",13325.982,"Africa",4.2976382806504,FALSE,50528584,673343000869.488
"South Africa",2008,"ZAF",13596.288,"Africa",2.02841336570919,FALSE,51114599,694968809008.512
"South Africa",2009,"ZAF",13228.895,"Africa",-2.70215664746142,FALSE,51728516,684311106669.82
"South Africa",2010,"ZAF",13469.361,"Africa",1.81773307596742,FALSE,52344051,705040919121.411
"South Africa",2011,"ZAF",13721.686,"Africa",1.87332569080299,FALSE,52995205,727183562515.63
"South Africa",2012,"ZAF",13864.971,"Africa",1.04422299125632,FALSE,53782567,745693731760.557
"South Africa",2013,"ZAF",14017.411,"Africa",1.09946136923042,FALSE,54678791,766455086430.101
"South Africa",2014,"ZAF",13993.2705,"Africa",-0.172217965214828,FALSE,55594838,777953606537.679
"South Africa",2015,"ZAF",13887.211,"Africa",-0.757932178899859,FALSE,56723537,787731726985.307
"South Africa",2016,"ZAF",13844.276,"Africa",-0.309169350130847,FALSE,57259551,792717027680.076
"South Africa",2017,"ZAF",13950.453,"Africa",0.766937902711559,FALSE,57635162,804036618628.386
"South Africa",2018,"ZAF",13990.314,"Africa",0.285732656853514,FALSE,58613001,820014288472.314
"South Africa",2019,"ZAF",13852.206,"Africa",-0.987168693997863,FALSE,59587885,825423658124.31
"South Africa",2020,"ZAF",12815.909,"Africa",-7.48109723462097,FALSE,60562381,776161963719.329
"South Africa",2021,"ZAF",13311.926,"Africa",3.87032242504219,FALSE,61502603,818718099943.378
"Spain",1990,"ESP",27528.414,"Europe",NA,FALSE,38867322,1069955731087.31
"Spain",1991,"ESP",28157.527,"Europe",2.2853223582005,FALSE,38966376,1097196784312.15
"Spain",1992,"ESP",28280.326,"Europe",0.43611429370201,FALSE,39157685,1107392097205.31
"Spain",1993,"ESP",27843.86,"Europe",-1.54335561761205,FALSE,39361262,1095969468551.32
"Spain",1994,"ESP",28372.031,"Europe",1.89690294377288,FALSE,39549108,1122088518198.35
"Spain",1995,"ESP",29025.994,"Europe",2.30495659616331,FALSE,39724050,1153030036955.7
"Spain",1996,"ESP",29674.393,"Europe",2.23385631513602,FALSE,39889852,1183707144959.84
"Spain",1997,"ESP",30644.379,"Europe",3.26876441920817,FALSE,40057389,1227533810266.43
"Spain",1998,"ESP",31858.5,"Europe",3.9619696649751,FALSE,40223509,1281460661476.5
"Spain",1999,"ESP",33154.465,"Europe",4.06787827424391,FALSE,40386875,1339005233646.87
"Spain",2000,"ESP",34738.06,"Europe",4.77641548430958,FALSE,40567864,1409248893703.84
"Spain",2001,"ESP",35854.586,"Europe",3.21412882584694,FALSE,40850412,1464674610189.43
"Spain",2002,"ESP",36317.1,"Europe",1.28997166499146,FALSE,41431558,1504674035041.8
"Spain",2003,"ESP",36729.77,"Europe",1.13629667567068,FALSE,42187645,1549542497691.65
"Spain",2004,"ESP",37228.797,"Europe",1.35864450008808,FALSE,42921895,1597930515810.31
"Spain",2005,"ESP",37942.008,"Europe",1.91575086350494,FALSE,43653155,1656288356235.24
"Spain",2006,"ESP",38836.594,"Europe",2.35777189230469,FALSE,44397319,1724240652691.49
"Spain",2007,"ESP",39498.59,"Europe",1.70456760446088,FALSE,45226803,1786394948707.77
"Spain",2008,"ESP",39218.293,"Europe",-0.709637989609246,FALSE,45954106,1802241593661.06
"Spain",2009,"ESP",37409.645,"Europe",-4.61174585033571,FALSE,46362946,1734421351014.17
"Spain",2010,"ESP",37298.47,"Europe",-0.29718271852084,FALSE,46576897,1737246995447.59
"Spain",2011,"ESP",36863.492,"Europe",-1.16620869435128,FALSE,46742697,1723099036917.92
"Spain",2012,"ESP",35749.51,"Europe",-3.02191121774355,FALSE,46773055,1672113797453.05
"Spain",2013,"ESP",35363.51,"Europe",-1.0797350788864,FALSE,46604197,1648087986651.47
"Spain",2014,"ESP",35964.46,"Europe",1.69935054523716,FALSE,46460733,1670935173549.18
"Spain",2015,"ESP",37373.95,"Europe",3.91911904140921,FALSE,46422303,1734984831206.85
"Spain",2016,"ESP",38476.79,"Europe",2.95082537435835,FALSE,46458139,1787560058093.81
"Spain",2017,"ESP",39528.926,"Europe",2.73446927355426,FALSE,46571232,1840910783456.83
"Spain",2018,"ESP",40255.254,"Europe",1.83745948473278,FALSE,46782011,1883221735435.79
"Spain",2019,"ESP",40760.31,"Europe",1.25463374296433,FALSE,47118501,1920564707495.31
"Spain",2020,"ESP",35967.89,"Europe",-11.7575651411876,FALSE,47359424,1703418552895.36
"Spain",2021,"ESP",37913.074,"Europe",5.4081126248996,FALSE,47443821,1798741096415.75
"Sri Lanka",1990,"LKA",4011.6562,"Asia",NA,FALSE,16352458,65600439520.9396
"Sri Lanka",1991,"LKA",4145.949,"Asia",3.34756502812977,FALSE,16475354,68305977440.946
"Sri Lanka",1992,"LKA",4279.2964,"Asia",3.21632996450271,FALSE,16739284,71632357759.7776
"Sri Lanka",1993,"LKA",4526.592,"Asia",5.77888458485838,FALSE,17025918,77069384211.456
"Sri Lanka",1994,"LKA",4735.2607,"Asia",4.60984113434567,FALSE,17275773,81805288949.0211
"Sri Lanka",1995,"LKA",4955.054,"Asia",4.64163039640036,FALSE,17564068,87030905399.672
"Sri Lanka",1996,"LKA",5108.5166,"Asia",3.09709238284789,FALSE,17905018,91468081676.2988
"Sri Lanka",1997,"LKA",5405.2476,"Asia",5.80855507056588,FALSE,18248200,98636039254.32
"Sri Lanka",1998,"LKA",5630.646,"Asia",4.1699921387505,FALSE,18596003,104707509907.938
"Sri Lanka",1999,"LKA",5841.737,"Asia",3.74896592682261,FALSE,18944731,110670136037.747
"Sri Lanka",2000,"LKA",6154.5464,"Asia",5.35473267625708,FALSE,19293054,118739996040.706
"Sri Lanka",2001,"LKA",6016.46,"Asia",-2.24364869521497,FALSE,19600362,117924793958.52
"Sri Lanka",2002,"LKA",6205.528,"Asia",3.14251237438627,FALSE,19805752,122905148597.056
"Sri Lanka",2003,"LKA",6518.9033,"Asia",5.04993773293747,FALSE,19951521,130062036086.919
"Sri Lanka",2004,"LKA",6816.0273,"Asia",4.55788322554194,FALSE,20087605,136917664071.617
"Sri Lanka",2005,"LKA",7182.9883,"Asia",5.38379592464367,FALSE,20216524,145215055358.669
"Sri Lanka",2006,"LKA",7674.5137,"Asia",6.84290965641696,FALSE,20352411,156194857047.531
"Sri Lanka",2007,"LKA",8135.8013,"Asia",6.01064273297212,FALSE,20492545,166723274251.309
"Sri Lanka",2008,"LKA",8558.664,"Asia",5.19755441913264,FALSE,20629378,176559914830.992
"Sri Lanka",2009,"LKA",8800.107,"Asia",2.82103608694066,FALSE,20756435,182658848938.545
"Sri Lanka",2010,"LKA",9440.672,"Asia",7.27905922052994,FALSE,20879089,197112630907.808
"Sri Lanka",2011,"LKA",10190.35,"Asia",7.94093895010864,FALSE,21009048,214089552286.8
"Sri Lanka",2012,"LKA",11055.634,"Asia",8.49120982105619,FALSE,21169458,234041779626.372
"Sri Lanka",2013,"LKA",11414.167,"Asia",3.24298904974603,FALSE,20585000,234960627695
"Sri Lanka",2014,"LKA",12029.375,"Asia",5.38986331635064,FALSE,20778000,249946353750
"Sri Lanka",2015,"LKA",12420.553,"Asia",3.25185639320413,FALSE,20970000,260458996410
"Sri Lanka",2016,"LKA",12904.854,"Asia",3.8991903178546,FALSE,21209000,273699048486
"Sri Lanka",2017,"LKA",13584.193,"Asia",5.26421298528445,FALSE,21453000,291421692429
"Sri Lanka",2018,"LKA",13753.055,"Asia",1.24307715592675,FALSE,21670000,298028701850
"Sri Lanka",2019,"LKA",13639.021,"Asia",-0.829153958884042,FALSE,21803000,297371574863
"Sri Lanka",2020,"LKA",13095.761,"Asia",-3.98313046075668,FALSE,21919000,287045985359
"Sri Lanka",2021,"LKA",13386.682,"Asia",2.22148983934573,FALSE,22156000,296595326392
"Sudan",1990,"SDN",2756.53,"Africa",NA,TRUE,22021481,60702873020.93
"Sudan",1991,"SDN",2909.6162,"Africa",5.55358367222558,TRUE,22470676,65381042914.5512
"Sudan",1992,"SDN",3052.7432,"Africa",4.91910238883053,TRUE,22927355,69991327070.236
"Sudan",1993,"SDN",3140.0251,"Africa",2.85913010960109,TRUE,23445592,73619747364.3592
"Sudan",1994,"SDN",3095.8716,"Africa",-1.4061511801291,TRUE,24043948,74436975765.0768
"Sudan",1995,"SDN",3195.8994,"Africa",3.23100609211312,TRUE,24672143,78849687010.4142
"Sudan",1996,"SDN",3303.668,"Africa",3.37208987241589,TRUE,25231528,83356591644.704
"Sudan",1997,"SDN",3811.5217,"Africa",15.3724193835458,TRUE,25799821,98336577597.6157
"Sudan",1998,"SDN",3887.1404,"Africa",1.98395039965273,TRUE,26458999,102849843956.46
"Sudan",1999,"SDN",3911.6006,"Africa",0.62925949368847,TRUE,27130613,106124122089.168
"Sudan",2000,"SDN",4040.612,"Africa",3.29817415407902,TRUE,27816745,112396673647.94
"Sudan",2001,"SDN",4183.4326,"Africa",3.53462792270082,TRUE,28516770,119297985264.702
"Sudan",2002,"SDN",4316.2915,"Africa",3.17583460051442,TRUE,29228727,126159705905.92
"Sudan",2003,"SDN",4467.122,"Africa",3.49444656367625,TRUE,29896035,133549235661.27
"Sudan",2004,"SDN",4571.088,"Africa",2.32735976317637,TRUE,30556637,139677076711.056
"Sudan",2005,"SDN",4692.174,"Africa",2.64895359704299,TRUE,31262444,146688826913.256
"Sudan",2006,"SDN",4847.588,"Africa",3.31219600978139,TRUE,31992435,155086143996.78
"Sudan",2007,"SDN",4964.3066,"Africa",2.40776650160864,TRUE,32764135,162651211623.791
"Sudan",2008,"SDN",4993.871,"Africa",0.595539364953813,TRUE,33623980,167913818626.58
"Sudan",2009,"SDN",4707.346,"Africa",-5.73753306803481,TRUE,34569113,162728775804.098
"Sudan",2010,"SDN",4745.2974,"Africa",0.806216496514189,TRUE,35414399,168051855497.263
"Sudan",2011,"SDN",5047.334,"Africa",6.36496671420424,TRUE,36140806,182414718911.204
"Sudan",2012,"SDN",4711.0596,"Africa",-6.6624162379585,TRUE,36923178,173947292179.409
"Sudan",2013,"SDN",4692.278,"Africa",-0.398670396782909,TRUE,37785849,177301707974.022
"Sudan",2014,"SDN",4776.62,"Africa",1.79746383313179,TRUE,38823318,185444237225.16
"Sudan",2015,"SDN",4718.919,"Africa",-1.20798807524986,TRUE,40024431,188872047910.089
"Sudan",2016,"SDN",4733.0176,"Africa",0.298767577913506,TRUE,41259892,195283795010.099
"Sudan",2017,"SDN",4613.95,"Africa",-2.51568048257417,TRUE,42714306,197081672168.7
"Sudan",2018,"SDN",4349.21,"Africa",-5.73781683806716,TRUE,44230596,192368150429.16
"Sudan",2019,"SDN",4133.1304,"Africa",-4.968249406214,TRUE,45548175,188256546757.02
"Sudan",2020,"SDN",3874.8003,"Africa",-6.25022864025776,TRUE,46789231,181298926315.569
"Sudan",2021,"SDN",3701.069,"Africa",-4.48361945259476,TRUE,48066924,177899002341.756
"Suriname",1990,"SUR",13633.751,"South America",NA,FALSE,412493,5623826851.243
"Suriname",1991,"SUR",13893.309,"South America",1.90379008682203,FALSE,415013,5765903848.017
"Suriname",1992,"SUR",13831.179,"South America",-0.447193681505243,FALSE,417589,5775748207.431
"Suriname",1993,"SUR",12817.294,"South America",-7.33043076081945,FALSE,419352,5374957873.488
"Suriname",1994,"SUR",13123.425,"South America",2.38842145619816,FALSE,422375,5543006634.375
"Suriname",1995,"SUR",12883.543,"South America",-1.82789172795973,FALSE,429606,5534847374.058
"Suriname",1996,"SUR",12738.43,"South America",-1.12634389468797,FALSE,438830,5590005236.9
"Suriname",1997,"SUR",13195.37,"South America",3.58709825308143,FALSE,448067,5912409849.79
"Suriname",1998,"SUR",13239.791,"South America",0.336640806585935,FALSE,457406,6055959842.146
"Suriname",1999,"SUR",12812.773,"South America",-3.22526239273717,FALSE,466916,5982488718.068
"Suriname",2000,"SUR",12848.606,"South America",0.279666236184786,FALSE,476643,6124198109.658
"Suriname",2001,"SUR",13157.618,"South America",2.40502354885815,FALSE,486560,6401970614.08
"Suriname",2002,"SUR",13300.3,"South America",1.08440600722714,FALSE,496551,6604277265.3
"Suriname",2003,"SUR",13910.506,"South America",4.58791155086727,FALSE,506414,7044474985.484
"Suriname",2004,"SUR",14892.122,"South America",7.05665200101276,FALSE,513923,7653404014.606
"Suriname",2005,"SUR",15391.999,"South America",3.35665394092259,FALSE,519313,7993265176.687
"Suriname",2006,"SUR",16102.726,"South America",4.61750939562821,FALSE,524997,8453882841.822
"Suriname",2007,"SUR",16735.924,"South America",3.93224103794599,FALSE,531016,8887043418.784
"Suriname",2008,"SUR",17233.766,"South America",2.97469085065157,FALSE,537245,9258754614.67
"Suriname",2009,"SUR",17554.266,"South America",1.85972120081008,FALSE,543568,9541937261.088
"Suriname",2010,"SUR",18255.625,"South America",3.99537639454706,FALSE,549923,10039188066.875
"Suriname",2011,"SUR",19111.172,"South America",4.68648430278338,FALSE,556269,10630952537.268
"Suriname",2012,"SUR",19415.578,"South America",1.59281701823417,FALSE,562633,10923844896.874
"Suriname",2013,"SUR",19778.307,"South America",1.8682369384007,FALSE,569020,11254252249.14
"Suriname",2014,"SUR",19629.223,"South America",-0.753775335775701,FALSE,575373,11294124925.179
"Suriname",2015,"SUR",18768.795,"South America",-4.38340325544217,FALSE,581627,10916437929.465
"Suriname",2016,"SUR",17662.682,"South America",-5.8933618274375,FALSE,587757,10381364984.274
"Suriname",2017,"SUR",17753.06,"South America",0.51168899491029,FALSE,593713,10540222511.78
"Suriname",2018,"SUR",18438.346,"South America",3.86010073756299,FALSE,599513,11054028125.498
"Suriname",2019,"SUR",18449.2,"South America",0.0588664514702097,FALSE,605768,11175934985.6
"Suriname",2020,"SUR",15329.179,"South America",-16.9114162131691,FALSE,612317,9386316897.743
"Suriname",2021,"SUR",14766.748,"South America",-3.66902232663602,FALSE,617896,9124314522.208
"Sweden",1990,"SWE",34156.82,"Europe",NA,FALSE,8558835,292342586504.7
"Sweden",1991,"SWE",33536.016,"Europe",-1.81751111491057,FALSE,8617375,288992425878
"Sweden",1992,"SWE",32953.617,"Europe",-1.73663741095545,FALSE,8668067,285644160048.339
"Sweden",1993,"SWE",32086.012,"Europe",-2.63280658994125,FALSE,8718561,279743852868.732
"Sweden",1994,"SWE",33110.824,"Europe",3.19395255477683,FALSE,8780745,290737702283.88
"Sweden",1995,"SWE",34233.703,"Europe",3.39127470823439,FALSE,8826939,302178808125.117
"Sweden",1996,"SWE",34719.11,"Europe",1.41792139751869,FALSE,8840998,306951582071.78
"Sweden",1997,"SWE",35764.684,"Europe",3.01152304883391,FALSE,8846062,316376612074.408
"Sweden",1998,"SWE",37286.094,"Europe",4.2539450369532,FALSE,8850974,330018248555.556
"Sweden",1999,"SWE",38839.426,"Europe",4.16598209509423,FALSE,8857874,344034741740.324
"Sweden",2000,"SWE",40625.363,"Europe",4.59825796601628,FALSE,8872109,360432648700.567
"Sweden",2001,"SWE",41103.727,"Europe",1.17750086319229,FALSE,8895960,365657111242.92
"Sweden",2002,"SWE",41870.258,"Europe",1.86486982068561,FALSE,8924958,373690294099.164
"Sweden",2003,"SWE",42678.285,"Europe",1.92983525441855,FALSE,8958229,382321850357.265
"Sweden",2004,"SWE",44354.39,"Europe",3.92730167109572,FALSE,8993531,398902581451.09
"Sweden",2005,"SWE",45440.297,"Europe",2.44825145831111,FALSE,9029572,410306433462.884
"Sweden",2006,"SWE",47292.312,"Europe",4.0757105966979,FALSE,9080505,429438075577.56
"Sweden",2007,"SWE",48557.383,"Europe",2.67500349739722,FALSE,9148092,444207406963.236
"Sweden",2008,"SWE",47963.492,"Europe",-1.22307044430299,FALSE,9219637,442205985492.404
"Sweden",2009,"SWE",45492.77,"Europe",-5.1512554590479,FALSE,9298515,423015204236.55
"Sweden",2010,"SWE",47791.37,"Europe",5.05267100684352,FALSE,9378126,448193489572.62
"Sweden",2011,"SWE",48947.438,"Europe",2.41898903504963,FALSE,9449213,462514767466.294
"Sweden",2012,"SWE",48300.844,"Europe",-1.32099661681987,FALSE,9519374,459793798551.656
"Sweden",2013,"SWE",48462.16,"Europe",0.333981741602706,FALSE,9600379,465255103158.64
"Sweden",2014,"SWE",49258.996,"Europe",1.64424367382716,FALSE,9696110,477620643705.56
"Sweden",2015,"SWE",50928.965,"Europe",3.39018074992839,FALSE,9799186,499062400822.49
"Sweden",2016,"SWE",51334.434,"Europe",0.796146161619433,FALSE,9923085,509395952008.89
"Sweden",2017,"SWE",51947.953,"Europe",1.19514125742577,FALSE,10057698,522476822992.194
"Sweden",2018,"SWE",52349.293,"Europe",0.772580971573599,FALSE,10175214,532665259023.702
"Sweden",2019,"SWE",52850.57,"Europe",0.957562120275439,FALSE,10278887,543245036915.59
"Sweden",2020,"SWE",51331.28,"Europe",-2.87468990400671,FALSE,10353442,531455430265.76
"Sweden",2021,"SWE",53613.42,"Europe",4.44590510893163,FALSE,10415811,558427249783.62
"Switzerland",1990,"CHE",56982.46,"Europe",NA,FALSE,6715519,382666792796.74
"Switzerland",1991,"CHE",55759.34,"Europe",-2.14648507628488,FALSE,6799978,379162285294.52
"Switzerland",1992,"CHE",55123.84,"Europe",-1.13971937257507,FALSE,6875364,378996465077.76
"Switzerland",1993,"CHE",54555.277,"Europe",-1.03142850715769,FALSE,6938265,378518968974.405
"Switzerland",1994,"CHE",54809.336,"Europe",0.465690972479163,FALSE,6993795,383325260070.12
"Switzerland",1995,"CHE",54706.1,"Europe",-0.188354772259975,FALSE,7040687,385168527090.7
"Switzerland",1996,"CHE",54721.715,"Europe",0.028543434827191,FALSE,7071850,386983760222.75
"Switzerland",1997,"CHE",55824.51,"Europe",2.01527857816592,FALSE,7088906,395734703886.06
"Switzerland",1998,"CHE",57345.332,"Europe",2.72429081777879,FALSE,7110001,407725367865.332
"Switzerland",1999,"CHE",58021.438,"Europe",1.17900790948424,FALSE,7143991,414504630879.058
"Switzerland",2000,"CHE",59980.332,"Europe",3.3761555513326,FALSE,7184250,430913700171
"Switzerland",2001,"CHE",60541.117,"Europe",0.934948142667827,FALSE,7229854,437703436906.918
"Switzerland",2002,"CHE",60040.88,"Europe",-0.826276462655952,FALSE,7284753,437382980702.64
"Switzerland",2003,"CHE",59577.76,"Europe",-0.771341126245977,FALSE,7339001,437241240217.76
"Switzerland",2004,"CHE",60768.203,"Europe",1.9981331960114,FALSE,7389625,449054232093.875
"Switzerland",2005,"CHE",62040.44,"Europe",2.09358996513358,FALSE,7437115,461401886930.6
"Switzerland",2006,"CHE",64163.805,"Europe",3.42254987230909,FALSE,7483934,480197681808.87
"Switzerland",2007,"CHE",66083.47,"Europe",2.99181914164847,FALSE,7551117,499004013735.99
"Switzerland",2008,"CHE",67081.3,"Europe",1.50995400211279,FALSE,7647675,513015980977.5
"Switzerland",2009,"CHE",64726.37,"Europe",-3.51056106545341,FALSE,7743831,501230070523.47
"Switzerland",2010,"CHE",66133.29,"Europe",2.17364267453897,FALSE,7824909,517486976120.61
"Switzerland",2011,"CHE",66587.85,"Europe",0.68733916005088,FALSE,7912398,526869571164.3
"Switzerland",2012,"CHE",66661.49,"Europe",0.11059074590935,FALSE,7996861,533082669582.89
"Switzerland",2013,"CHE",67080.37,"Europe",0.628368792836749,FALSE,8089346,542636322738.02
"Switzerland",2014,"CHE",67824.086,"Europe",1.10869394429399,FALSE,8188649,555387633999.814
"Switzerland",2015,"CHE",68159.22,"Europe",0.494122397757053,FALSE,8282396,564521651091.12
"Switzerland",2016,"CHE",68813.64,"Europe",0.960134226888157,FALSE,8373338,576199866730.32
"Switzerland",2017,"CHE",69103.57,"Europe",0.421326353321823,FALSE,8451840,584052317068.8
"Switzerland",2018,"CHE",70558.56,"Europe",2.10552074227133,FALSE,8514329,600758793606.24
"Switzerland",2019,"CHE",70857.086,"Europe",0.423089700243313,FALSE,8575280,607619352434.08
"Switzerland",2020,"CHE",68670.24,"Europe",-3.08627707326264,FALSE,8638167,593185001050.08
"Switzerland",2021,"CHE",71032.84,"Europe",3.44050057200906,FALSE,8704546,618308623290.64
"Tajikistan",1990,"TJK",3990.9006,"Asia",NA,FALSE,5398768,21545946450.4608
"Tajikistan",1991,"TJK",3615.166,"Asia",-9.41478221732708,FALSE,5541205,20032375915.03
"Tajikistan",1992,"TJK",2521.4326,"Asia",-30.2540298287824,FALSE,5649400,14244581330.44
"Tajikistan",1993,"TJK",2085.209,"Asia",-17.3006250494263,FALSE,5724993,11937806928.537
"Tajikistan",1994,"TJK",1616.6906,"Asia",-22.4686542212315,FALSE,5825368,9417817687.1408
"Tajikistan",1995,"TJK",1389.1083,"Asia",-14.0770472717538,FALSE,5948584,8263227407.6472
"Tajikistan",1996,"TJK",1134.231,"Asia",-18.3482670141702,FALSE,6066523,6880838448.813
"Tajikistan",1997,"TJK",1137.9338,"Asia",0.326459072270113,FALSE,6139829,6986718945.3202
"Tajikistan",1998,"TJK",1190.6562,"Asia",4.63316934605509,FALSE,6176397,7353965381.7114
"Tajikistan",1999,"TJK",1228.1702,"Asia",3.15069958901656,FALSE,6208370,7624935024.574
"Tajikistan",2000,"TJK",1312.7123,"Asia",6.88358177066989,FALSE,6284735,8250048936.7405
"Tajikistan",2001,"TJK",1407.9976,"Asia",7.25865827569377,FALSE,6407377,9021571438.2952
"Tajikistan",2002,"TJK",1528.3569,"Asia",8.54826030953462,FALSE,6531669,9982721384.6661
"Tajikistan",2003,"TJK",1663.2363,"Asia",8.82512455042406,FALSE,6658575,11074783646.2725
"Tajikistan",2004,"TJK",1799.831,"Asia",8.21258530733125,FALSE,6790547,12221836997.557
"Tajikistan",2005,"TJK",1884.9607,"Asia",4.72987186019133,FALSE,6924720,13052825058.504
"Tajikistan",2006,"TJK",1980.2498,"Asia",5.05523006394775,FALSE,7057566,13975743659.9868
"Tajikistan",2007,"TJK",2095.8145,"Asia",5.8358647479727,FALSE,7194477,15078289216.5165
"Tajikistan",2008,"TJK",2219.3225,"Asia",5.8930788006286,FALSE,7338403,16286282891.9675
"Tajikistan",2009,"TJK",2261.4268,"Asia",1.89716906848824,FALSE,7490230,16938606860.164
"Tajikistan",2010,"TJK",2360.015,"Asia",4.35955742631155,FALSE,7652141,18059167542.115
"Tajikistan",2011,"TJK",2481.572,"Asia",5.15068760156186,FALSE,7824785,19417767362.02
"Tajikistan",2012,"TJK",2610.1665,"Asia",5.18197739175006,FALSE,8014084,20918093584.986
"Tajikistan",2013,"TJK",2741.2246,"Asia",5.02106283258176,FALSE,8216724,22523885960.2104
"Tajikistan",2014,"TJK",2858.2354,"Asia",4.2685593876547,FALSE,8425552,24082210990.9408
"Tajikistan",2015,"TJK",2959.9941,"Asia",3.5601931177537,FALSE,8643840,25585715401.344
"Tajikistan",2016,"TJK",3091.2273,"Asia",4.43356289122333,FALSE,8865631,27405680578.9263
"Tajikistan",2017,"TJK",3236.4395,"Asia",4.69755815109423,FALSE,9085946,29406114529.267
"Tajikistan",2018,"TJK",3405.0908,"Asia",5.21101352273077,FALSE,9307333,31692313970.8364
"Tajikistan",2019,"TJK",3575.2798,"Asia",4.99807523488066,FALSE,9529966,34072294934.4868
"Tajikistan",2020,"TJK",3651.9421,"Asia",2.144232180094,FALSE,9749310,35603915634.951
"Tajikistan",2021,"TJK",3903.32,"Asia",6.88340321715396,FALSE,9966908,38904031334.56
"Tanzania",1990,"TZA",1338.981,"Africa",NA,FALSE,26110207,34961071079.067
"Tanzania",1991,"TZA",1332.0024,"Africa",-0.521187380552817,FALSE,26780436,35671605025.0464
"Tanzania",1992,"TZA",1306.3624,"Africa",-1.92492145659798,FALSE,27457588,35869560557.8912
"Tanzania",1993,"TZA",1280.9464,"Africa",-1.94555507721287,FALSE,28332692,36292659819.7088
"Tanzania",1994,"TZA",1251.4701,"Africa",-2.30113453615234,FALSE,29442356,36846228207.5556
"Tanzania",1995,"TZA",1255.4391,"Africa",0.317147009744783,FALSE,30383497,38144630128.5327
"Tanzania",1996,"TZA",1288.1033,"Africa",2.60181477540407,FALSE,30945762,39861338153.2146
"Tanzania",1997,"TZA",1306.5352,"Africa",1.43093337312311,FALSE,31578089,41257884827.2328
"Tanzania",1998,"TZA",1320.1638,"Africa",1.04311005168479,FALSE,32420458,42800315031.0204
"Tanzania",1999,"TZA",1348.3771,"Africa",2.13710601669277,FALSE,33300330,44901402394.443
"Tanzania",2000,"TZA",1370.0079,"Africa",1.60420997953763,FALSE,34260139,46936661085.0981
"Tanzania",2001,"TZA",1414.2605,"Africa",3.23009816220768,FALSE,35198299,49779563942.8895
"Tanzania",2002,"TZA",1475.5526,"Africa",4.33386211380434,FALSE,36121304,53298884032.5904
"Tanzania",2003,"TZA",1532.7595,"Africa",3.87698141021878,FALSE,37089555,56849367777.0225
"Tanzania",2004,"TZA",1603.7461,"Africa",4.6312940810349,FALSE,38109668,61118231427.2948
"Tanzania",2005,"TZA",1676.5952,"Africa",4.54243349368082,FALSE,39182076,65692480547.6352
"Tanzania",2006,"TZA",1736.7749,"Africa",3.58939951635314,FALSE,40294902,69983174391.5598
"Tanzania",2007,"TZA",1803.1079,"Africa",3.81932051182914,FALSE,41435512,74712699027.7448
"Tanzania",2008,"TZA",1854.4244,"Africa",2.84600272673644,FALSE,42570728,78944196728.9632
"Tanzania",2009,"TZA",1903.9615,"Africa",2.67129250456367,FALSE,43633982,83077421819.693
"Tanzania",2010,"TZA",1972.9811,"Africa",3.62505229228638,FALSE,44758488,88307650888.5768
"Tanzania",2011,"TZA",2064.7107,"Africa",4.64928934189994,FALSE,46029367,95037326559.1269
"Tanzania",2012,"TZA",2095.8745,"Africa",1.5093543129311,FALSE,47374260,99290503490.37
"Tanzania",2013,"TZA",2171.4421,"Africa",3.60554031264755,FALSE,48824128,106018767034.989
"Tanzania",2014,"TZA",2246.5608,"Africa",3.45939226286531,FALSE,50351512,113117733079.93
"Tanzania",2015,"TZA",2306.6382,"Africa",2.67419426173552,FALSE,52020962,119993538149.948
"Tanzania",2016,"TZA",2380.9314,"Africa",3.22084321676456,FALSE,53824013,128151282625.708
"Tanzania",2017,"TZA",2458.3428,"Africa",3.25130745052125,FALSE,55652890,136813881430.692
"Tanzania",2018,"TZA",2510.9663,"Africa",2.14060870599496,FALSE,57437145,144222735463.214
"Tanzania",2019,"TZA",2577.6658,"Africa",2.65632796425823,FALSE,59174891,152533092749.428
"Tanzania",2020,"TZA",2551.2063,"Africa",-1.0264907110922,FALSE,60972798,155554186386.227
"Tanzania",2021,"TZA",2581.6997,"Africa",1.19525418230585,FALSE,62830412,162209255811.276
"Thailand",1990,"THA",7273.059,"Asia",NA,FALSE,54738329,398115096378.411
"Thailand",1991,"THA",7772.858,"Asia",6.87192280442108,FALSE,55637434,432461873966.372
"Thailand",1992,"THA",8277.354,"Asia",6.49048265129762,FALSE,56528834,467909170225.236
"Thailand",1993,"THA",8830.575,"Asia",6.6835488732269,FALSE,57408198,506947398053.85
"Thailand",1994,"THA",9401.065,"Asia",6.46039470815887,FALSE,58260854,547714075409.51
"Thailand",1995,"THA",10025.088,"Asia",6.63779050565015,FALSE,59098232,592464976444.416
"Thailand",1996,"THA",10453.39,"Asia",4.27230164962143,FALSE,59920064,626367797816.96
"Thailand",1997,"THA",10035.87,"Asia",-3.99411100131152,FALSE,60724584,609424030828.08
"Thailand",1998,"THA",9156.215,"Asia",-8.76510955203685,FALSE,61522630,563314427645.45
"Thailand",1999,"THA",9467.921,"Asia",3.404310623986,FALSE,62299043,589842417499.603
"Thailand",2000,"THA",9791.8955,"Asia",3.42181245492015,FALSE,63007815,616965940163.333
"Thailand",2001,"THA",10036.329,"Asia",2.49628378897629,FALSE,63651141,638823792301.389
"Thailand",2002,"THA",10558.468,"Asia",5.20248987453481,FALSE,64266437,678555118538.516
"Thailand",2003,"THA",11220.684,"Asia",6.27189474836689,FALSE,64868166,727865192345.544
"Thailand",2004,"THA",11828.839,"Asia",5.41994587852221,FALSE,65452047,774221726183.433
"Thailand",2005,"THA",12228.661,"Asia",3.38006122156198,FALSE,66017420,807304649274.62
"Thailand",2006,"THA",12739.737,"Asia",4.17932920047419,FALSE,66567687,848054825078.319
"Thailand",2007,"THA",13330.209,"Asia",4.63488374995498,FALSE,67102394,894488936420.346
"Thailand",2008,"THA",13459.246,"Asia",0.968004327614056,FALSE,67619830,910111926448.18
"Thailand",2009,"THA",13270.617,"Asia",-1.4014826684942,FALSE,68121080,904008762306.36
"Thailand",2010,"THA",14172.218,"Asia",6.79396444038736,FALSE,68579447,971922873203.446
"Thailand",2011,"THA",14199.279,"Asia",0.190944000438038,FALSE,69007208,979852599403.032
"Thailand",2012,"THA",15129.901,"Asia",6.55400883382881,FALSE,69436098,1050561288566.3
"Thailand",2013,"THA",15442.38,"Asia",2.06530763155687,FALSE,69845114,1078574791531.32
"Thailand",2014,"THA",15509.181,"Asia",0.432582283300899,FALSE,70216367,1088998344965.43
"Thailand",2015,"THA",15919.37,"Asia",2.64481406207072,FALSE,70540795,1122965015699.15
"Thailand",2016,"THA",16393.314,"Asia",2.97715299035073,FALSE,70859841,1161627623503.07
"Thailand",2017,"THA",17008.04,"Asia",3.74985802138605,FALSE,71160187,1210295306903.48
"Thailand",2018,"THA",17669.045,"Asia",3.886426654688,FALSE,71376079,1261147151774.55
"Thailand",2019,"THA",18003.672,"Asia",1.89386013788521,FALSE,71522271,1287663507779.11
"Thailand",2020,"THA",16848.584,"Asia",-6.4158467228241,FALSE,71641484,1207057561058.66
"Thailand",2021,"THA",17077.043,"Asia",1.35595371100623,FALSE,71727332,1224890732839.28
"Togo",1990,"TGO",1740.3103,"Africa",NA,TRUE,3998761,6959084955.5383
"Togo",1991,"TGO",1678.6401,"Africa",-3.54363242003452,TRUE,4115560,6908544049.956
"Togo",1992,"TGO",1566.2836,"Africa",-6.69330489602864,TRUE,4233617,6631044875.7812
"Togo",1993,"TGO",1338.9137,"Africa",-14.5165217844329,TRUE,4207453,5633416463.8061
"Togo",1994,"TGO",1534.1661,"Africa",14.5828965675682,TRUE,4222940,6478691390.334
"Togo",1995,"TGO",1582.2555,"Africa",3.13456280907263,TRUE,4410832,6979063191.576
"Togo",1996,"TGO",1657.6458,"Africa",4.76473616302803,TRUE,4577860,7588470401.988
"Togo",1997,"TGO",1835.4222,"Africa",10.7246312813027,TRUE,4725030,8672424957.666
"Togo",1998,"TGO",1741.7277,"Africa",-5.10479278282676,TRUE,4860913,8466386819.3901
"Togo",1999,"TGO",1733.749,"Africa",-0.45809112411773,TRUE,5000269,8669211378.481
"Togo",2000,"TGO",1672.0458,"Africa",-3.55894653724385,TRUE,5140037,8594377277.6946
"Togo",2001,"TGO",1640.8002,"Africa",-1.86870479265581,TRUE,5277382,8659129441.0764
"Togo",2002,"TGO",1659.6837,"Africa",1.15087138580311,TRUE,5413274,8984322621.4338
"Togo",2003,"TGO",1725.6503,"Africa",3.97464890448704,TRUE,5552167,9581098649.2001
"Togo",2004,"TGO",1664.4811,"Africa",-3.54470427757003,TRUE,5696508,9481729901.9988
"Togo",2005,"TGO",1546.144,"Africa",-7.10954903603291,TRUE,5844631,9036641152.864
"Togo",2006,"TGO",1543.1755,"Africa",-0.191993759960259,TRUE,6010668,9275515596.234
"Togo",2007,"TGO",1481.3401,"Africa",-4.00702318044838,TRUE,6188344,9167042119.7944
"Togo",2008,"TGO",1498.1761,"Africa",1.13653846270684,TRUE,6368812,9541601923.7932
"Togo",2009,"TGO",1537.6179,"Africa",2.63265446565327,TRUE,6551865,10074264902.3835
"Togo",2010,"TGO",1588.3982,"Africa",3.30253049213333,TRUE,6732590,10694033837.338
"Togo",2011,"TGO",1645.7479,"Africa",3.61053670295018,TRUE,6916474,11382772560.9046
"Togo",2012,"TGO",1708.3873,"Africa",3.80613580002138,TRUE,7100736,12130807203.0528
"Togo",2013,"TGO",1766.9951,"Africa",3.43059211456325,TRUE,7285442,12873340315.3342
"Togo",2014,"TGO",1824.8356,"Africa",3.27338202579056,TRUE,7472450,13635992779.22
"Togo",2015,"TGO",1881.9052,"Africa",3.12738309138641,TRUE,7663195,14421406519.114
"Togo",2016,"TGO",1937.7426,"Africa",2.96706762912394,TRUE,7858289,15227341358.4114
"Togo",2017,"TGO",1972.6971,"Africa",1.80387735708551,TRUE,8057140,15894296712.294
"Togo",2018,"TGO",2020.9656,"Africa",2.44682774664189,TRUE,8258778,16690706236.0368
"Togo",2019,"TGO",2080.5242,"Africa",2.94703680260564,TRUE,8463068,17607617780.2456
"Togo",2020,"TGO",2066.9707,"Africa",-0.651446399902486,TRUE,8669720,17920057217.204
"Togo",2021,"TGO",2124.8042,"Africa",2.79798354180832,TRUE,8878379,18864816988.3918
"Tonga",1990,"TON",3625.4368,"Oceania",NA,FALSE,99700,361456048.96
"Tonga",1991,"TON",3846.9792,"Oceania",6.11077815506259,FALSE,99895,384293987.184
"Tonga",1992,"TON",3846.9592,"Oceania",-0.000519888436112068,FALSE,100022,384780553.1024
"Tonga",1993,"TON",3981.4548,"Oceania",3.49615353341934,FALSE,100103,398555569.8444
"Tonga",1994,"TON",4168.6235,"Oceania",4.70101280567093,FALSE,100166,417554341.501
"Tonga",1995,"TON",4465.193,"Oceania",7.11432682754872,FALSE,100225,447523968.425
"Tonga",1996,"TON",4535.9224,"Oceania",1.58401663713081,FALSE,100275,454839618.66
"Tonga",1997,"TON",4570.298,"Oceania",0.757852471197466,FALSE,100674,460110180.852
"Tonga",1998,"TON",4651.0195,"Oceania",1.76621962068995,FALSE,101388,471557565.066
"Tonga",1999,"TON",4793.389,"Oceania",3.06103855294522,FALSE,102046,489146173.894
"Tonga",2000,"TON",4806.1133,"Oceania",0.265455192557914,FALSE,102677,493477295.3041
"Tonga",2001,"TON",4956.9653,"Oceania",3.13875247177381,FALSE,103288,511995031.9064
"Tonga",2002,"TON",5167.539,"Oceania",4.24803659610044,FALSE,103874,536772946.086
"Tonga",2003,"TON",5256.1235,"Oceania",1.71424927804125,FALSE,104464,549075685.304
"Tonga",2004,"TON",5098.8433,"Oceania",-2.99232314461407,FALSE,105071,535740564.3743
"Tonga",2005,"TON",5074.135,"Oceania",-0.484586376678809,FALSE,105671,536188919.585
"Tonga",2006,"TON",5040.017,"Oceania",-0.672390466552435,FALSE,106253,535516926.301
"Tonga",2007,"TON",5032.449,"Oceania",-0.150158223672662,FALSE,106726,537093151.974
"Tonga",2008,"TON",5257.0054,"Oceania",4.46216941294389,FALSE,107020,562604717.908
"Tonga",2009,"TON",4973.827,"Oceania",-5.38668649646051,FALSE,107203,533209175.881
"Tonga",2010,"TON",5002.6323,"Oceania",0.579137553437222,FALSE,107400,537282709.02
"Tonga",2011,"TON",5332.404,"Oceania",6.59196359484586,FALSE,107570,573606698.28
"Tonga",2012,"TON",5381.746,"Oceania",0.925323737661281,FALSE,107460,578322425.16
"Tonga",2013,"TON",5419.3735,"Oceania",0.699169005746455,FALSE,107078,580295675.633
"Tonga",2014,"TON",5552.782,"Oceania",2.46169598755281,FALSE,106609,591976536.238
"Tonga",2015,"TON",5644.535,"Oceania",1.65237893365883,FALSE,106095,598856940.825
"Tonga",2016,"TON",6039.0537,"Oceania",6.98939239459053,FALSE,105524,637265102.6388
"Tonga",2017,"TON",6256.9814,"Oceania",3.60863987680718,FALSE,105356,659210532.3784
"Tonga",2018,"TON",6287.882,"Oceania",0.493857948818578,FALSE,105567,663792839.094
"Tonga",2019,"TON",6344.3115,"Oceania",0.897432553600723,FALSE,105669,670397051.8935
"Tonga",2020,"TON",6356.96,"Oceania",0.199367575189211,FALSE,105704,671956099.84
"Tonga",2021,"TON",6142.857,"Oceania",-3.36800923711963,FALSE,105490,648009984.93
"Trinidad and Tobago",1990,"TTO",9766.818,"North America",NA,FALSE,1252208,12230087634.144
"Trinidad and Tobago",1991,"TTO",9994.21,"North America",2.32820965845785,FALSE,1262171,12614402029.91
"Trinidad and Tobago",1992,"TTO",10923.511,"North America",9.29839376999284,FALSE,1271674,13891144927.414
"Trinidad and Tobago",1993,"TTO",10779.38,"North America",-1.31945672046287,FALSE,1280466,13802629591.08
"Trinidad and Tobago",1994,"TTO",11100.256,"North America",2.97675747584741,FALSE,1288341,14300914915.296
"Trinidad and Tobago",1995,"TTO",11466.5205,"North America",3.29960408120318,FALSE,1295169,14851081889.4645
"Trinidad and Tobago",1996,"TTO",12232.107,"North America",6.67671156215174,FALSE,1300928,15913090495.296
"Trinidad and Tobago",1997,"TTO",13105.047,"North America",7.13646471535934,FALSE,1305836,17113042154.292
"Trinidad and Tobago",1998,"TTO",14122.624,"North America",7.76477184706014,FALSE,1310225,18503815030.4
"Trinidad and Tobago",1999,"TTO",15204.31,"North America",7.6592423617594,FALSE,1314708,19989227991.48
"Trinidad and Tobago",2000,"TTO",16190.903,"North America",6.48890347539613,FALSE,1319774,21368332815.922
"Trinidad and Tobago",2001,"TTO",16785.639,"North America",3.6732725778173,FALSE,1325567,22250489132.313
"Trinidad and Tobago",2002,"TTO",18018.297,"North America",7.34352740458674,FALSE,1332011,24000569805.267
"Trinidad and Tobago",2003,"TTO",20504.78,"North America",13.7997669813079,FALSE,1338709,27449933529.02
"Trinidad and Tobago",2004,"TTO",22010.941,"North America",7.34541409368937,FALSE,1345380,29613079802.58
"Trinidad and Tobago",2005,"TTO",23242.639,"North America",5.59584435758562,FALSE,1294494,30087456729.666
"Trinidad and Tobago",2006,"TTO",26162.645,"North America",12.5631431095238,FALSE,1297944,33957648101.88
"Trinidad and Tobago",2007,"TTO",27249.299,"North America",4.15345619680273,FALSE,1303188,35510959465.212
"Trinidad and Tobago",2008,"TTO",28012.873,"North America",2.80217850741775,FALSE,1308587,36657281440.451
"Trinidad and Tobago",2009,"TTO",26622.293,"North America",-4.96407490941753,FALSE,1310106,34878025793.058
"Trinidad and Tobago",2010,"TTO",27329.424,"North America",2.6561611353312,FALSE,1317714,36012364616.736
"Trinidad and Tobago",2011,"TTO",27062.385,"North America",-0.977111702024897,FALSE,1328019,35939361465.315
"Trinidad and Tobago",2012,"TTO",28642.336,"North America",5.83818092899056,FALSE,1335194,38243075173.184
"Trinidad and Tobago",2013,"TTO",29529.576,"North America",3.0976523702536,FALSE,1340557,39586079813.832
"Trinidad and Tobago",2014,"TTO",30301.936,"North America",2.61554720596056,FALSE,1345343,40766497484.048
"Trinidad and Tobago",2015,"TTO",29876.98,"North America",-1.40240544366539,FALSE,1349667,40323973965.66
"Trinidad and Tobago",2016,"TTO",27682.445,"North America",-7.34523703533624,FALSE,1353895,37479123873.275
"Trinidad and Tobago",2017,"TTO",26213.924,"North America",-5.30488184840609,FALSE,1356633,35562674357.892
"Trinidad and Tobago",2018,"TTO",25534.84,"North America",-2.59054691697435,FALSE,1359193,34706775784.12
"Trinidad and Tobago",2019,"TTO",25306.617,"North America",-0.893771020300115,FALSE,1363985,34517845988.745
"Trinidad and Tobago",2020,"TTO",23391.316,"North America",-7.56838023825942,FALSE,1366725,31969496360.1
"Trinidad and Tobago",2021,"TTO",23037.143,"North America",-1.5141217364598,FALSE,1367558,31504629206.794
"Tunisia",1990,"TUN",5659.907,"Africa",NA,FALSE,8324509,47115946760.663
"Tunisia",1991,"TUN",5756.2085,"Africa",1.70146788630979,FALSE,8501827,48938288842.9295
"Tunisia",1992,"TUN",6078.8486,"Africa",5.60508014954636,FALSE,8682512,52779675915.6832
"Tunisia",1993,"TUN",6091.1235,"Africa",0.201928042754666,FALSE,8857910,53954623761.885
"Tunisia",1994,"TUN",6170.643,"Africa",1.30549807437003,FALSE,9018448,55649623022.064
"Tunisia",1995,"TUN",6213.1714,"Africa",0.689205322686795,FALSE,9161258,56920466193.6212
"Tunisia",1996,"TUN",6560.849,"Africa",5.59581536733398,FALSE,9294432,60979364892.768
"Tunisia",1997,"TUN",6825.614,"Africa",4.03552954808134,FALSE,9421270,64305952409.78
"Tunisia",1998,"TUN",7064.037,"Africa",3.49306304165458,FALSE,9541667,67402688729.679
"Tunisia",1999,"TUN",7406.842,"Africa",4.85281999513875,FALSE,9655963,71520192298.846
"Tunisia",2000,"TUN",7673.194,"Africa",3.59602648470159,FALSE,9764935,74928240652.39
"Tunisia",2001,"TUN",7883.365,"Africa",2.73902888419085,FALSE,9869677,77806266223.105
"Tunisia",2002,"TUN",7908.944,"Africa",0.324468041248891,FALSE,9971515,78864153730.16
"Tunisia",2003,"TUN",8200.24,"Africa",3.68312128648274,FALSE,10071632,82589799591.68
"Tunisia",2004,"TUN",8628.278,"Africa",5.21982283445363,FALSE,10166163,87716480557.314
"Tunisia",2005,"TUN",8846.49,"Africa",2.52903302373891,FALSE,10255472,90724930493.28
"Tunisia",2006,"TUN",9225.85,"Africa",4.28825443763572,FALSE,10346410,95454426698.5
"Tunisia",2007,"TUN",9754.755,"Africa",5.73285930293684,FALSE,10441702,101856244793.01
"Tunisia",2008,"TUN",10072.95,"Africa",3.2619476347689,FALSE,10542635,106195435223.25
"Tunisia",2009,"TUN",10279.302,"Africa",2.04857564070107,FALSE,10650681,109481566504.662
"Tunisia",2010,"TUN",10477.304,"Africa",1.92622028227209,FALSE,10765980,112798445317.92
"Tunisia",2011,"TUN",10134.997,"Africa",-3.26712864301733,FALSE,10886035,110329932066.895
"Tunisia",2012,"TUN",10428.271,"Africa",2.89367623887803,FALSE,11009647,114811582530.337
"Tunisia",2013,"TUN",10562.662,"Africa",1.2887179475869,FALSE,11141361,117682430462.982
"Tunisia",2014,"TUN",10766.497,"Africa",1.92976921916084,FALSE,11274288,121384587929.136
"Tunisia",2015,"TUN",10749.49,"Africa",-0.157962241572162,FALSE,11402264,122568522845.36
"Tunisia",2016,"TUN",10750.714,"Africa",0.0113865867124874,FALSE,11528674,123941476973.236
"Tunisia",2017,"TUN",10874.947,"Africa",1.15557906200463,FALSE,11650498,126698548273.606
"Tunisia",2018,"TUN",11042.961,"Africa",1.54496385131807,FALSE,11765514,129926112246.954
"Tunisia",2019,"TUN",11100.82,"Africa",0.523944619563543,FALSE,11875081,131823136666.42
"Tunisia",2020,"TUN",10050.046,"Africa",-9.46573316205469,FALSE,11974057,120339823656.622
"Tunisia",2021,"TUN",10397.944,"Africa",3.46165579739634,FALSE,12048622,125280896833.168
"Turkmenistan",1990,"TKM",7137.6035,"Asia",NA,FALSE,3760562,26841400493.167
"Turkmenistan",1991,"TKM",6628.0586,"Asia",-7.13887931712654,FALSE,3855894,25557091387.3884
"Turkmenistan",1992,"TKM",5485.9746,"Asia",-17.2310486210849,FALSE,3944689,21640463658.8994
"Turkmenistan",1993,"TKM",5422.7925,"Asia",-1.15170237937303,FALSE,4032407,21866906436.5475
"Turkmenistan",1994,"TKM",4374.6963,"Asia",-19.3276102672193,FALSE,4116662,18009146019.7506
"Turkmenistan",1995,"TKM",3969.826,"Asia",-9.25482072892693,FALSE,4191203,16638346640.678
"Turkmenistan",1996,"TKM",4162.4644,"Asia",4.85256532654076,FALSE,4263819,17747994795.5436
"Turkmenistan",1997,"TKM",3635.0552,"Asia",-12.6705996572607,FALSE,4336730,15764252937.496
"Turkmenistan",1998,"TKM",3833.5413,"Asia",5.46033248683542,FALSE,4410507,16907860738.4391
"Turkmenistan",1999,"TKM",4397.0547,"Asia",14.6995520825614,FALSE,4492170,19752317211.699
"Turkmenistan",2000,"TKM",4568.4604,"Asia",3.8981934884731,FALSE,4582677,20935778400.4908
"Turkmenistan",2001,"TKM",4699.07,"Asia",2.85894127483298,FALSE,4675409,21970074169.63
"Turkmenistan",2002,"TKM",4647.115,"Asia",-1.10564430834186,FALSE,4769465,22164252343.475
"Turkmenistan",2003,"TKM",4738.496,"Asia",1.96640281120653,FALSE,4863865,23047404847.04
"Turkmenistan",2004,"TKM",4912.673,"Asia",3.675786578695,FALSE,4958093,24357489612.589
"Turkmenistan",2005,"TKM",5477.9985,"Asia",11.5074929676777,FALSE,5052257,27676256267.6145
"Turkmenistan",2006,"TKM",5995.3613,"Asia",9.44437644515602,FALSE,5147105,30858754124.0365
"Turkmenistan",2007,"TKM",6564.5044,"Asia",9.4930575743617,FALSE,5244046,34424563040.8024
"Turkmenistan",2008,"TKM",7418.4814,"Asia",13.0090094844022,FALSE,5345029,39651998218.9606
"Turkmenistan",2009,"TKM",7748.1436,"Asia",4.44379627345296,FALSE,5451592,42239717664.6112
"Turkmenistan",2010,"TKM",8321.22,"Asia",7.3963058712541,FALSE,5564356,46302230434.32
"Turkmenistan",2011,"TKM",9379.144,"Asia",12.7135684430889,FALSE,5683417,53305586455.048
"Turkmenistan",2012,"TKM",10233.4,"Asia",9.10803800432107,FALSE,5808546,59441174636.4
"Turkmenistan",2013,"TKM",11071.518,"Asia",8.19002482068521,FALSE,5939341,65757520789.638
"Turkmenistan",2014,"TKM",11989.653,"Asia",8.29276527392179,FALSE,6075283,72840535046.799
"Turkmenistan",2015,"TKM",12540.284,"Asia",4.59255159427883,FALSE,6215770,77947521078.68
"Turkmenistan",2016,"TKM",13086.014,"Asia",4.35181531773921,FALSE,6360041,83227585566.574
"Turkmenistan",2017,"TKM",13703.513,"Asia",4.71877074256532,FALSE,6507061,89169595005.293
"Turkmenistan",2018,"TKM",14321.14,"Asia",4.50707055920623,FALSE,6655524,95314690977.36
"Turkmenistan",2019,"TKM",14992.604,"Asia",4.68862115725424,FALSE,6803944,102008838030.176
"Turks and Caicos Islands",2011,"TCA",25731.283,"North America",NA,FALSE,30846,793707155.418
"Turks and Caicos Islands",2012,"TCA",24476.342,"North America",-4.87710231938298,FALSE,32127,786351439.434
"Turks and Caicos Islands",2013,"TCA",23624.287,"North America",-3.4811370097705,FALSE,33653,795028130.411
"Turks and Caicos Islands",2014,"TCA",24661.145,"North America",4.38894938924506,FALSE,35050,864373132.25
"Turks and Caicos Islands",2015,"TCA",26284.723,"North America",6.58354670880043,FALSE,36605,962152285.415
"Turks and Caicos Islands",2016,"TCA",26931.729,"North America",2.46152869862847,FALSE,38315,1031889196.635
"Turks and Caicos Islands",2017,"TCA",25207.832,"North America",-6.40098895989931,FALSE,39913,1006120198.616
"Turks and Caicos Islands",2018,"TCA",25567.918,"North America",1.42846873939815,FALSE,41559,1062577104.162
"Turks and Caicos Islands",2019,"TCA",25933.512,"North America",1.42989350951453,FALSE,43166,1119445978.992
"Turks and Caicos Islands",2020,"TCA",18474.865,"North America",-28.7606514690336,FALSE,44386,820025357.89
"Turks and Caicos Islands",2021,"TCA",18512.457,"North America",0.203476453007894,FALSE,45243,837559092.051
"Tuvalu",1990,"TUV",2703.2468,"Oceania",NA,TRUE,8798,23783165.3464
"Tuvalu",1991,"TUV",2749.3105,"Oceania",1.70401385474682,TRUE,8928,24545844.144
"Tuvalu",1992,"TUV",2792.5486,"Oceania",1.57268886144362,TRUE,9038,25239054.2468
"Tuvalu",1993,"TUV",2891.7617,"Oceania",3.55277970811322,TRUE,9126,26390217.2742
"Tuvalu",1994,"TUV",3175.1235,"Oceania",9.79893329384645,TRUE,9207,29233362.0645
"Tuvalu",1995,"TUV",3008.0447,"Oceania",-5.26211972542171,TRUE,9280,27914654.816
"Tuvalu",1996,"TUV",2821.0718,"Oceania",-6.21576201975987,TRUE,9342,26354452.7556
"Tuvalu",1997,"TUV",3097.1472,"Oceania",9.78618835578732,TRUE,9400,29113183.68
"Tuvalu",1998,"TUV",3575.7576,"Oceania",15.4532661540917,TRUE,9451,33794485.0776
"Tuvalu",1999,"TUV",3517.6494,"Oceania",-1.62505981949112,TRUE,9496,33403598.7024
"Tuvalu",2000,"TUV",3484.23,"Oceania",-0.95004920046892,TRUE,9544,33253491.12
"Tuvalu",2001,"TUV",3490.3865,"Oceania",0.176696142332741,TRUE,9586,33458844.989
"Tuvalu",2002,"TUV",3827.5784,"Oceania",9.6605891639794,TRUE,9623,36832786.9432
"Tuvalu",2003,"TUV",3638.8193,"Oceania",-4.9315541126473,TRUE,9695,35278353.1135
"Tuvalu",2004,"TUV",3511.4448,"Oceania",-3.50043488007222,TRUE,9816,34468342.1568
"Tuvalu",2005,"TUV",3307.25,"Oceania",-5.81512202612441,TRUE,9940,32874065
"Tuvalu",2006,"TUV",3348.0566,"Oceania",1.23385289893416,TRUE,10056,33668057.1696
"Tuvalu",2007,"TUV",3545.1426,"Oceania",5.88657909785636,TRUE,10182,36096641.9532
"Tuvalu",2008,"TUV",3736.2048,"Oceania",5.38940803114661,TRUE,10321,38561369.7408
"Tuvalu",2009,"TUV",3456.9229,"Oceania",-7.47501582354372,TRUE,10461,36162870.4569
"Tuvalu",2010,"TUV",3334.6072,"Oceania",-3.53828255758901,TRUE,10614,35393520.8208
"Tuvalu",2011,"TUV",3512.0325,"Oceania",5.32072563149267,TRUE,10780,37859710.35
"Tuvalu",2012,"TUV",3388.5388,"Oceania",-3.51630288159349,TRUE,10934,37050283.2392
"Tuvalu",2013,"TUV",3515.1396,"Oceania",3.7361472738633,TRUE,11001,38670050.7396
"Tuvalu",2014,"TUV",3521.2676,"Oceania",0.174331625406859,TRUE,10984,38677603.3184
"Tuvalu",2015,"TUV",3895.9304,"Oceania",10.6399979371065,TRUE,10963,42711084.9752
"Tuvalu",2016,"TUV",4125.938,"Oceania",5.90379129976244,TRUE,10930,45096502.34
"Tuvalu",2017,"TUV",4208.924,"Oceania",2.01132445519055,TRUE,10869,45746794.956
"Tuvalu",2018,"TUV",4268.1797,"Oceania",1.40785863560377,TRUE,10751,45887199.9547
"Tuvalu",2019,"TUV",4816.553,"Oceania",12.8479431172966,TRUE,10581,50963947.293
"Tuvalu",2020,"TUV",4839.6157,"Oceania",0.478821680151768,TRUE,10399,50327163.6643
"Tuvalu",2021,"TUV",4924.0273,"Oceania",1.74417981163255,TRUE,10194,50195534.2962
"Uganda",1990,"UGA",901.6608,"Africa",NA,TRUE,17569897,15842087384.9376
"Uganda",1991,"UGA",921.085,"Africa",2.1542690998655,TRUE,18155901,16723128072.585
"Uganda",1992,"UGA",920.65155,"Africa",-0.0470586319395054,TRUE,18785032,17294468827.5996
"Uganda",1993,"UGA",963.43756,"Africa",4.64736196881436,TRUE,19445161,18734198467.6472
"Uganda",1994,"UGA",991.40826,"Africa",2.90321876178463,TRUE,20108801,19936031410.0963
"Uganda",1995,"UGA",1075.9357,"Africa",8.52599715076007,TRUE,20665667,22234928889.6119
"Uganda",1996,"UGA",1142.136,"Africa",6.15281191989447,TRUE,21231550,24249317590.8
"Uganda",1997,"UGA",1165.9617,"Africa",2.08606505705101,TRUE,21856046,25483312549.4382
"Uganda",1998,"UGA",1187.2966,"Africa",1.82981139088873,TRUE,22515806,26732939910.0596
"Uganda",1999,"UGA",1242.0519,"Africa",4.61176255368709,TRUE,23257281,28886750054.8839
"Uganda",2000,"UGA",1241.5328,"Africa",-0.0417937446897332,TRUE,24000150,29796973429.92
"Uganda",2001,"UGA",1266.7274,"Africa",2.02931408658716,TRUE,24745676,31346025820.7224
"Uganda",2002,"UGA",1335.1953,"Africa",5.40510136592925,TRUE,25532870,34091368019.511
"Uganda",2003,"UGA",1377.952,"Africa",3.2022805952058,TRUE,26352124,36311961970.048
"Uganda",2004,"UGA",1428.8488,"Africa",3.69365551194817,TRUE,27154515,38799696172.332
"Uganda",2005,"UGA",1475.8116,"Africa",3.28675784309719,TRUE,27963289,41268546280.3524
"Uganda",2006,"UGA",1588.0022,"Africa",7.60195949130634,TRUE,28794003,45724940110.8066
"Uganda",2007,"UGA",1671.8218,"Africa",5.27830503005601,TRUE,29653430,49575250718.774
"Uganda",2008,"UGA",1764.9932,"Africa",5.57304612249942,TRUE,30539553,53902103376.0396
"Uganda",2009,"UGA",1830.8717,"Africa",3.73250729804512,TRUE,31451151,57583022298.3267
"Uganda",2010,"UGA",1878.5209,"Africa",2.6025417291665,TRUE,32390802,60846798524.7618
"Uganda",2011,"UGA",1996.0656,"Africa",6.25730062412401,TRUE,33354543,66577855886.0208
"Uganda",2012,"UGA",2013.5464,"Africa",0.875762800581306,TRUE,34337438,69140024670.1232
"Uganda",2013,"UGA",2026.6228,"Africa",0.649421339384091,TRUE,35337042,71614855001.7576
"Uganda",2014,"UGA",2067.7954,"Africa",2.03158673631817,TRUE,36395539,75258528124.7206
"Uganda",2015,"UGA",2108.8604,"Africa",1.98593149012712,TRUE,37531446,79148580224.1384
"Uganda",2016,"UGA",2137.2073,"Africa",1.34418096143301,TRUE,38799152,82921830888.2096
"Uganda",2017,"UGA",2128.397,"Africa",-0.412234227348938,TRUE,40177388,85513432087.036
"Uganda",2018,"UGA",2186.9072,"Africa",2.74902661486556,TRUE,41565831,90900615087.8832
"Uganda",2019,"UGA",2250.015,"Africa",2.88571001092318,TRUE,42999637,96749828244.555
"Uganda",2020,"UGA",2240.4902,"Africa",-0.423321622300282,TRUE,44457152,99605813375.9104
"Uganda",2021,"UGA",2246.414,"Africa",0.264397496583561,TRUE,45910930,103134955905.02
"Ukraine",1990,"UKR",16428.48,"Europe",NA,FALSE,52054092,855169609340.16
"Ukraine",1991,"UKR",14967.733,"Europe",-8.89155296168605,FALSE,52170961,780881014601.413
"Ukraine",1992,"UKR",13447.164,"Europe",-10.1589799871497,FALSE,52323671,703604985019.044
"Ukraine",1993,"UKR",11531.299,"Europe",-14.2473535683807,FALSE,52350126,603664955593.674
"Ukraine",1994,"UKR",8934.775,"Europe",-22.5171856180297,FALSE,52075998,465287325030.45
"Ukraine",1995,"UKR",7906.957,"Europe",-11.5035689203142,FALSE,51665539,408517195254.823
"Ukraine",1996,"UKR",7179.6777,"Europe",-9.19796705610009,FALSE,51226109,367786952445.069
"Ukraine",1997,"UKR",7028.0464,"Europe",-2.11195134845677,FALSE,50786885,356932584291.464
"Ukraine",1998,"UKR",6956.399,"Europe",-1.01944972930173,FALSE,50379731,350461510348.669
"Ukraine",1999,"UKR",7008.2437,"Europe",0.745280712046558,FALSE,49976446,350247112827.89
"Ukraine",2000,"UKR",7496.813,"Europe",6.97135146713006,FALSE,49556660,371517012924.58
"Ukraine",2001,"UKR",8242.703,"Europe",9.94942784353831,FALSE,49106855,404773221029.065
"Ukraine",2002,"UKR",8765.683,"Europe",6.34476336221263,FALSE,48677281,426689614547.923
"Ukraine",2003,"UKR",9678.087,"Europe",10.4088181149147,FALSE,48315136,467598089624.832
"Ukraine",2004,"UKR",10902.038,"Europe",12.6466211762717,FALSE,47979507,523074408535.266
"Ukraine",2005,"UKR",11319.511,"Europe",3.82931154707037,FALSE,47585556,538645224583.116
"Ukraine",2006,"UKR",12259.158,"Europe",8.30112714232973,FALSE,47278694,579596979779.652
"Ukraine",2007,"UKR",13345.771,"Europe",8.8636837864395,FALSE,47062798,628089324727.258
"Ukraine",2008,"UKR",13719.271,"Europe",2.79863935923972,FALSE,46819175,642324949821.425
"Ukraine",2009,"UKR",11694.448,"Europe",-14.7589693359071,FALSE,46623731,545238797745.488
"Ukraine",2010,"UKR",12221.44,"Europe",4.50634352301195,FALSE,46456003,567759253304.32
"Ukraine",2011,"UKR",12933.356,"Europe",5.8251400816925,FALSE,46307853,598915948444.668
"Ukraine",2012,"UKR",12985.087,"Europe",0.399981257764804,FALSE,46210056,600041597434.872
"Ukraine",2013,"UKR",13020.601,"Europe",0.273498360080306,FALSE,46126770,600598267588.77
"Ukraine",2014,"UKR",12385.813,"Europe",-4.87525883021836,FALSE,45972380,569405301844.94
"Ukraine",2015,"UKR",11216.118,"Europe",-9.44382900016333,FALSE,45784896,513528796153.728
"Ukraine",2016,"UKR",11536.316,"Europe",2.8548023478355,FALSE,45616832,526250188870.912
"Ukraine",2017,"UKR",11860.561,"Europe",2.81064596358143,FALSE,45436041,538896935879.001
"Ukraine",2018,"UKR",12336.927,"Europe",4.01638674595578,FALSE,45208907,557738985408.789
"Ukraine",2019,"UKR",12804.955,"Europe",3.79371621474294,FALSE,44957458,575678226604.39
"Ukraine",2020,"UKR",12407.79,"Europe",-3.10165088436468,FALSE,44680014,554380230909.06
"Ukraine",2021,"UKR",12943.614,"Europe",4.31844832963806,FALSE,44298640,573384496884.96
"United Arab Emirates",1990,"ARE",105893.625,"Asia",NA,FALSE,1898220,201009396847.5
"United Arab Emirates",1991,"ARE",101048.695,"Asia",-4.57528014552339,FALSE,2006626,202766938653.07
"United Arab Emirates",1992,"ARE",99106.79,"Asia",-1.92175168615489,FALSE,2114730,209584102016.7
"United Arab Emirates",1993,"ARE",95524.45,"Asia",-3.61462620270518,FALSE,2222093,212264211673.85
"United Arab Emirates",1994,"ARE",97475.984,"Asia",2.04296805686921,FALSE,2328188,226942416236.992
"United Arab Emirates",1995,"ARE",99510.35,"Asia",2.0870433069955,FALSE,2434662,242274067751.7
"United Arab Emirates",1996,"ARE",99602.62,"Asia",0.0927240231794879,FALSE,2597564,258724180017.68
"United Arab Emirates",1997,"ARE",100956.7,"Asia",1.35948231080669,FALSE,2817410,284436416147
"United Arab Emirates",1998,"ARE",95185.305,"Asia",-5.71670329953337,FALSE,3040421,289403400213.405
"United Arab Emirates",1999,"ARE",92368.81,"Asia",-2.95895989407188,FALSE,3266009,301677364779.29
"United Arab Emirates",2000,"ARE",96835.89,"Asia",4.83613462163256,FALSE,3493575,338303444406.75
"United Arab Emirates",2001,"ARE",93106.2,"Asia",-3.85155751653648,FALSE,3723590,346689315258
"United Arab Emirates",2002,"ARE",90661.73,"Asia",-2.62546425479721,FALSE,3956826,358732690468.98
"United Arab Emirates",2003,"ARE",93989.96,"Asia",3.67104179459184,FALSE,4192457,394048865731.72
"United Arab Emirates",2004,"ARE",98342.234,"Asia",4.63057330804268,FALSE,4428967,435554509092.278
"United Arab Emirates",2005,"ARE",96188.125,"Asia",-2.19042105551517,FALSE,4664790,448697403618.75
"United Arab Emirates",2006,"ARE",92323.56,"Asia",-4.01771528450108,FALSE,5009100,462457944396
"United Arab Emirates",2007,"ARE",79468.99,"Asia",-13.9233907357992,FALSE,5624635,446984062568.65
"United Arab Emirates",2008,"ARE",68909.61,"Asia",-13.287421923948,FALSE,6302664,434314118201.04
"United Arab Emirates",2009,"ARE",57094.785,"Asia",-17.1453952503867,FALSE,6707058,382938034492.53
"United Arab Emirates",2010,"ARE",54664.613,"Asia",-4.25638173433879,FALSE,6869838,375537035642.694
"United Arab Emirates",2011,"ARE",57815.17,"Asia",5.76343053960704,FALSE,7104538,410750072241.46
"United Arab Emirates",2012,"ARE",59949.246,"Asia",3.69120422892469,FALSE,7391448,443111734448.208
"United Arab Emirates",2013,"ARE",62354.824,"Asia",4.01269100198525,FALSE,7693031,479697594031.544
"United Arab Emirates",2014,"ARE",64334.09,"Asia",3.17419867947987,FALSE,8059440,518496738309.6
"United Arab Emirates",2015,"ARE",68076.63,"Asia",5.81735126742293,FALSE,8505237,579007872311.31
"United Arab Emirates",2016,"ARE",71244.586,"Asia",4.65351472304077,FALSE,8935095,636577144145.67
"United Arab Emirates",2017,"ARE",71182.37,"Asia",-0.0873273374063825,FALSE,9223225,656531014543.25
"United Arab Emirates",2018,"ARE",71550.555,"Asia",0.517241839517282,FALSE,9346701,668761643969.055
"United Arab Emirates",2019,"ARE",71782.16,"Asia",0.323694204747972,FALSE,9445785,678038850195.6
"United Arab Emirates",2020,"ARE",67668.29,"Asia",-5.73104793725908,FALSE,9401038,636152165685.02
"United Arab Emirates",2021,"ARE",69733.8,"Asia",3.05240460487476,FALSE,9575152,667711734537.6
"United Kingdom",1990,"GBR",31537.848,"Europe",NA,FALSE,57247586,1805465665634.93
"United Kingdom",1991,"GBR",31093.643,"Europe",-1.40848227818208,FALSE,57424897,1785549246629.77
"United Kingdom",1992,"GBR",31134.043,"Europe",0.129930095357438,FALSE,57580402,1792710711825.29
"United Kingdom",1993,"GBR",31832.818,"Europe",2.24440815476486,FALSE,57718614,1837346134674.25
"United Kingdom",1994,"GBR",32973.06,"Europe",3.58197002854098,FALSE,57865745,1908010681829.7
"United Kingdom",1995,"GBR",33718.508,"Europe",2.26077895105885,FALSE,58019030,1956315127207.24
"United Kingdom",1996,"GBR",34274.41,"Europe",1.64865539127651,FALSE,58166950,1993637892749.5
"United Kingdom",1997,"GBR",35679.02,"Europe",4.09813035439558,FALSE,58316954,2080691768105.08
"United Kingdom",1998,"GBR",36698.41,"Europe",2.85711322788576,FALSE,58487141,2146385080145.81
"United Kingdom",1999,"GBR",37678.695,"Europe",2.67119202167068,FALSE,58682466,2211078738261.87
"United Kingdom",2000,"GBR",39080.867,"Europe",3.72139215543425,FALSE,58892514,2301570506929.64
"United Kingdom",2001,"GBR",39770.605,"Europe",1.76489943275825,FALSE,59119673,2351225162612.17
"United Kingdom",2002,"GBR",40303.867,"Europe",1.34084457603799,FALSE,59370479,2392859889342.29
"United Kingdom",2003,"GBR",41369.496,"Europe",2.64398699013174,FALSE,59647577,2467590198111.19
"United Kingdom",2004,"GBR",42099.395,"Europe",1.76434104974351,FALSE,59987905,2525454507817.47
"United Kingdom",2005,"GBR",42926.992,"Europe",1.9658168484369,FALSE,60401206,2592842086752.35
"United Kingdom",2006,"GBR",43533.22,"Europe",1.4122303281814,FALSE,60846820,2648858001360.4
"United Kingdom",2007,"GBR",44302.86,"Europe",1.76793722127607,FALSE,61322463,2716760493144.18
"United Kingdom",2008,"GBR",43887.707,"Europe",-0.937079457172739,FALSE,61806995,2712567287110.47
"United Kingdom",2009,"GBR",41592.363,"Europe",-5.23003856182326,FALSE,62276270,2590217228126.01
"United Kingdom",2010,"GBR",42270.434,"Europe",1.63027765457809,FALSE,62766365,2653161489152.41
"United Kingdom",2011,"GBR",42389.145,"Europe",0.280836955683956,FALSE,63258810,2681486869617.45
"United Kingdom",2012,"GBR",42705.15,"Europe",0.745485666200639,FALSE,63711000,2720787811650
"United Kingdom",2013,"GBR",43192.08,"Europe",1.14021376812867,FALSE,64139000,2770296819120
"United Kingdom",2014,"GBR",44247.03,"Europe",2.44246167352903,FALSE,64620000,2859243078600
"United Kingdom",2015,"GBR",44948.336,"Europe",1.58497869800528,FALSE,65088000,2925597293568
"United Kingdom",2016,"GBR",45574.848,"Europe",1.39384915161263,FALSE,65607000,2990029052736
"United Kingdom",2017,"GBR",46372.387,"Europe",1.74995427302359,FALSE,65966000,3059000880842
"United Kingdom",2018,"GBR",46878.137,"Europe",1.09062748915642,FALSE,66289000,3107504823593
"United Kingdom",2019,"GBR",47362.266,"Europe",1.0327394196574,FALSE,66631000,3155795145846
"United Kingdom",2020,"GBR",41984.105,"Europe",-11.3553709613472,FALSE,66744000,2802187104120
"United Kingdom",2021,"GBR",44978.715,"Europe",7.13272320560363,FALSE,66984000,3012854245560
"United States",1990,"USA",40456.242,"North America",NA,FALSE,249623000,10098808496766
"United States",1991,"USA",39876.016,"North America",-1.43420637042856,FALSE,252981000,10087874403696
"United States",1992,"USA",40712.062,"North America",2.09661366371203,FALSE,256514000,10443213871868
"United States",1993,"USA",41284.355,"North America",1.40570870618149,FALSE,259919000,10730588267245
"United States",1994,"USA",42424.168,"North America",2.7608836325528,FALSE,263126000,11162901629168
"United States",1995,"USA",43047.26,"North America",1.46871943369639,FALSE,266278000,11462538298280
"United States",1996,"USA",44154.547,"North America",2.57225895446074,FALSE,269394000,11894970034518
"United States",1997,"USA",45566.26,"North America",3.19720865894061,FALSE,272657000,12423959752820
"United States",1998,"USA",47056.51,"North America",3.27051199725411,FALSE,275854000,12980726509540
"United States",1999,"USA",48749.598,"North America",3.59798888612861,FALSE,279040000,13603087825920
"United States",2000,"USA",50175.74,"North America",2.92544361083757,FALSE,282162411,14157707772109.1
"United States",2001,"USA",50155.707,"North America",-0.0399256692576847,FALSE,284968955,14292819411076.2
"United States",2002,"USA",50535.273,"North America",0.756775295780396,FALSE,287625193,14535217649932.7
"United States",2003,"USA",51503.773,"North America",1.91648316612438,FALSE,290107933,14941653126731.2
"United States",2004,"USA",52995.242,"North America",2.89584415495152,FALSE,292805298,15517287626392.1
"United States",2005,"USA",54338.027,"North America",2.53378407065299,FALSE,295516599,16057788935410.2
"United States",2006,"USA",55314.203,"North America",1.79648775249053,FALSE,298379912,16504647023490.1
"United States",2007,"USA",55892.2,"North America",1.04493415551878,FALSE,301231207,16836474867885.4
"United States",2008,"USA",55433.676,"North America",-0.820372073384117,FALSE,304093966,16857046384799
"United States",2009,"USA",53521.207,"North America",-3.4500129488075,FALSE,306771529,16418782505315.5
"United States",2010,"USA",54516.855,"North America",1.86028689524883,FALSE,309378227,16866327941516.1
"United States",2011,"USA",54960.906,"North America",0.814520573499699,FALSE,311839461,17138979303111.7
"United States",2012,"USA",55803.51,"North America",1.5330969980735,FALSE,314339099,17541225054437.5
"United States",2013,"USA",56438.945,"North America",1.13870077348181,FALSE,316726282,17875697209852.5
"United States",2014,"USA",57308.32,"North America",1.54038138026854,FALSE,319257560,18296114410899.2
"United States",2015,"USA",58427.55,"North America",1.95299740072646,FALSE,321815121,18802869072983.6
"United States",2016,"USA",58972.902,"North America",0.933381598235762,FALSE,324353340,19128057733192.7
"United States",2017,"USA",59914.777,"North America",1.59713184879387,FALSE,326608609,19568681974515.2
"United States",2018,"USA",61355.65,"North America",2.40487083845776,FALSE,328529577,20157145741060
"United States",2019,"USA",62478.254,"North America",1.8296668684954,FALSE,330226227,20631958087967.7
"United States",2020,"USA",60167.855,"North America",-3.69792504124715,FALSE,331577720,19950320178190.6
"United States",2021,"USA",63669.71,"North America",5.8201426658803,FALSE,332099760,21144695410269.6
"Uruguay",1990,"URY",11039.808,"South America",NA,FALSE,3104403,34272013074.624
"Uruguay",1991,"URY",11363.544,"South America",2.9324423033444,FALSE,3122354,35481007062.576
"Uruguay",1992,"URY",12193.459,"South America",7.30331136131475,FALSE,3139702,38283827609.218
"Uruguay",1993,"URY",12446.408,"South America",2.07446467815243,FALSE,3156345,39285157658.76
"Uruguay",1994,"URY",13276.5,"South America",6.66932981788803,FALSE,3172834,42124130601
"Uruguay",1995,"URY",13009.452,"South America",-2.01143373630099,FALSE,3189440,41492866586.88
"Uruguay",1996,"URY",13657.074,"South America",4.97808823922792,FALSE,3206324,43789004135.976
"Uruguay",1997,"URY",14740.217,"South America",7.93100337597936,FALSE,3223345,47512804765.865
"Uruguay",1998,"URY",15323.138,"South America",3.95462970456948,FALSE,3239280,49635934460.64
"Uruguay",1999,"URY",14951.386,"South America",-2.42608269924868,FALSE,3254015,48652034314.79
"Uruguay",2000,"URY",14603.773,"South America",-2.32495502423656,FALSE,3266206,47698930995.238
"Uruguay",2001,"URY",14005.312,"South America",-4.09798892382126,FALSE,3274251,45856906821.312
"Uruguay",2002,"URY",12900.916,"South America",-7.88555085384746,FALSE,3278867,42300387742.172
"Uruguay",2003,"URY",12990.029,"South America",0.690749401050291,FALSE,3281186,42622701294.394
"Uruguay",2004,"URY",13625.257,"South America",4.890119952773,FALSE,3283148,44733735269.036
"Uruguay",2005,"URY",14624.667,"South America",7.33498091081878,FALSE,3285771,48053306713.257
"Uruguay",2006,"URY",15202.913,"South America",3.95390883088142,FALSE,3289506,50010073530.978
"Uruguay",2007,"URY",16166.421,"South America",6.33765384304968,FALSE,3295153,53270830657.413
"Uruguay",2008,"URY",17287.725,"South America",6.93600642962347,FALSE,3302177,57087127877.325
"Uruguay",2009,"URY",17978.055,"South America",3.9931801321458,FALSE,3310091,59508998053.005
"Uruguay",2010,"URY",19331.85,"South America",7.53026398016915,FALSE,3318580,64154290773
"Uruguay",2011,"URY",20275.441,"South America",4.8810175953155,FALSE,3326825,67452844004.825
"Uruguay",2012,"URY",20933.69,"South America",3.24653357724747,FALSE,3335401,69822250559.69
"Uruguay",2013,"URY",21839.408,"South America",4.32660462632245,FALSE,3345337,73060179640.496
"Uruguay",2014,"URY",22477.06,"South America",2.91973115754787,FALSE,3356334,75440520698.04
"Uruguay",2015,"URY",22486.428,"South America",0.0416780486415865,FALSE,3368017,75734671773.276
"Uruguay",2016,"URY",22793.07,"South America",1.3636759026378,FALSE,3379283,77024233968.81
"Uruguay",2017,"URY",23106.998,"South America",1.377295818422,FALSE,3388438,78296630089.124
"Uruguay",2018,"URY",23184.625,"South America",0.335945846362216,FALSE,3394534,78700997839.75
"Uruguay",2019,"URY",23256.598,"South America",0.310434177822595,FALSE,3397206,79007454265.188
"Uruguay",2020,"URY",21828.64,"South America",-6.1400123956221,FALSE,3398968,74194848843.52
"Uruguay",2021,"URY",22800.69,"South America",4.45309464996445,FALSE,3396695,77446989719.55
"Uzbekistan",1990,"UZB",3638.877,"Asia",NA,FALSE,20464956,74469457694.412
"Uzbekistan",1991,"UZB",3544.5862,"Asia",-2.59120602317692,FALSE,20962910,74304841497.842
"Uzbekistan",1992,"UZB",3074.659,"Asia",-13.2576039482408,FALSE,21485090,66059325334.31
"Uzbekistan",1993,"UZB",2936.4482,"Asia",-4.49515865011373,FALSE,21987955,64566490881.431
"Uzbekistan",1994,"UZB",2729.6377,"Asia",-7.04287921714402,FALSE,22463291,61316645979.6707
"Uzbekistan",1995,"UZB",2656.6326,"Asia",-2.67453442630867,FALSE,22917589,60883614050.8014
"Uzbekistan",1996,"UZB",2650.6096,"Asia",-0.226715579715469,FALSE,23351981,61896985017.6176
"Uzbekistan",1997,"UZB",2736.365,"Asia",3.23530858712652,FALSE,23758960,65013186580.4
"Uzbekistan",1998,"UZB",2808.461,"Asia",2.63473622853676,FALSE,24134929,67782006834.269
"Uzbekistan",1999,"UZB",2897.82,"Asia",3.18177820521632,FALSE,24476008,70927065502.56
"Uzbekistan",2000,"UZB",2967.6018,"Asia",2.40807917676045,FALSE,24787054,73558106067.0972
"Uzbekistan",2001,"UZB",3052.2815,"Asia",2.85347245712009,FALSE,25090283,76582606630.6645
"Uzbekistan",2002,"UZB",3134.9612,"Asia",2.7087835771373,FALSE,25399980,79627951780.776
"Uzbekistan",2003,"UZB",3229.848,"Asia",3.02672964501123,FALSE,25711259,83043458458.632
"Uzbekistan",2004,"UZB",3430.6287,"Asia",6.2164132801296,FALSE,26029350,89297035152.345
"Uzbekistan",2005,"UZB",3626.6208,"Asia",5.7130082308237,FALSE,26356975,95586753760.08
"Uzbekistan",2006,"UZB",3849.5945,"Asia",6.14824963227476,FALSE,26699043,102780489088.064
"Uzbekistan",2007,"UZB",4154.7026,"Asia",7.92572048822284,FALSE,27076008,112492760835.221
"Uzbekistan",2008,"UZB",4457.699,"Asia",7.29285412630979,FALSE,27494774,122563426565.026
"Uzbekistan",2009,"UZB",4735.995,"Asia",6.24304153331125,FALSE,27939328,132320517711.36
"Uzbekistan",2010,"UZB",4953.9614,"Asia",4.60233593996616,FALSE,28385506,140620701043.468
"Uzbekistan",2011,"UZB",5185.6846,"Asia",4.67753341800361,FALSE,28823196,149468003619.982
"Uzbekistan",2012,"UZB",5472.8335,"Asia",5.53733831016256,FALSE,29261903,160145523012.15
"Uzbekistan",2013,"UZB",5781.1567,"Asia",5.6337032727197,FALSE,29724065,171839477525.985
"Uzbekistan",2014,"UZB",6075.1924,"Asia",5.0861050004059,FALSE,30222994,183610503454.046
"Uzbekistan",2015,"UZB",6401.115,"Asia",5.36481116219463,FALSE,30749346,196830099920.79
"Uzbekistan",2016,"UZB",6663.9497,"Asia",4.10607683192694,FALSE,31284568,208478787538.23
"Uzbekistan",2017,"UZB",6840.71,"Asia",2.65248550720603,FALSE,31819178,217665769136.38
"Uzbekistan",2018,"UZB",7082.9253,"Asia",3.54079181839312,FALSE,32373490,229299011370.297
"Uzbekistan",2019,"UZB",7348.147,"Asia",3.74452205503283,FALSE,32964701,242229468759.047
"Uzbekistan",2020,"UZB",7344.22,"Asia",-0.0534420446406377,FALSE,33586372,246665704969.84
"Uzbekistan",2021,"UZB",7734.8325,"Asia",5.3186383305511,FALSE,34243696,264869252740.92
"Vanuatu",1990,"VUT",2774.0903,"Oceania",NA,TRUE,148063,410740132.0889
"Vanuatu",1991,"VUT",2791.1858,"Oceania",0.61625607500954,TRUE,151793,423682466.1394
"Vanuatu",1992,"VUT",2792.9473,"Oceania",0.063109378100147,TRUE,155608,434604943.4584
"Vanuatu",1993,"VUT",2744.7551,"Oceania",-1.72549621684591,TRUE,159463,437686882.5113
"Vanuatu",1994,"VUT",2921.9011,"Oceania",6.45398199642657,TRUE,163314,477187356.2454
"Vanuatu",1995,"VUT",2881.144,"Oceania",-1.39488294110982,TRUE,167137,481545764.728
"Vanuatu",1996,"VUT",2878.979,"Oceania",-0.0751437623388475,TRUE,170911,492049179.869
"Vanuatu",1997,"VUT",2950.054,"Oceania",2.46875715314354,TRUE,174626,515156129.804
"Vanuatu",1998,"VUT",2916.0247,"Oceania",-1.15351447804007,TRUE,178313,519965112.3311
"Vanuatu",1999,"VUT",2858.0493,"Oceania",-1.98816560092923,TRUE,182048,520302158.9664
"Vanuatu",2000,"VUT",2954.2183,"Oceania",3.36484748531104,TRUE,186281,550314739.1423
"Vanuatu",2001,"VUT",2782.0054,"Oceania",-5.82938979153978,TRUE,191031,531449273.5674
"Vanuatu",2002,"VUT",2570.959,"Oceania",-7.5861247429642,TRUE,195863,503555742.617
"Vanuatu",2003,"VUT",2614.807,"Oceania",1.70551144534004,TRUE,200746,524912046.022
"Vanuatu",2004,"VUT",2652.9688,"Oceania",1.4594499708774,TRUE,205711,545744864.8168
"Vanuatu",2005,"VUT",2726.8372,"Oceania",2.78436746033349,TRUE,210760,574708208.272
"Vanuatu",2006,"VUT",2887.35,"Oceania",5.88640935366438,TRUE,215923,623445274.05
"Vanuatu",2007,"VUT",2899.8562,"Oceania",0.433137652172416,TRUE,221276,641668580.5112
"Vanuatu",2008,"VUT",2988.885,"Oceania",3.07011085584175,TRUE,226896,678166050.96
"Vanuatu",2009,"VUT",3005.954,"Oceania",0.571082527430796,TRUE,232731,699578680.374
"Vanuatu",2010,"VUT",2972.3171,"Oceania",-1.11900913986042,TRUE,238248,708148604.4408
"Vanuatu",2011,"VUT",2994.3853,"Oceania",0.74245779496406,TRUE,243474,729054966.5322
"Vanuatu",2012,"VUT",2953.8787,"Oceania",-1.35275176511185,TRUE,248883,735170192.4921
"Vanuatu",2013,"VUT",2897.5142,"Oceania",-1.90815215262564,TRUE,254482,737365208.6444
"Vanuatu",2014,"VUT",2917.6272,"Oceania",0.694146727563918,TRUE,260240,759283302.528
"Vanuatu",2015,"VUT",2859.3496,"Oceania",-1.99743133735523,TRUE,266101,760875787.9096
"Vanuatu",2016,"VUT",2921.7578,"Oceania",2.18260124610156,TRUE,272087,794972314.5286
"Vanuatu",2017,"VUT",3031.1907,"Oceania",3.74544734679925,TRUE,278507,844207828.2849
"Vanuatu",2018,"VUT",3045.0427,"Oceania",0.456982135765983,TRUE,285259,868625835.5593
"Vanuatu",2019,"VUT",3070.3508,"Oceania",0.831124634147173,TRUE,291985,896496378.338
"Vanuatu",2020,"VUT",2836.8135,"Oceania",-7.60620903643974,TRUE,298858,847804408.983
"Vanuatu",2021,"VUT",2783.0195,"Oceania",-1.89628257197734,TRUE,305868,851236608.426
"Zambia",1990,"ZMB",2290.0393,"Africa",NA,TRUE,7786169,17830633006.4417
"Zambia",1991,"ZMB",2232.8374,"Africa",-2.49785669617111,TRUE,7981650,17821726633.71
"Zambia",1992,"ZMB",2141.5046,"Africa",-4.09043667935693,TRUE,8176680,17510397832.728
"Zambia",1993,"ZMB",2232.7104,"Africa",4.25895886471594,TRUE,8373921,18696540505.4784
"Zambia",1994,"ZMB",1991.1859,"Africa",-10.8175471391184,TRUE,8576269,17076945907.4071
"Zambia",1995,"ZMB",1999.3568,"Africa",0.410353448163734,TRUE,8785763,17565874997.2384
"Zambia",1996,"ZMB",2071.7087,"Africa",3.61875879282778,TRUE,9004053,18653774935.3611
"Zambia",1997,"ZMB",2096.2947,"Africa",1.18674985532473,TRUE,9237063,19363606210.4661
"Zambia",1998,"ZMB",2034.8972,"Africa",-2.9288582373461,TRUE,9482408,19295725488.4576
"Zambia",1999,"ZMB",2074.4536,"Africa",1.94390163788125,TRUE,9740005,20205188436.268
"Zambia",2000,"ZMB",2096.4905,"Africa",1.06229900731451,TRUE,10017631,21001868224.0055
"Zambia",2001,"ZMB",2142.7876,"Africa",2.2083143233895,TRUE,10325185,22124678385.706
"Zambia",2002,"ZMB",2171.9312,"Africa",1.3600788057575,TRUE,10647949,23126612649.1088
"Zambia",2003,"ZMB",2252.1152,"Africa",3.69182964911597,TRUE,10983595,24736321250.144
"Zambia",2004,"ZMB",2335.0698,"Africa",3.68340837982,TRUE,11338198,26475483736.2204
"Zambia",2005,"ZMB",2422.435,"Africa",3.74143847862705,TRUE,11718819,28388077304.265
"Zambia",2006,"ZMB",2525.0977,"Africa",4.23799606594191,TRUE,12129553,30628306382.3281
"Zambia",2007,"ZMB",2641.0315,"Africa",4.59125997382201,TRUE,12565085,33184785285.1775
"Zambia",2008,"ZMB",2746.4905,"Africa",3.99309890851358,TRUE,13021324,35762942663.422
"Zambia",2009,"ZMB",2894.964,"Africa",5.40593532000202,TRUE,13490389,39054190500.996
"Zambia",2010,"ZMB",3083.3552,"Africa",6.507548971248,TRUE,13965594,43060886880.9888
"Zambia",2011,"ZMB",3146.8445,"Africa",2.05909782953324,TRUE,14437796,45433498934.722
"Zambia",2012,"ZMB",3275.9683,"Africa",4.10327869712024,TRUE,14913629,48856575841.9607
"Zambia",2013,"ZMB",3330.877,"Africa",1.6761059623196,TRUE,15398997,51292164930.369
"Zambia",2014,"ZMB",3375.9412,"Africa",1.35292296893582,TRUE,15895315,53661648795.478
"Zambia",2015,"ZMB",3365.3792,"Africa",-0.312860899354537,TRUE,16399089,55189153019.5488
"Zambia",2016,"ZMB",3384.268,"Africa",0.561268103160564,TRUE,16914423,57242940497.364
"Zambia",2017,"ZMB",3395.4797,"Africa",0.331288775002448,TRUE,17441320,59221648001.204
"Zambia",2018,"ZMB",3425.949,"Africa",0.897348907725769,TRUE,17973569,61576530741.981
"Zambia",2019,"ZMB",3372.359,"Africa",-1.56423811329358,TRUE,18513839,62435311576.201
"Zambia",2020,"ZMB",3183.651,"Africa",-5.59572690807829,TRUE,19059395,60678461951.145
"Zambia",2021,"ZMB",3236.789,"Africa",1.66908998505177,TRUE,19603607,63452739497.923
"Zimbabwe",1990,"ZWE",2704.7573,"Africa",NA,FALSE,10137281,27418884786.9013
"Zimbabwe",1991,"ZWE",2781.7878,"Africa",2.84796347531809,FALSE,10404816,28943990210.0448
"Zimbabwe",1992,"ZWE",2468.2783,"Africa",-11.2700724332747,FALSE,10702700,26417242161.41
"Zimbabwe",1993,"ZWE",2458.7832,"Africa",-0.384685146727583,FALSE,10860288,26703093681.5616
"Zimbabwe",1994,"ZWE",2670.1067,"Africa",8.59463737998535,FALSE,10873148,29032465324.8916
"Zimbabwe",1995,"ZWE",2641.3782,"Africa",-1.07593078583712,FALSE,10974599,28988066552.3418
"Zimbabwe",1996,"ZWE",2867.0261,"Africa",8.54280920467958,FALSE,11158360,31991309353.196
"Zimbabwe",1997,"ZWE",2896.1472,"Africa",1.01572497020518,FALSE,11369827,32928692630.5344
"Zimbabwe",1998,"ZWE",2931.725,"Africa",1.22845275267777,FALSE,11594297,33991290372.325
"Zimbabwe",1999,"ZWE",2866.033,"Africa",-2.24072858129599,FALSE,11783458,33771779482.114
"Zimbabwe",2000,"ZWE",2750.6013,"Africa",-4.02757749125708,FALSE,11892055,32710301942.6715
"Zimbabwe",2001,"ZWE",2772.3252,"Africa",0.789787309414869,FALSE,11971901,33190002834.2052
"Zimbabwe",2002,"ZWE",2510.229,"Africa",-9.45402076206645,FALSE,12087653,30342777102.537
"Zimbabwe",2003,"ZWE",2067.8804,"Africa",-17.6218424693524,FALSE,12232323,25294980978.1692
"Zimbabwe",2004,"ZWE",1934.1647,"Africa",-6.46631691078459,FALSE,12365896,23917679527.0712
"Zimbabwe",2005,"ZWE",1814.1744,"Africa",-6.20372711796467,FALSE,12483432,22647122758.5408
"Zimbabwe",2006,"ZWE",1736.3583,"Africa",-4.28933954750988,FALSE,12636445,21941396158.2435
"Zimbabwe",2007,"ZWE",1656.7892,"Africa",-4.58252769604062,FALSE,12804058,21213625010.5736
"Zimbabwe",2008,"ZWE",1353.2074,"Africa",-18.3235018673468,FALSE,12959149,17536416324.5026
"Zimbabwe",2009,"ZWE",1500.3798,"Africa",10.8758199223563,FALSE,13142790,19719176631.642
"Zimbabwe",2010,"ZWE",1799.5403,"Africa",19.9389847823864,FALSE,13356548,24035646394.8844
"Zimbabwe",2011,"ZWE",2033.1814,"Africa",12.9833769213171,FALSE,13595424,27641963201.9136
"Zimbabwe",2012,"ZWE",2310.8071,"Africa",13.6547432511433,FALSE,13817887,31930471386.5977
"Zimbabwe",2013,"ZWE",2333.6445,"Africa",0.988286733237053,FALSE,14013808,32703245963.256
"Zimbabwe",2014,"ZWE",2316.9546,"Africa",-0.715186053402729,FALSE,14207359,32917805788.9014
"Zimbabwe",2015,"ZWE",2313.8787,"Africa",-0.132756161903208,FALSE,14399013,33317569481.7231
"Zimbabwe",2016,"ZWE",2286.6235,"Africa",-1.177900985043,FALSE,14600294,33385375367.309
"Zimbabwe",2017,"ZWE",2331.7808,"Africa",1.974846318163,FALSE,14812482,34539461127.9456
"Zimbabwe",2018,"ZWE",2399.6216,"Africa",2.90939868790411,FALSE,15034452,36076995763.3632
"Zimbabwe",2019,"ZWE",2203.3967,"Africa",-8.17732679185752,FALSE,15271368,33648881855.6856
"Zimbabwe",2020,"ZWE",1990.3195,"Africa",-9.6703966199096,FALSE,15526888,30903467960.716
"Zimbabwe",2021,"ZWE",2115.1445,"Africa",6.271606141627,FALSE,15797210,33413381846.845
