"Entity","Year","Code","Percentage_NEET","Continent","Perc_Change_NEET","Population","Edu_Attainment","Youth_Unemployment"
"Afghanistan",2014,"AFG",35.06,"Asia",NA,32792523,9.698486925384,10.094
"Afghanistan",2017,"AFG",42.84,"Asia",22.1905305191101,35688935,11.7771822147423,17.31
"Afghanistan",2020,"AFG",53.76,"Asia",25.4901960784314,39068979,11.8347043333891,16.053
"Afghanistan",2021,"AFG",62.81,"Asia",16.8340773809524,40000412,9.46000003814697,16.395
"Albania",2002,"ALB",41.8,"Europe",NA,3051010,NA,28.769
"Albania",2005,"ALB",35.19,"Europe",-15.8133971291866,3011487,NA,26.242
"Albania",2007,"ALB",33.77,"Europe",-4.03523728331911,2970017,39.913692520629,26.645
"Albania",2008,"ALB",28.17,"Europe",-16.5827657684335,2947314,39.8899993896484,26.605
"Albania",2009,"ALB",30.73,"Europe",9.0876819311324,2927519,40.7168211248766,27.357
"Albania",2010,"ALB",29.72,"Europe",-3.2866905304263,2913021,42.0615055762317,30.867
"Albania",2011,"ALB",30.01,"Europe",0.975773889636617,2905195,43.4900016784668,22.697
"Albania",2012,"ALB",27.65,"Europe",-7.86404531822727,2900401,45.2799987792969,28.871
"Albania",2013,"ALB",30.98,"Europe",12.0433996383364,2895092,43.7557131852483,31.207
"Albania",2014,"ALB",31.39,"Europe",1.3234344738541,2889104,45.9827253915524,39.554
"Albania",2015,"ALB",29.82,"Europe",-5.00159286396942,2880703,48.1863617042111,39.628
"Albania",2016,"ALB",27.39,"Europe",-8.14889336016097,2876101,46.9844844692678,35.918
"Albania",2017,"ALB",26.23,"Europe",-4.23512230741146,2873457,46.3533401489258,31.184
"Albania",2018,"ALB",26.61,"Europe",1.44872283644681,2866376,49.8858232395536,28.109
"Albania",2019,"ALB",25.82,"Europe",-2.96880871852687,2854191,50.7128654950488,26.942
"Algeria",2009,"DZA",25.45,"Africa",NA,35490445,NA,21.78
"Algeria",2010,"DZA",24.53,"Africa",-3.61493123772101,36188236,NA,22.161
"Algeria",2011,"DZA",26,"Africa",5.9926620464737,36903376,13.9799995422363,22.803
"Algeria",2012,"DZA",22.7,"Africa",-12.6923076923077,37646166,NA,27.872
"Algeria",2013,"DZA",21.5,"Africa",-5.2863436123348,38414171,NA,25.459
"Algeria",2014,"DZA",22.8,"Africa",6.04651162790698,39205031,NA,25.664
"Algeria",2015,"DZA",21.2,"Africa",-7.01754385964913,40019529,NA,30.376
"Algeria",2017,"DZA",20.95,"Africa",-1.17924528301887,41689299,NA,30.292
"Angola",2004,"AGO",30.96,"Africa",NA,18600423,6.49495669978991,38.222
"Angola",2009,"AGO",25.81,"Africa",-16.6343669250646,22414773,7.71984559467849,38.315
"Angola",2011,"AGO",10.01,"Africa",-61.216582719876,24218352,12.3044799492131,39.007
"Angola",2014,"AGO",30.62,"Africa",205.894105894106,27160769,15.8599996566772,35.803
"Angola",2019,"AGO",23.06,"Africa",-24.689745264533,32375632,20.84111123834,31.832
"Angola",2021,"AGO",21.69,"Africa",-5.94102341717258,34532429,22.0520977155672,30.171
"Argentina",2004,"ARG",20.98,"South America",NA,38815916,NA,29.544
"Argentina",2005,"ARG",19.87,"South America",-5.29075309818875,39216789,NA,26.207
"Argentina",2006,"ARG",19.51,"South America",-1.81177654755913,39622115,NA,23.777
"Argentina",2008,"ARG",19.42,"South America",-0.461301896463351,40424148,NA,18.927
"Argentina",2009,"ARG",20.04,"South America",3.19258496395467,40854831,NA,21.184
"Argentina",2010,"ARG",19.46,"South America",-2.8942115768463,41288694,NA,19.381
"Argentina",2011,"ARG",18.4,"South America",-5.44707091469683,41730660,NA,18.71
"Argentina",2012,"ARG",18.41,"South America",0.054347826086965,42161721,NA,18.34
"Argentina",2013,"ARG",19.07,"South America",3.58500814774579,42582455,NA,19.555
"Argentina",2014,"ARG",19.67,"South America",3.14630309386472,43024071,NA,19.137
"Argentina",2017,"ARG",19.25,"South America",-2.13523131672599,44288894,NA,22.843
"Argentina",2018,"ARG",19.02,"South America",-1.1948051948052,44654882,NA,23.845
"Argentina",2019,"ARG",19.23,"South America",1.10410094637224,44973465,NA,25.842
"Argentina",2020,"ARG",22.33,"South America",16.120644825793,45191965,NA,30.428
"Argentina",2021,"ARG",16.12,"South America",-27.8101209135692,45312281,NA,23.373
"Armenia",2009,"ARM",40.52,"Asia",NA,3066000,89.9814155908752,39.726
"Armenia",2011,"ARM",44.6,"Asia",10.0691016781836,3027900,90.2399978637695,38.184
"Armenia",2012,"ARM",36.77,"Asia",-17.5560538116592,3024100,92.0871294900711,34.345
"Armenia",2013,"ARM",44.37,"Asia",20.6690236605929,3022000,92.991693911866,35.096
"Armenia",2014,"ARM",38.03,"Asia",-14.2889339643903,3013800,95.1422776758471,36.411
"Armenia",2015,"ARM",35.56,"Asia",-6.49487246910334,3004600,94.6314347635673,31.871
"Armenia",2016,"ARM",36.58,"Asia",2.8683914510686,2992300,93.9730352238513,35.656
"Armenia",2017,"ARM",36.59,"Asia",0.0273373428102928,2979400,90.0999984741211,37.721
"Armenia",2018,"ARM",29.52,"Asia",-19.3222191855698,2969000,94.4654445463654,33.631
"Armenia",2019,"ARM",26.04,"Asia",-11.7886178861789,2962500,94.7464467221341,32.526
"Armenia",2020,"ARM",26.08,"Asia",0.153609831029183,2961500,89.879997253418,32.205
"Armenia",2021,"ARM",23.49,"Asia",-9.93098159509202,2962300,94.7174619293061,30.532
"Aruba",2010,"ABW",16.56,"North America",NA,101838,32.0800018310547,NA
"Australia",2009,"AUS",11.4,"Oceania",NA,21691653,70.8600006103516,11.461
"Australia",2010,"AUS",11.32,"Oceania",-0.701754385964913,22031750,72.8000030517578,11.548
"Australia",2011,"AUS",10.59,"Oceania",-6.4487632508834,22340024,74.0599975585938,11.37
"Australia",2012,"AUS",9.91,"Oceania",-6.42115203021718,22733465,76.4800033569336,11.728
"Australia",2013,"AUS",11.02,"Oceania",11.2008072653885,23128129,72.0400009155273,12.22
"Australia",2014,"AUS",10.09,"Oceania",-8.43920145190562,23475686,73.5999984741211,13.311
"Australia",2015,"AUS",9.8,"Oceania",-2.87413280475718,23815995,75.5500030517578,13.11
"Australia",2016,"AUS",8.69,"Oceania",-11.3265306122449,24190907,76.4199981689453,12.642
"Australia",2017,"AUS",8.94,"Oceania",2.87686996547756,24592588,77.2600021362305,12.592
"Austria",2004,"AUT",9.64,"Europe",NA,8171966,73.3623634251644,10.991
"Austria",2005,"AUT",11.84,"Europe",22.8215767634855,8227829,74.1999969482422,11.178
"Austria",2006,"AUT",11.22,"Europe",-5.23648648648648,8268641,75.2988408584927,10.046
"Austria",2007,"AUT",10.71,"Europe",-4.54545454545454,8295487,73.5899963378906,9.596
"Austria",2008,"AUT",10.37,"Europe",-3.17460317460319,8321496,72.4700012207031,8.72
"Austria",2009,"AUT",11.73,"Europe",13.1147540983607,8343323,75.8099975585938,10.896
"Austria",2010,"AUT",10.79,"Europe",-8.01364023870419,8363404,76.5599975585938,9.673
"Austria",2011,"AUT",10.56,"Europe",-2.1316033364226,8391643,76.4300003051758,9.173
"Austria",2012,"AUT",10.16,"Europe",-3.78787878787879,8429991,76.9800033569336,9.561
"Austria",2013,"AUT",10.34,"Europe",1.77165354330708,8479823,77.3099975585938,9.767
"Austria",2014,"AUT",10.76,"Europe",4.06189555125725,8546356,78.4300003051758,10.508
"Austria",2015,"AUT",11.04,"Europe",2.60223048327137,8642699,79.0100021362305,10.91
"Austria",2016,"AUT",10.91,"Europe",-1.17753623188405,8736668,79.370002746582,11.424
"Austria",2017,"AUT",10.45,"Europe",-4.21631530705775,8797566,79.6600036621094,9.971
"Austria",2018,"AUT",10.42,"Europe",-0.287081339712913,8840521,80.0708180825642,9.572
"Austria",2019,"AUT",11.01,"Europe",5.66218809980806,8879920,80.6699981689453,8.767
"Austria",2020,"AUT",11.42,"Europe",3.72388737511353,8916864,80.9440184335445,10.325
"Austria",2021,"AUT",12.26,"Europe",7.35551663747811,8955797,81.454239120584,12.023
"Azerbaijan",2009,"AZE",9.4,"Asia",NA,8947243,88.6100006103516,13.685
"Azerbaijan",2010,"AZE",9.64,"Asia",2.5531914893617,9054332,88.6500015258789,14.64
"Bangladesh",2005,"BGD",30.99,"Asia",NA,144715786,NA,8.79
"Bangladesh",2006,"BGD",32.26,"Asia",4.09809616005163,146405973,19.8530266819359,7.255
"Bangladesh",2010,"BGD",30.06,"Asia",-6.81959082455053,152201981,19.1188106028469,6.289
"Bangladesh",2013,"BGD",32.04,"Asia",6.58682634730539,156532141,22.1900005340576,9.674
"Bangladesh",2016,"BGD",28.88,"Asia",-9.86267166042447,160811932,28.9699993133545,10.956
"Bangladesh",2017,"BGD",27.39,"Asia",-5.15927977839335,162186147,29.7900009155273,12.101
"Barbados",2016,"BRB",28.99,"North America",NA,279598,NA,26.183
"Belarus",2009,"BLR",12.08,"Europe",NA,9504583,84.8499984741211,10.972
"Belarus",2016,"BLR",0.48,"Europe",-96.0264900662252,9469379,96.8443697907492,10.729
"Belarus",2017,"BLR",0.38,"Europe",-20.8333333333333,9458989,97.1415486552086,9.347
"Belarus",2018,"BLR",0.54,"Europe",42.1052631578947,9438785,97.4142697820584,10.651
"Belarus",2019,"BLR",9.25,"Europe",1612.96296296296,9419758,94.7399978637695,10.207
"Belarus",2020,"BLR",9.18,"Europe",-0.75675675675676,9379952,97.6255870924055,12.045
"Belarus",2021,"BLR",7.73,"Europe",-15.7952069716776,9302585,97.5256860683346,10.492
"Belgium",2004,"BEL",8.55,"Europe",NA,10421137,54.6454246114712,17.505
"Belgium",2005,"BEL",13.02,"Europe",52.280701754386,10478617,56.7683075754643,21.482
"Belgium",2006,"BEL",11.24,"Europe",-13.6712749615975,10547958,57.7299995422363,20.511
"Belgium",2007,"BEL",11.16,"Europe",-0.711743772241994,10625700,58.8487291480579,18.841
"Belgium",2008,"BEL",10.14,"Europe",-9.13978494623655,10709973,60.4199981689453,17.97
"Belgium",2009,"BEL",11.08,"Europe",9.27021696252465,10796493,61.689998626709,21.94
"Belgium",2010,"BEL",10.86,"Europe",-1.98555956678701,10895586,61.7299995422363,22.391
"Belgium",2011,"BEL",11.81,"Europe",8.74769797421732,11038264,62.7599983215332,18.724
"Belgium",2012,"BEL",12.35,"Europe",4.57239627434377,11106932,63.2099990844727,19.738
"Belgium",2013,"BEL",12.68,"Europe",2.67206477732794,11159407,64.2799987792969,23.689
"Belgium",2014,"BEL",12.05,"Europe",-4.96845425867507,11209057,64.0199966430664,23.225
"Belgium",2015,"BEL",12.18,"Europe",1.07883817427385,11274196,66.2099990844727,22.125
"Belgium",2016,"BEL",9.89,"Europe",-18.8013136288998,11331422,67.0800018310547,20.108
"Belgium",2017,"BEL",9.32,"Europe",-5.7633973710819,11375158,69.1500015258789,19.236
"Belgium",2018,"BEL",9.15,"Europe",-1.82403433476395,11427054,70.0668254662657,15.748
"Belgium",2019,"BEL",9.25,"Europe",1.09289617486338,11488980,71.4499969482422,14.236
"Belgium",2020,"BEL",9.21,"Europe",-0.432432432432423,11538604,72.139644732898,15.326
"Belgium",2021,"BEL",7.42,"Europe",-19.4353963083605,11586195,73.6399120754637,18.206
"Belize",2012,"BLZ",11.95,"North America",NA,334414,NA,16.916
"Belize",2013,"BLZ",27.93,"North America",133.723849372385,341627,37.9717471104897,16.904
"Belize",2014,"BLZ",27.79,"North America",-0.501253132832082,348923,38.4909257348598,18.271
"Belize",2015,"BLZ",27.68,"North America",-0.39582583663188,356333,32.5941200256348,16.48
"Belize",2016,"BLZ",27.38,"North America",-1.08381502890174,364705,39.9577467978532,16.547
"Belize",2017,"BLZ",27.38,"North America",0,373202,39.1543990807057,15.686
"Belize",2019,"BLZ",24.88,"North America",-9.13075237399562,385829,NA,19.934
"Belize",2021,"BLZ",30.25,"North America",21.5836012861736,395346,NA,22.044
"Benin",2011,"BEN",17.23,"Africa",NA,10093623,NA,5.448
"Benin",2018,"BEN",35.1,"Africa",103.714451538015,12383347,NA,2.702
"Bermuda",2010,"BMU",6.79,"North America",NA,63725,77.0199966430664,NA
"Bhutan",2018,"BTN",15.19,"Asia",NA,759759,NA,15.199
"Bhutan",2019,"BTN",10.41,"Asia",-31.4680710994075,764824,NA,11.56
"Bhutan",2020,"BTN",11.97,"Asia",14.985590778098,770006,NA,21.989
"Bhutan",2021,"BTN",9.56,"Asia",-20.1336675020886,775442,NA,20.609
"Bolivia",1999,"BOL",13.35,"South America",NA,8459806,NA,3.987
"Bolivia",2000,"BOL",14.37,"South America",7.64044943820224,8606326,29.7,4.274
"Bolivia",2001,"BOL",22.93,"South America",59.5685455810717,8752736,38.0099983215332,4.604
"Bolivia",2002,"BOL",21.38,"South America",-6.75970344526821,8900355,25.7,4.754
"Bolivia",2004,"BOL",13.08,"South America",-38.821328344247,9204287,26,5.088
"Bolivia",2005,"BOL",12.08,"South America",-7.64525993883792,9360754,31,5.226
"Bolivia",2006,"BOL",10.79,"South America",-10.6788079470199,9521689,33.5,5.352
"Bolivia",2007,"BOL",11.02,"South America",2.13160333642262,9685960,36.6,5.549
"Bolivia",2008,"BOL",9.69,"South America",-12.0689655172414,9850858,36.0900001525879,5.686
"Bolivia",2009,"BOL",9.18,"South America",-5.26315789473684,10016275,38.439998626709,5.283
"Bolivia",2011,"BOL",10.85,"South America",18.1917211328976,10348929,40.5,5.327
"Bolivia",2012,"BOL",10.41,"South America",-4.0552995391705,10515807,43.1399993896484,3.361
"Bolivia",2013,"BOL",10.45,"South America",0.38424591738712,10682608,46.4,5.392
"Bolivia",2014,"BOL",11.16,"South America",6.79425837320575,10848888,40.9,4.774
"Bolivia",2015,"BOL",14.56,"South America",30.4659498207885,11014705,51.2599983215332,6.852
"Bolivia",2016,"BOL",10.79,"South America",-25.8928571428571,11180020,43.1,6.772
"Bolivia",2017,"BOL",11.58,"South America",7.32159406858203,11344587,44.7,6.654
"Bolivia",2018,"BOL",10.83,"South America",-6.47668393782383,11508368,45.2,6.78
"Bolivia",2019,"BOL",10.24,"South America",-5.44783010156971,11671386,60.1500015258789,6.927
"Bolivia",2020,"BOL",13.7,"South America",33.7890625,11816299,59.2200012207031,15.231
"Bolivia",2021,"BOL",10.98,"South America",-19.8540145985401,11937360,49.7,8.199
"Bosnia and Herzegovina",2001,"BIH",32.45,"Europe",NA,4179438,NA,51.798
"Bosnia and Herzegovina",2006,"BIH",35.49,"Europe",9.36825885978428,4063272,NA,63.154
"Bosnia and Herzegovina",2007,"BIH",32.36,"Europe",-8.81938574246267,4013424,NA,59.365
"Bosnia and Herzegovina",2008,"BIH",27.37,"Europe",-15.4202719406675,3947544,51.8769177503296,48.325
"Bosnia and Herzegovina",2009,"BIH",26.63,"Europe",-2.70369017172087,3879794,53.4625551493833,49.659
"Bosnia and Herzegovina",2010,"BIH",28.73,"Europe",7.88584303417199,3811472,57.0089525072219,59
"Bosnia and Herzegovina",2011,"BIH",28.3,"Europe",-1.49669335189697,3741798,56.8820301119927,59.026
"Bosnia and Herzegovina",2012,"BIH",28.92,"Europe",2.19081272084806,3670113,57.8995639754601,64.327
"Bosnia and Herzegovina",2013,"BIH",26.63,"Europe",-7.91839557399724,3610859,59.1528756099602,60.35
"Bosnia and Herzegovina",2014,"BIH",27.1,"Europe",1.76492677431469,3564829,59.5699996948242,63.982
"Bosnia and Herzegovina",2015,"BIH",28.35,"Europe",4.61254612546125,3518541,60.8300018310547,64.762
"Bosnia and Herzegovina",2016,"BIH",27.09,"Europe",-4.44444444444445,3473003,62.3800010681152,55.954
"Bosnia and Herzegovina",2017,"BIH",25.51,"Europe",-5.83241048357327,3428682,61.7170969984451,47.651
"Bosnia and Herzegovina",2018,"BIH",22.61,"Europe",-11.3680909447276,3387000,63.5099983215332,40.362
"Bosnia and Herzegovina",2019,"BIH",22.6,"Europe",-0.0442282176028218,3345533,62.9002278405043,35.106
"Bosnia and Herzegovina",2020,"BIH",21.81,"Europe",-3.49557522123895,3299349,69.0899963378906,37.676
"Bosnia and Herzegovina",2021,"BIH",19.3,"Europe",-11.508482347547,3244907,71.1498119603508,35.705
"Botswana",1996,"BWA",43.35,"Africa",NA,1535914,NA,36.838
"Botswana",2006,"BWA",42.34,"Africa",-2.32987312572087,1874516,13.2221913507966,31.91
"Botswana",2009,"BWA",35.67,"Africa",-15.7534246575342,1990673,16.4856527382353,32.34
"Botswana",2019,"BWA",31.98,"Africa",-10.3448275862069,2332083,42.9777369383479,34.588
"Botswana",2020,"BWA",37.14,"Africa",16.1350844277674,2365894,43.7458619062799,40.389
"Botswana",2021,"BWA",35.17,"Africa",-5.30425417339795,2401441,44.2292943215654,43.355
"Botswana",2022,"BWA",37,"Africa",5.20329826556724,2439892,44.9155478130298,42.611
"Brazil",1995,"BRA",20.29,"South America",NA,161735073,19.9339977205057,13.261
"Brazil",1996,"BRA",20.81,"South America",2.56283883686545,164202549,20.5062962783534,14.628
"Brazil",1997,"BRA",20.49,"South America",-1.53772224891879,166661659,21.3494117010642,16.616
"Brazil",1998,"BRA",20.25,"South America",-1.17130307467056,169159655,22.0733874502781,19.251
"Brazil",1999,"BRA",19.71,"South America",-2.66666666666666,171641543,22.8272911207422,20.639
"Brazil",2001,"BRA",19.65,"South America",-0.304414003044152,176301203,25.3,20.019
"Brazil",2002,"BRA",19.24,"South America",-2.08651399491094,178503484,26.8,20.603
"Brazil",2003,"BRA",19.28,"South America",0.207900207900222,180622688,28.1,21.382
"Brazil",2004,"BRA",18.99,"South America",-1.50414937759337,182675143,29.4200000762939,20.034
"Brazil",2005,"BRA",19.07,"South America",0.421274354923654,184688101,30.4,21.399
"Brazil",2006,"BRA",19.24,"South America",0.891452543261658,186653106,32.4199981689453,19.883
"Brazil",2007,"BRA",19.18,"South America",-0.311850311850305,188552320,33.75,18.795
"Brazil",2008,"BRA",18.32,"South America",-4.48383733055266,190367302,35.4500007629395,17.556
"Brazil",2009,"BRA",18.79,"South America",2.56550218340611,192079951,37.1100006103516,19.774
"Brazil",2011,"BRA",19.4,"South America",3.24640766365088,195284734,39.3600006103516,16.928
"Brazil",2012,"BRA",20.54,"South America",5.87628865979382,196876111,40.6100006103516,15.854
"Brazil",2013,"BRA",20.9,"South America",1.75267770204479,198478299,41.8499984741211,15.7
"Brazil",2014,"BRA",20.69,"South America",-1.0047846889952,200085127,42.560001373291,15.496
"Brazil",2015,"BRA",22.1,"South America",6.81488641855969,201675532,43.7799987792969,19.493
"Brazil",2016,"BRA",23.8,"South America",7.69230769230769,203218114,45.1100006103516,26.596
"Brazil",2017,"BRA",24.87,"South America",4.49579831932773,204703445,46.1699981689453,28.594
"Brazil",2018,"BRA",24.6,"South America",-1.08564535585042,206107261,47.4300003051758,27.958
"Brazil",2019,"BRA",23.99,"South America",-2.47967479674798,207455459,50.2,27.098
"Brazil",2020,"BRA",25.99,"South America",8.33680700291788,208660842,52.9,30.267
"Brazil",2021,"BRA",23.38,"South America",-10.042323970758,209550294,53.5,28.311
"Brazil",2022,"BRA",20.97,"South America",-10.3079555175364,210306415,54,20.732
"Bulgaria",2003,"BGR",28.29,"Europe",NA,7775327,61.4832000193503,27.057
"Bulgaria",2004,"BGR",24.37,"Europe",-13.8564863909509,7716860,61.7715892025619,24.497
"Bulgaria",2005,"BGR",25.05,"Europe",2.79031596224867,7658972,63.0249069427748,22.391
"Bulgaria",2006,"BGR",22.24,"Europe",-11.2175648702595,7601022,64.4499969482422,19.578
"Bulgaria",2007,"BGR",19.14,"Europe",-13.9388489208633,7545338,67.0199966430664,15.183
"Bulgaria",2008,"BGR",17.4,"Europe",-9.0909090909091,7492561,67.6100006103516,12.804
"Bulgaria",2009,"BGR",19.45,"Europe",11.7816091954023,7444443,68.2600021362305,16.263
"Bulgaria",2010,"BGR",21.03,"Europe",8.12339331619538,7395599,69.6100006103516,21.95
"Bulgaria",2011,"BGR",21.81,"Europe",3.70898716119828,7348328,70.6500015258789,25.056
"Bulgaria",2012,"BGR",21.53,"Europe",-1.28381476386977,7305888,72.4800033569336,28.11
"Bulgaria",2013,"BGR",21.6,"Europe",0.325127728750582,7160005,73.9400024414062,28.374
"Bulgaria",2014,"BGR",20.24,"Europe",-6.29629629629631,7073572,73.8099975585938,23.774
"Bulgaria",2015,"BGR",19.28,"Europe",-4.74308300395256,6984225,74.9100036621094,21.653
"Bulgaria",2016,"BGR",18.2,"Europe",-5.60165975103735,6894139,75.5999984741211,17.224
"Bulgaria",2017,"BGR",15.31,"Europe",-15.8791208791209,6803468,76.4499969482422,12.927
"Bulgaria",2018,"BGR",15.04,"Europe",-1.76355323318094,6710798,77.3435588476829,12.676
"Bulgaria",2019,"BGR",13.72,"Europe",-8.77659574468084,6616726,76.6335894620298,8.898
"Bulgaria",2020,"BGR",14.44,"Europe",5.24781341107871,6550696,77.7799987792969,14.214
"Bulgaria",2021,"BGR",14.02,"Europe",-2.90858725761773,6507301,78.661019074088,15.823
"Burkina Faso",2018,"BFA",41,"Africa",NA,20438288,6.15000009536743,7.991
"Burundi",2006,"BDI",11.3,"Africa",NA,7865547,3.14735159121368,3.897
"Burundi",2014,"BDI",5.07,"Africa",-55.1327433628319,10799785,3.32999992370606,2.927
"Burundi",2017,"BDI",6.19,"Africa",22.0907297830375,11506762,5.59999990463257,2.218
"Burundi",2020,"BDI",11.17,"Africa",80.4523424878837,12617036,9.3111647004462,1.69
"Cambodia",1996,"KHM",7.04,"Asia",NA,10801270,NA,1.409
"Cambodia",1997,"KHM",11.24,"Asia",59.6590909090909,11570982,2.7210850579491,0.942
"Cambodia",1998,"KHM",21.08,"Asia",87.5444839857651,12058173,NA,1.037
"Cambodia",1999,"KHM",6.39,"Asia",-69.6869070208729,12265731,NA,1.14
"Cambodia",2000,"KHM",10.34,"Asia",61.8153364632238,12462336,5.91235625969463,1.22
"Cambodia",2001,"KHM",6.13,"Asia",-40.715667311412,12658484,6.59695176052096,1.294
"Cambodia",2003,"KHM",10.32,"Asia",68.352365415987,13050968,NA,1.48
"Cambodia",2007,"KHM",8.05,"Asia",-21.9961240310077,13841770,6.42000007629395,2.04
"Cambodia",2008,"KHM",8.63,"Asia",7.20496894409938,14053479,NA,1.308
"Cambodia",2009,"KHM",7.13,"Asia",-17.3812282734647,14276810,6.26000022888184,0.798
"Cambodia",2010,"KHM",5.31,"Asia",-25.5259467040673,14500726,NA,0.964
"Cambodia",2011,"KHM",5.1,"Asia",-3.954802259887,14722584,NA,0.598
"Cambodia",2012,"KHM",12.72,"Asia",149.411764705882,14945085,NA,0.682
"Cambodia",2013,"KHM",6.34,"Asia",-50.1572327044025,15170208,NA,0.757
"Cambodia",2014,"KHM",6.32,"Asia",-0.315457413249205,15396772,10.0699996948242,1.056
"Cambodia",2015,"KHM",6.59,"Asia",4.27215189873417,15623251,9.30000019073486,0.744
"Cambodia",2016,"KHM",6.41,"Asia",-2.73141122913505,15852803,NA,1.137
"Cambodia",2017,"KHM",6.46,"Asia",0.780031201248047,16073372,12.1864056881054,0.382
"Cambodia",2019,"KHM",11.38,"Asia",76.1609907120743,16481304,9.41808986663818,0.375
"Cameroon",2007,"CMR",11.12,"Africa",NA,18049896,10.8721331946775,4.576
"Cameroon",2010,"CMR",10.79,"Africa",-2.96762589928058,19668066,6.19000005722046,6.322
"Cameroon",2014,"CMR",17.01,"Africa",57.645968489342,22059893,21.1658493817117,6.198
"Canada",1976,"CAN",19.68,"North America",NA,23449808,NA,NA
"Canada",1977,"CAN",20.17,"North America",2.48983739837399,23725843,NA,NA
"Canada",1978,"CAN",19.76,"North America",-2.03272186415469,23963203,NA,NA
"Canada",1979,"CAN",18.55,"North America",-6.12348178137652,24201544,NA,NA
"Canada",1980,"CAN",18.45,"North America",-0.53908355795149,24515667,NA,NA
"Canada",1981,"CAN",18.04,"North America",-2.22222222222222,24819915,NA,NA
"Canada",1982,"CAN",21.96,"North America",21.729490022173,25116942,NA,NA
"Canada",1983,"CAN",21.75,"North America",-0.956284153005468,25366451,NA,NA
"Canada",1984,"CAN",20.07,"North America",-7.72413793103448,25607053,NA,NA
"Canada",1985,"CAN",18.35,"North America",-8.57000498256103,25842116,NA,NA
"Canada",1986,"CAN",17.26,"North America",-5.94005449591281,26100278,44.1300010681152,NA
"Canada",1987,"CAN",15.91,"North America",-7.8215527230591,26446601,NA,NA
"Canada",1988,"CAN",14.62,"North America",-8.10810810810811,26791747,NA,NA
"Canada",1989,"CAN",14.02,"North America",-4.10396716826265,27276781,NA,NA
"Canada",1990,"CAN",15.17,"North America",8.20256776034237,27691138,NA,NA
"Canada",1991,"CAN",16.9,"North America",11.4040870138431,28037420,49.3499984741211,15.832
"Canada",1992,"CAN",17.38,"North America",2.84023668639054,28371264,NA,17.212
"Canada",1993,"CAN",17.27,"North America",-0.63291139240506,28684764,NA,17.187
"Canada",1994,"CAN",16.7,"North America",-3.30052113491604,29000663,NA,15.894
"Canada",1995,"CAN",16.05,"North America",-3.89221556886227,29302311,NA,14.832
"Canada",1996,"CAN",16.25,"North America",1.24610591900311,29610218,NA,15.402
"Canada",1997,"CAN",15.89,"North America",-2.21538461538461,29905948,71.6934500854133,16.254
"Canada",1998,"CAN",15.29,"North America",-3.7759597230963,30155173,72.4626568579017,15.139
"Canada",1999,"CAN",14.23,"North America",-6.93263570961412,30401286,73.2967698439607,14.053
"Canada",2000,"CAN",13.9,"North America",-2.31904427266339,30685730,74.4628776088083,12.669
"Canada",2001,"CAN",13.33,"North America",-4.10071942446043,31020855,67.75,12.869
"Canada",2002,"CAN",13.22,"North America",-0.82520630157539,31359199,NA,13.618
"Canada",2003,"CAN",13.19,"North America",-0.226928895612717,31642461,77.6938969529575,13.624
"Canada",2004,"CAN",13.09,"North America",-0.758150113722514,31938807,78.1951320962919,13.443
"Canada",2005,"CAN",12.78,"North America",-2.36822001527884,32242732,79.2255899627965,12.393
"Canada",2006,"CAN",12.37,"North America",-3.20813771517997,32571193,79.4000015258789,11.617
"Canada",2007,"CAN",12.32,"North America",-0.404203718674203,32888886,80.5808185700987,11.022
"Canada",2008,"CAN",12.74,"North America",3.40909090909091,33247298,81.2651154956689,11.378
"Canada",2009,"CAN",14.36,"North America",12.7158555729984,33630069,81.8416260755718,15.059
"Canada",2010,"CAN",14.1,"North America",-1.81058495821727,34005902,82.6343912276864,14.575
"Canada",2011,"CAN",13.62,"North America",-3.40425531914894,34339221,82.75,13.915
"Canada",2012,"CAN",13.79,"North America",1.24816446402349,34713395,83.5809403647013,14.036
"Canada",2013,"CAN",13.48,"North America",-2.24800580130528,35080992,84.3148771836703,13.243
"Canada",2014,"CAN",13.9,"North America",3.11572700296736,35434066,84.7867676404273,13.203
"Canada",2015,"CAN",13.82,"North America",-0.575539568345324,35704498,85.311018515734,12.759
"Canada",2016,"CAN",13.5,"North America",-2.31548480463097,36110803,84.4700012207031,12.597
"Canada",2017,"CAN",12.58,"North America",-6.81481481481481,36545075,86.4637574349962,11.236
"Canada",2018,"CAN",12.84,"North America",2.06677265500795,37072620,87.1723476899967,10.709
"Canada",2019,"CAN",12.36,"North America",-3.73831775700935,37618495,87.4373043734491,10.744
"Canada",2020,"CAN",17.93,"North America",45.0647249190939,38028638,88.1384114499308,20.125
"Canada",2021,"CAN",12.94,"North America",-27.8304517568321,38239864,86.5199966430664,13.557
"Canada",2022,"CAN",11.83,"North America",-8.57805255023183,38935934,89.1743662135055,10.082
"Chad",2018,"TCD",37.05,"Africa",NA,16156531,7.48449118741297,1.512
"Chile",1990,"CHL",28.14,"South America",NA,13437176,NA,NA
"Chile",1992,"CHL",24.09,"South America",-14.3923240938166,13884577,NA,10.23
"Chile",1994,"CHL",24.57,"South America",1.99252801992528,14316256,NA,12.814
"Chile",1996,"CHL",20.83,"South America",-15.2218152218152,14734046,NA,17.891
"Chile",1998,"CHL",23.26,"South America",11.6658665386462,15127799,NA,17.857
"Chile",2000,"CHL",24.03,"South America",3.31040412725709,15503635,43.9,24.745
"Chile",2003,"CHL",20.54,"South America",-14.5235122763213,16024752,45.9,24.725
"Chile",2006,"CHL",19.89,"South America",-3.16455696202531,16509195,47.2,22.111
"Chile",2009,"CHL",23.2,"South America",16.6415284062343,17009731,52.3,26.739
"Chile",2010,"CHL",19.16,"South America",-17.4137931034483,17181464,52.8600006103516,18.634
"Chile",2011,"CHL",19.17,"South America",0.0521920668058537,17351816,50.810001373291,17.667
"Chile",2012,"CHL",17.86,"South America",-6.83359415753783,17519119,57.9416809165017,16.484
"Chile",2013,"CHL",18.31,"South America",2.51959686450168,17687006,53.8400001525879,16.127
"Chile",2014,"CHL",18.63,"South America",1.74767886400874,17864195,60.3100448821158,16.467
"Chile",2015,"CHL",19.15,"South America",2.79119699409554,18047625,56.9599990844727,15.282
"Chile",2016,"CHL",17.1,"South America",-10.7049608355091,18267221,62.4565158145167,15.473
"Chile",2017,"CHL",16.52,"South America",-3.39181286549709,18558868,59.2299995422363,17.732
"Chile",2018,"CHL",15.82,"South America",-4.23728813559322,18893191,65.7721194585188,18.138
"Chile",2019,"CHL",16.5,"South America",4.29835651074589,19197744,66.8381594272598,18.953
"Chile",2020,"CHL",20.52,"South America",24.3636363636364,19370624,65.3,24.377
"Chile",2021,"CHL",16.27,"South America",-20.7115009746589,19456334,66.9972330056142,20.477
"Chile",2022,"CHL",14.77,"South America",-9.21942224953903,19553036,66.6,18.287
"Colombia",2002,"COL",29.94,"South America",NA,40324680,32.3,26.895
"Colombia",2003,"COL",28.09,"South America",-6.17902471609887,40937429,33.2,25.154
"Colombia",2004,"COL",28.74,"South America",2.31399074403702,41543171,34.9500007629395,26.324
"Colombia",2005,"COL",27.72,"South America",-3.54906054279749,42128977,33.7099990844727,22.595
"Colombia",2007,"COL",26.69,"South America",-3.71572871572871,43235374,36.5200004577637,22.195
"Colombia",2008,"COL",25.54,"South America",-4.30872986137131,43758808,38.060001373291,22.804
"Colombia",2009,"COL",24.96,"South America",-2.27094753328112,44271541,37.6500015258789,23.542
"Colombia",2010,"COL",23.44,"South America",-6.08974358974359,44777319,39.1399993896484,22.572
"Colombia",2011,"COL",23.03,"South America",-1.74914675767918,45259614,40.2700004577637,21.169
"Colombia",2012,"COL",22.53,"South America",-2.17108119843682,45715810,41.4099998474121,20.086
"Colombia",2013,"COL",22.08,"South America",-1.99733688415447,46151584,43.2900009155273,18.729
"Colombia",2014,"COL",21.4,"South America",-3.07971014492754,46565429,44.5900001525879,18.245
"Colombia",2015,"COL",21.14,"South America",-1.21495327102803,46969940,45.4000015258789,17.316
"Colombia",2016,"COL",21.13,"South America",-0.047303689687803,47437512,47.2700004577637,18.274
"Colombia",2017,"COL",21.84,"South America",3.36015144344534,48131078,47.7,18.467
"Colombia",2018,"COL",22.84,"South America",4.57875457875458,49024465,49.7700004577637,19.45
"Colombia",2019,"COL",23.92,"South America",4.72854640980736,49907985,51.0999984741211,20.658
"Colombia",2021,"COL",27.26,"South America",13.9632107023411,51188173,53.7,24.757
"Colombia",2022,"COL",24.42,"South America",-10.4181951577403,51737944,56.1,20.982
"Comoros",2004,"COM",37.17,"Africa",NA,580704,NA,9.904
"Comoros",2014,"COM",27.58,"Africa",-25.8003766478343,711503,11.3405539651115,9.555
"Comoros",2021,"COM",22.72,"Africa",-17.6214648295867,818174,18.919402649162,9.757
"Costa Rica",2001,"CRI",21.96,"North America",NA,4008947,28.4861629809911,13.806
"Costa Rica",2002,"CRI",20.76,"North America",-5.46448087431694,4075705,29.1,14.457
"Costa Rica",2003,"CRI",21.62,"North America",4.14258188824662,4138784,30,15.051
"Costa Rica",2004,"CRI",20.17,"North America",-6.70675300647548,4200078,29.9,14.531
"Costa Rica",2005,"CRI",18.66,"North America",-7.48636588993555,4261240,30.9,15.519
"Costa Rica",2006,"CRI",18.47,"North America",-1.01822079314041,4321340,31.3,14.269
"Costa Rica",2007,"CRI",17.47,"North America",-5.41418516513265,4380248,33.4599990844727,11.067
"Costa Rica",2008,"CRI",17.32,"North America",-0.858614768174005,4440056,35.7299995422363,11.247
"Costa Rica",2009,"CRI",19.64,"North America",13.3949191685912,4499791,36.5499992370605,18.365
"Costa Rica",2010,"CRI",19.09,"North America",-2.80040733197556,4555962,35.5,17.378
"Costa Rica",2011,"CRI",21.14,"North America",10.7386066003143,4609833,36.5400009155273,22.037
"Costa Rica",2012,"CRI",17.57,"North America",-16.887417218543,4663934,37.3800010681152,22.372
"Costa Rica",2013,"CRI",17.97,"North America",2.27660785429709,4716147,36.4,21.559
"Costa Rica",2014,"CRI",18.31,"North America",1.89204229271007,4767119,40.2200012207031,24.23
"Costa Rica",2015,"CRI",18.65,"North America",1.85690879300928,4818038,37.9900016784668,22.363
"Costa Rica",2016,"CRI",20.45,"North America",9.6514745308311,4866998,38.2999992370605,21.65
"Costa Rica",2017,"CRI",19.96,"North America",-2.39608801955989,4913177,36.7,20.736
"Costa Rica",2018,"CRI",18.68,"North America",-6.41282565130261,4957818,39.6599998474121,25.071
"Costa Rica",2019,"CRI",17.58,"North America",-5.88865096359744,4999553,38.4,31.194
"Costa Rica",2020,"CRI",19.95,"North America",13.481228668942,5034320,40.939998626709,40.108
"Costa Rica",2021,"CRI",18.99,"North America",-4.81203007518797,5059988,40,39.2
"Costa Rica",2022,"CRI",17.18,"North America",-9.53133228014744,5081765,41,30.718
"Cote d'Ivoire",2012,"CIV",22.76,"Africa",NA,23467078,13.5190701911556,9.891
"Cote d'Ivoire",2013,"CIV",17.51,"Africa",-23.066783831283,23939775,9.99058935250628,6.27
"Cote d'Ivoire",2016,"CIV",25.76,"Africa",47.1159337521416,25989405,10.2420784852343,2.04
"Cote d'Ivoire",2017,"CIV",34.83,"Africa",35.2096273291925,26733372,NA,5.257
"Cote d'Ivoire",2019,"CIV",21.92,"Africa",-37.0657479184611,28193009,NA,4.043
"Croatia",2005,"HRV",16.72,"Europe",NA,4310145,60.8355118436337,32.541
"Croatia",2006,"HRV",14.18,"Europe",-15.1913875598086,4311159,62.2649365189661,29.1
"Croatia",2007,"HRV",12.87,"Europe",-9.23836389280677,4310217,65.222177794672,25.123
"Croatia",2008,"HRV",11.62,"Europe",-9.71250971250971,4309705,66.2865892220749,23.678
"Croatia",2009,"HRV",13.43,"Europe",15.5765920826162,4305181,67.4012668138715,25.213
"Croatia",2010,"HRV",15.67,"Europe",16.6790766939687,4295427,67.9429093406412,32.355
"Croatia",2011,"HRV",16.22,"Europe",3.50989151244415,4280622,70.7099990844727,36.666
"Croatia",2012,"HRV",16.59,"Europe",2.28113440197288,4260368,71.4543554801919,42.118
"Croatia",2013,"HRV",19.63,"Europe",18.3242917420133,4233922,72.7378831925185,50.087
"Croatia",2014,"HRV",19.33,"Europe",-1.52827305145186,4201598,73.2367342524235,45.601
"Croatia",2015,"HRV",18.12,"Europe",-6.25969994826693,4151725,73.9317184374003,42.455
"Croatia",2016,"HRV",16.9,"Europe",-6.73289183222959,4106867,73.7981942734265,31.408
"Croatia",2017,"HRV",15.35,"Europe",-9.17159763313609,4041407,74.7702240518096,27.517
"Croatia",2018,"HRV",13.57,"Europe",-11.5960912052117,3988775,75.9294495069669,23.897
"Croatia",2019,"HRV",11.78,"Europe",-13.1908621960206,3949390,76.7432110062647,16.729
"Croatia",2020,"HRV",12.24,"Europe",3.90492359932089,3914206,77.8751961615857,21.222
"Croatia",2021,"HRV",12.69,"Europe",3.67647058823529,3878981,79.2693838869089,21.996
"Curacao",2018,"CUW",5.06,"North America",NA,159336,NA,NA
"Curacao",2020,"CUW",17.46,"North America",245.059288537549,154947,51.0099983215332,NA
"Cyprus",1999,"CYP",11.59,"Europe",NA,931234,51.3767131017428,9.778
"Cyprus",2000,"CYP",10.05,"Europe",-13.2873166522864,947667,53.0678195677309,8.904
"Cyprus",2001,"CYP",7.77,"Europe",-22.6865671641791,964127,54.6698590406431,7.976
"Cyprus",2002,"CYP",8.38,"Europe",7.85070785070787,981440,56.6720118528246,7.449
"Cyprus",2003,"CYP",8.93,"Europe",6.56324582338901,999590,56.4413889416798,8.611
"Cyprus",2004,"CYP",21.79,"Europe",144.008958566629,1017875,57.1399993896484,10.213
"Cyprus",2005,"CYP",19.52,"Europe",-10.4176227627352,1036151,58.6699981689453,13.541
"Cyprus",2006,"CYP",10.73,"Europe",-45.030737704918,1054418,61.2000007629395,9.872
"Cyprus",2007,"CYP",8.99,"Europe",-16.2162162162162,1072714,63.5299987792969,9.486
"Cyprus",2008,"CYP",9.65,"Europe",7.34149054505006,1091026,64.5,8.532
"Cyprus",2009,"CYP",9.9,"Europe",2.59067357512953,1109371,63.8199996948242,13.276
"Cyprus",2010,"CYP",11.68,"Europe",17.979797979798,1127816,65.4499969482422,15.852
"Cyprus",2011,"CYP",14.64,"Europe",25.3424657534247,1146493,67.7799987792969,21.156
"Cyprus",2012,"CYP",15.98,"Europe",9.15300546448087,1165397,68.9199981689453,27.244
"Cyprus",2013,"CYP",18.67,"Europe",16.8335419274093,1183895,69.8899993896484,38.083
"Cyprus",2014,"CYP",17.01,"Europe",-8.89126941617568,1201801,69.5,35.516
"Cyprus",2015,"CYP",15.3,"Europe",-10.0529100529101,1219502,69.0500030517578,32.539
"Cyprus",2016,"CYP",16.02,"Europe",4.70588235294117,1237112,71.1600036621094,28.902
"Cyprus",2017,"CYP",16.09,"Europe",0.436953807740326,1254275,71.8102957503546,25.013
"Cyprus",2018,"CYP",13.21,"Europe",-17.8993163455562,1270737,72.9800033569336,20.654
"Cyprus",2019,"CYP",13.66,"Europe",3.40651021953065,1286671,73.3406585636693,16.856
"Cyprus",2020,"CYP",14.36,"Europe",5.12445095168374,1302247,74.4700012207031,18.491
"Cyprus",2021,"CYP",13.77,"Europe",-4.10863509749304,1317309,76.4441402590559,17.173
"Czechia",2002,"CZE",14.63,"Europe",NA,10196916,NA,15.982
"Czechia",2003,"CZE",13.96,"Europe",-4.57963089542037,10193998,NA,17.555
"Czechia",2004,"CZE",13.82,"Europe",-1.0028653295129,10197101,NA,20.377
"Czechia",2005,"CZE",13.41,"Europe",-2.96671490593343,10211216,NA,19.248
"Czechia",2006,"CZE",9.49,"Europe",-29.2319164802386,10238905,85.4800033569336,17.447
"Czechia",2007,"CZE",7.1,"Europe",-25.1844046364594,10298828,85.7799987792969,10.734
"Czechia",2008,"CZE",6.82,"Europe",-3.94366197183098,10384603,86.1399993896484,9.874
"Czechia",2009,"CZE",8.61,"Europe",26.2463343108504,10443936,87.25,16.656
"Czechia",2010,"CZE",9.04,"Europe",4.99419279907085,10474410,87.9899978637695,18.356
"Czechia",2011,"CZE",8.72,"Europe",-3.53982300884954,10496088,88.4000015258789,18.077
"Czechia",2012,"CZE",9.23,"Europe",5.84862385321101,10510785,88.5299987792969,19.508
"Czechia",2013,"CZE",9.45,"Europe",2.38353196099674,10514272,89.1600036621094,18.958
"Czechia",2014,"CZE",8.42,"Europe",-10.8994708994709,10525347,89.629997253418,15.841
"Czechia",2015,"CZE",7.72,"Europe",-8.31353919239905,10546059,89.7699966430664,12.582
"Czechia",2016,"CZE",7.15,"Europe",-7.38341968911916,10566332,90.2300033569336,10.488
"Czechia",2017,"CZE",6.4,"Europe",-10.4895104895105,10594438,90.5800018310547,7.936
"Czechia",2018,"CZE",5.74,"Europe",-10.3125,10629928,90.5812617260621,6.714
"Czechia",2019,"CZE",5.82,"Europe",1.39372822299652,10671870,90.6699981689453,5.615
"Czechia",2020,"CZE",6.68,"Europe",14.7766323024055,10697858,90.9993348123296,7.936
"Czechia",2021,"CZE",6.61,"Europe",-1.04790419161676,10505772,91.4344095231847,8.134
"Denmark",2003,"DNK",5.44,"Europe",NA,5390574,84.2600021362305,9.804
"Denmark",2004,"DNK",5.45,"Europe",0.183823529411761,5404523,82.2799987792969,7.776
"Denmark",2005,"DNK",4.31,"Europe",-20.9174311926606,5419432,NA,8.603
"Denmark",2006,"DNK",3.62,"Europe",-16.0092807424594,5437272,74.6938038217694,7.686
"Denmark",2007,"DNK",4.3,"Europe",18.7845303867403,5461438,75.8199996948242,7.495
"Denmark",2008,"DNK",5.18,"Europe",20.4651162790698,5493621,78.7900009155273,9.471
"Denmark",2009,"DNK",6.48,"Europe",25.0965250965251,5523095,72.6600036621094,13.441
"Denmark",2010,"DNK",6.86,"Europe",5.8641975308642,5547683,72.2300033569336,15.554
"Denmark",2011,"DNK",7.19,"Europe",4.81049562682216,5570572,73.120002746582,16.306
"Denmark",2012,"DNK",7.35,"Europe",2.22531293463142,5591572,76,15.775
"Denmark",2013,"DNK",6.63,"Europe",-9.79591836734694,5614932,76.5500030517578,14.774
"Denmark",2014,"DNK",6.39,"Europe",-3.61990950226245,5643475,76.8399963378906,14.196
"Denmark",2015,"DNK",7.03,"Europe",10.0156494522692,5683483,77.75,12.152
"Denmark",2016,"DNK",6.72,"Europe",-4.40967283072547,5728010,78.1800003051758,12.147
"Denmark",2017,"DNK",7.58,"Europe",12.7976190476191,5764980,76.1561593865924,12.384
"Denmark",2018,"DNK",7.68,"Europe",1.31926121372031,5793636,79.2799987792969,10.52
"Denmark",2019,"DNK",7.72,"Europe",0.520833333333334,5814422,77.0355227639042,10.041
"Denmark",2020,"DNK",7.44,"Europe",-3.62694300518134,5831404,79.3199996948242,11.588
"Denmark",2021,"DNK",7.08,"Europe",-4.83870967741936,5856733,77.7216621761722,10.808
"Djibouti",2017,"DJI",22.82,"Africa",NA,1054841,15.6237201690674,73.951
"Dominican Republic",2000,"DOM",19.85,"North America",NA,8584190,22,12.402
"Dominican Republic",2001,"DOM",21.09,"North America",6.24685138539042,8720283,22.8,13.455
"Dominican Republic",2002,"DOM",20.51,"North America",-2.75011853959222,8852235,24.5,12.721
"Dominican Republic",2003,"DOM",21.13,"North America",3.02291565090199,8980620,25.7,13.423
"Dominican Republic",2004,"DOM",20.8,"North America",-1.56176053005205,9104892,27.3,12.899
"Dominican Republic",2005,"DOM",20.51,"North America",-1.39423076923077,9225034,26.5,13.492
"Dominican Republic",2006,"DOM",19.54,"North America",-4.72940029254024,9341183,28.7,10.779
"Dominican Republic",2007,"DOM",19.3,"North America",-1.22824974411463,9455658,30.8199996948242,12.326
"Dominican Republic",2008,"DOM",19.29,"North America",-0.0518134715025988,9573130,29.7,10.548
"Dominican Republic",2009,"DOM",21.74,"North America",12.7008812856402,9695265,32.3,12.479
"Dominican Republic",2010,"DOM",21.01,"North America",-3.35786568537257,9820175,30.8299999237061,10.81
"Dominican Republic",2011,"DOM",20.08,"North America",-4.42646358876727,9945621,31.7199993133545,13.956
"Dominican Republic",2012,"DOM",20.35,"North America",1.34462151394424,10070411,32.6100006103516,14.82
"Dominican Republic",2013,"DOM",20.96,"North America",2.99754299754299,10193833,33.4900016784668,17.392
"Dominican Republic",2014,"DOM",19.65,"North America",-6.25000000000001,10315528,34.1699981689453,13.343
"Dominican Republic",2015,"DOM",25.23,"North America",28.3969465648855,10434829,34.8699989318848,16.426
"Dominican Republic",2016,"DOM",25.37,"North America",0.554894966309951,10551430,48.5999984741211,16.738
"Dominican Republic",2017,"DOM",24.34,"North America",-4.0599132834056,10666843,37.6,13.441
"Dominican Republic",2018,"DOM",24.5,"North America",0.65735414954807,10782053,39.7,14.847
"Dominican Republic",2019,"DOM",24.77,"North America",1.10204081632653,10894043,41.3702812194824,15.835
"Dominican Republic",2020,"DOM",37.7,"North America",52.2002422285022,11008300,41.9,14.766
"Dominican Republic",2021,"DOM",27.33,"North America",-27.5066312997348,11123476,42.8,16.874
"Ecuador",2000,"ECU",20.96,"South America",NA,12689206,38.9600898906454,9.768
"Ecuador",2001,"ECU",18.03,"South America",-13.9790076335878,12910740,31.7,8.551
"Ecuador",2003,"ECU",21.03,"South America",16.6389351081531,13372306,31.9,10.849
"Ecuador",2004,"ECU",18.43,"South America",-12.3632905373276,13608701,NA,10.204
"Ecuador",2005,"ECU",17.46,"South America",-5.26315789473684,13846163,33,7.864
"Ecuador",2006,"ECU",17.05,"South America",-2.34822451317297,14086131,33.1,7.926
"Ecuador",2007,"ECU",16.37,"South America",-3.98826979472141,14328773,33.25,7.017
"Ecuador",2008,"ECU",16.14,"South America",-1.40500916310324,14575202,33.2299995422363,9.163
"Ecuador",2009,"ECU",16.5,"South America",2.23048327137546,14825954,34.0400009155273,9.864
"Ecuador",2010,"ECU",15.66,"South America",-5.09090909090909,15076695,34.9199981689453,9.286
"Ecuador",2011,"ECU",16.43,"South America",4.91698595146871,15326227,35.9000015258789,8.899
"Ecuador",2012,"ECU",16.55,"South America",0.730371272063305,15572194,37.8800010681152,8.538
"Ecuador",2013,"ECU",17.36,"South America",4.89425981873111,15807128,38.6500015258789,8.332
"Ecuador",2014,"ECU",20.23,"South America",16.5322580645161,16035124,38.5299987792969,9.031
"Ecuador",2015,"ECU",19.81,"South America",-2.07612456747406,16266225,42.2599983215332,8.824
"Ecuador",2016,"ECU",18.44,"South America",-6.91569914184754,16505139,42.2999992370605,10.349
"Ecuador",2017,"ECU",17.56,"South America",-4.77223427331889,16759519,43.5299987792969,8.465
"Ecuador",2018,"ECU",17.67,"South America",0.626423690205028,17049547,42.3,7.956
"Ecuador",2019,"ECU",17.52,"South America",-0.848896434634987,17340021,42.9,8.733
"Ecuador",2021,"ECU",18.48,"South America",5.47945205479453,17682454,46.5900001525879,9.225
"El Salvador",2009,"SLV",28.93,"North America",NA,6048279,25.0699996948242,13.87
"El Salvador",2010,"SLV",27.21,"North America",-5.94538541306602,6068249,26.6900005340576,10.156
"El Salvador",2011,"SLV",25.91,"North America",-4.7776552737964,6090127,25.3199996948242,8.541
"El Salvador",2012,"SLV",26.03,"North America",0.463141644152841,6113975,26.5699996948242,8.435
"El Salvador",2013,"SLV",25.35,"North America",-2.61237034191318,6138839,26.9899997711182,8.512
"El Salvador",2014,"SLV",28.5,"North America",12.4260355029586,6162955,30.3,9.597
"El Salvador",2015,"SLV",28.54,"North America",0.140350877192979,6183676,30.9,8.661
"El Salvador",2016,"SLV",28.22,"North America",-1.12123335669236,6200800,30.3400001525879,9.499
"El Salvador",2017,"SLV",28.4,"North America",0.63784549964564,6213533,29.6200008392334,9.747
"El Salvador",2018,"SLV",27.15,"North America",-4.40140845070423,6219807,32.8,9.278
"El Salvador",2019,"SLV",27.94,"North America",2.90976058931861,6222318,33.5800018310547,9.6
"El Salvador",2020,"SLV",25.17,"North America",-9.91410164638511,6234673,33.6100006103516,11.069
"El Salvador",2021,"SLV",26.15,"North America",3.89352403655144,6255782,35,9.804
"Estonia",2003,"EST",12.12,"Europe",NA,1370720,82.8214206534403,26.721
"Estonia",2004,"EST",15.56,"Europe",28.3828382838284,1362550,83.7242934831737,25.603
"Estonia",2005,"EST",10.94,"Europe",-29.6915167095116,1354775,85.2033229882456,15.123
"Estonia",2006,"EST",9.18,"Europe",-16.0877513711152,1346810,84.9199981689453,12.118
"Estonia",2007,"EST",9.38,"Europe",2.17864923747278,1340680,85.6999969482422,10.097
"Estonia",2008,"EST",9.17,"Europe",-2.23880597014926,1337090,85.3199996948242,12.032
"Estonia",2009,"EST",14.62,"Europe",59.432933478735,1334515,85.6800003051758,27.41
"Estonia",2010,"EST",14.07,"Europe",-3.76196990424076,1331475,86.4599990844727,32.938
"Estonia",2011,"EST",11.54,"Europe",-17.9815209665956,1327439,86.5500030517578,22.386
"Estonia",2012,"EST",12.3,"Europe",6.58578856152514,1322696,87.25,20.862
"Estonia",2013,"EST",11.42,"Europe",-7.15447154471545,1317997,88.4400024414062,18.704
"Estonia",2014,"EST",12.04,"Europe",5.42907180385288,1314545,85.9499969482422,14.975
"Estonia",2015,"EST",10.84,"Europe",-9.96677740863787,1315407,86.5599975585938,14.342
"Estonia",2016,"EST",9.2,"Europe",-15.1291512915129,1315790,86.8899993896484,14.125
"Estonia",2017,"EST",9.42,"Europe",2.39130434782609,1317384,86.9599990844727,12.175
"Estonia",2018,"EST",9.85,"Europe",4.56475583864119,1321977,87.629997253418,12.076
"Estonia",2019,"EST",6.94,"Europe",-29.5431472081218,1326898,NA,11.623
"Estonia",2020,"EST",8.84,"Europe",27.3775216138328,1329522,85.7600021362305,18.417
"Estonia",2021,"EST",10.92,"Europe",23.5294117647059,1330932,85.8408003189708,16.622
"Eswatini",2016,"SWZ",35.5,"Africa",NA,1149507,NA,46.973
"Ethiopia",2013,"ETH",10.48,"Africa",NA,98438751,7.83306503980368,3.429
"Ethiopia",2021,"ETH",17.53,"Africa",67.2709923664122,122138588,11.8107725146255,6.246
"Fiji",2005,"FJI",20.55,"Oceania",NA,882379,NA,9.64
"Fiji",2011,"FJI",18.4,"Oceania",-10.4622871046229,912989,44.1805860780746,13.694
"Fiji",2014,"FJI",19.09,"Oceania",3.75000000000001,917585,NA,14.439
"Fiji",2016,"FJI",20.09,"Oceania",5.23834468308015,919166,NA,14.992
"Finland",2003,"FIN",10.96,"Europe",NA,5213014,64.4000015258789,28.102
"Finland",2004,"FIN",9.78,"Europe",-10.7664233576642,5228172,67.0293155369584,27.404
"Finland",2005,"FIN",8.09,"Europe",-17.280163599182,5246096,66.1999969482422,26.78
"Finland",2006,"FIN",7.86,"Europe",-2.84301606922125,5266268,67.129997253418,25.774
"Finland",2007,"FIN",7.09,"Europe",-9.79643765903309,5288720,67.9700012207031,16.426
"Finland",2008,"FIN",7.95,"Europe",12.12976022567,5313399,68.7900009155273,16.337
"Finland",2009,"FIN",9.84,"Europe",23.7735849056604,5338871,69.629997253418,21.376
"Finland",2010,"FIN",9.02,"Europe",-8.33333333333334,5363352,70.4499969482422,21.288
"Finland",2011,"FIN",8.43,"Europe",-6.5410199556541,5388272,71.1999969482422,19.934
"Finland",2012,"FIN",8.56,"Europe",1.54211150652433,5413971,71.9499969482422,18.868
"Finland",2013,"FIN",9.3,"Europe",8.64485981308411,5438972,72.8099975585938,19.817
"Finland",2014,"FIN",10.17,"Europe",9.35483870967741,5461512,73.5699996948242,20.454
"Finland",2015,"FIN",10.56,"Europe",3.83480825958703,5479531,74.0199966430664,22.304
"Finland",2016,"FIN",9.92,"Europe",-6.06060606060607,5495303,79.2824044314709,20.057
"Finland",2017,"FIN",9.4,"Europe",-5.24193548387096,5508214,75.5199966430664,20.041
"Finland",2018,"FIN",8.52,"Europe",-9.36170212765958,5515525,80.5879813171853,16.958
"Finland",2019,"FIN",8.16,"Europe",-4.22535211267605,5521606,77.4499969482422,17.128
"Finland",2020,"FIN",9.25,"Europe",13.3578431372549,5529543,82.2440854646059,21.193
"Finland",2021,"FIN",7.65,"Europe",-17.2972972972973,5541017,81.4573242561531,17.058
"France",2003,"FRA",9.52,"Europe",NA,62249855,55.9803302158916,17.179
"France",2004,"FRA",10.69,"Europe",12.2899159663866,62707588,55.7000007629395,19.667
"France",2005,"FRA",11.35,"Europe",6.17399438727783,63180854,56.5900001525879,21.225
"France",2006,"FRA",11.78,"Europe",3.78854625550661,63622342,54.1190123030074,22.447
"France",2007,"FRA",11,"Europe",-6.6213921901528,64016890,59.4199981689453,19.644
"France",2008,"FRA",10.87,"Europe",-1.18181818181819,64375116,60.3499984741211,19.214
"France",2009,"FRA",14.34,"Europe",31.9227230910764,64706436,60.4199981689453,24.006
"France",2010,"FRA",12.88,"Europe",-10.1813110181311,65026211,61.9000015258789,23.592
"France",2011,"FRA",12.41,"Europe",-3.64906832298137,65340830,62.7700004577637,23.018
"France",2012,"FRA",12.84,"Europe",3.46494762288477,65657659,63.75,24.949
"France",2013,"FRA",13.43,"Europe",4.59501557632399,65997932,66.3399963378906,24.363
"France",2014,"FRA",13.5,"Europe",0.521221146686525,66312067,68.5299987792969,24.828
"France",2015,"FRA",13.97,"Europe",3.48148148148149,66548272,69.4400024414062,25.262
"France",2016,"FRA",13.94,"Europe",-0.214745884037231,66724104,69.6699981689453,24.938
"France",2017,"FRA",13.43,"Europe",-3.65853658536585,66918020,70.0800018310547,22.572
"France",2018,"FRA",13.08,"Europe",-2.60610573343261,67158348,71.153117074531,20.953
"France",2019,"FRA",12.62,"Europe",-3.51681957186545,67382061,72.1900024414062,19.929
"France",2020,"FRA",12.7,"Europe",0.633914421553091,67601110,73.3635315888032,20.398
"France",2021,"FRA",11.46,"Europe",-9.76377952755904,67842811,76.7527928388629,19.283
"Georgia",2012,"GEO",32.56,"Asia",NA,3728874,90.9300003051758,38.1
"Georgia",2013,"GEO",30.95,"Asia",-4.94471744471745,3717668,92.2256460791917,41.069
"Georgia",2014,"GEO",28.77,"Asia",-7.04361873990307,3719414,92.0699996948242,38.014
"Georgia",2015,"GEO",27.44,"Asia",-4.6228710462287,3725276,93.5209496140226,36.483
"Georgia",2016,"GEO",26.82,"Asia",-2.2594752186589,3727505,93.4499969482422,35.733
"Georgia",2017,"GEO",24.76,"Asia",-7.68083519761372,3728004,92.5,29.041
"Georgia",2018,"GEO",26.85,"Asia",8.44103392568659,3726549,92.3965398062412,29.691
"Georgia",2019,"GEO",26,"Asia",-3.16573556797021,3720161,92.1699981689453,30.059
"Georgia",2020,"GEO",24.91,"Asia",-4.19230769230769,3722716,92.48141173712,30.852
"Germany",2003,"DEU",10.03,"Europe",NA,82534176,78.4599933765618,11.024
"Germany",2004,"DEU",10.08,"Europe",0.498504486540386,82516260,78.4800033569336,12.984
"Germany",2005,"DEU",11.28,"Europe",11.9047619047619,82469422,77.620002746582,15.463
"Germany",2006,"DEU",10.06,"Europe",-10.8156028368794,82376451,77.8499984741211,13.402
"Germany",2007,"DEU",9.3,"Europe",-7.55467196819085,82266372,79.1100006103516,11.824
"Germany",2008,"DEU",8.43,"Europe",-9.35483870967743,82110097,80.1600036621094,10.929
"Germany",2009,"DEU",8.8,"Europe",4.3890865954923,81902307,80.620002746582,11.309
"Germany",2010,"DEU",8.3,"Europe",-5.68181818181818,81776930,81.129997253418,10.416
"Germany",2011,"DEU",7.49,"Europe",-9.75903614457832,80274983,81.7200012207031,8.927
"Germany",2012,"DEU",7.1,"Europe",-5.20694259012017,80425823,82.0500030517578,8.119
"Germany",2013,"DEU",6.25,"Europe",-11.9718309859155,80645605,82.3099975585938,7.825
"Germany",2014,"DEU",6.36,"Europe",1.76,80982500,83,7.612
"Germany",2015,"DEU",6.17,"Europe",-2.9874213836478,81686611,83.0800018310547,7.328
"Germany",2016,"DEU",6.69,"Europe",8.42787682333874,82348669,83.0100021362305,7.079
"Germany",2017,"DEU",6.26,"Europe",-6.42750373692079,82657002,83.6649584098387,6.77
"Germany",2018,"DEU",5.9,"Europe",-5.75079872204472,82905782,83.4599990844727,6.22
"Germany",2019,"DEU",5.66,"Europe",-4.0677966101695,83092962,84.3155578699176,5.859
"Germany",2020,"DEU",7.42,"Europe",31.095406360424,83160871,83.6999969482422,7.862
"Germany",2021,"DEU",7.52,"Europe",1.3477088948787,83196078,81.6805888379566,6.665
"Ghana",1991,"GHA",21.32,"Africa",NA,15787496,NA,5.482
"Ghana",2000,"GHA",30.37,"Africa",42.4484052532833,19637087,17.7231680858999,16.311
"Ghana",2006,"GHA",26.92,"Africa",-11.3598946328614,23040702,12.3958664391576,9.474
"Ghana",2010,"GHA",20.25,"Africa",-24.777117384844,25474995,20.5599994659424,11.103
"Ghana",2013,"GHA",14.13,"Africa",-30.2222222222222,27386193,18.847842111156,4.762
"Ghana",2015,"GHA",25.56,"Africa",80.8917197452229,28696068,22.0841406835318,14.238
"Ghana",2017,"GHA",23,"Africa",-10.0156494522692,30008354,15.5985603332519,6.32
"Greece",1987,"GRC",21.95,"Europe",NA,10000595,NA,NA
"Greece",1988,"GRC",21,"Europe",-4.32801822323462,10036983,NA,NA
"Greece",1989,"GRC",19.67,"Europe",-6.33333333333333,10089498,NA,NA
"Greece",1990,"GRC",18.7,"Europe",-4.93136756481953,10196792,29.3188254583394,NA
"Greece",1991,"GRC",19.71,"Europe",5.40106951871659,10319927,30.7000007629394,23.835
"Greece",1992,"GRC",17.92,"Europe",-9.08168442415017,10399061,30.6659373424713,26.738
"Greece",1993,"GRC",19.3,"Europe",7.70089285714285,10460415,34.2366027315726,30.251
"Greece",1994,"GRC",18.34,"Europe",-4.97409326424871,10512922,35.1094567287634,28.802
"Greece",1995,"GRC",18.25,"Europe",-0.490730643402398,10562153,36.3763592723203,30.217
"Greece",1996,"GRC",18.78,"Europe",2.9041095890411,10608800,36.6085073983987,31.389
"Greece",1997,"GRC",18.13,"Europe",-3.46112886048989,10661259,37.0903130356692,31.916
"Greece",1998,"GRC",19.45,"Europe",7.280750137893,10720509,39.5086520266269,31.935
"Greece",1999,"GRC",26.19,"Europe",34.6529562982005,10761698,41.281550328903,31.316
"Greece",2000,"GRC",24.96,"Europe",-4.69644902634593,10805808,42.5047135841339,28.957
"Greece",2001,"GRC",24.51,"Europe",-1.80288461538461,10862132,42.9300169170428,27.816
"Greece",2002,"GRC",24,"Europe",-2.08078335373318,10902022,44.2262010712222,26.711
"Greece",2003,"GRC",29.11,"Europe",21.2916666666667,10928070,45.6992788572316,26.499
"Greece",2004,"GRC",24.52,"Europe",-15.7677773960838,10955141,48.1460266757448,26.57
"Greece",2005,"GRC",22.44,"Europe",-8.48287112561174,10987314,48.9799995422363,25.811
"Greece",2006,"GRC",13.33,"Europe",-40.5971479500891,11020362,52.9000015258789,24.658
"Greece",2007,"GRC",13.05,"Europe",-2.10052513128282,11048473,52.1699981689453,22.731
"Greece",2008,"GRC",13.1,"Europe",0.383141762452099,11077841,52.6699981689453,21.61
"Greece",2009,"GRC",13.47,"Europe",2.82442748091604,11107017,52.3791356375708,25.469
"Greece",2010,"GRC",15.77,"Europe",17.0749814402376,11121341,53.6599998474121,33.005
"Greece",2011,"GRC",18.31,"Europe",16.1065313887127,11104899,54.7030526654889,44.951
"Greece",2012,"GRC",21.13,"Europe",15.401419989077,11045011,55.6021568733287,55.656
"Greece",2013,"GRC",21.24,"Europe",0.520586843350684,10965211,56.8320402190321,58.491
"Greece",2014,"GRC",19.87,"Europe",-6.45009416195856,10892413,56.2700004577637,52.645
"Greece",2015,"GRC",17.9,"Europe",-9.91444388525416,10820883,57.9300003051758,49.731
"Greece",2016,"GRC",16.24,"Europe",-9.27374301675978,10775971,54.6399993896484,47.223
"Greece",2017,"GRC",15.88,"Europe",-2.21674876847289,10754679,59.9743137105094,43.392
"Greece",2018,"GRC",14.69,"Europe",-7.49370277078086,10732882,60.8410897947138,40.011
"Greece",2019,"GRC",12.98,"Europe",-11.640571817563,10721582,63.7433566329741,34.754
"Greece",2020,"GRC",13.53,"Europe",4.23728813559321,10698599,65.2699966430664,33.74
"Greece",2021,"GRC",12.05,"Europe",-10.9386548410939,10569207,67.1153373107718,35.39
"Guatemala",2003,"GTM",22.9,"North America",NA,12525842,11.0400733725271,4.496
"Guatemala",2004,"GTM",29.53,"North America",28.9519650655022,12807402,NA,5.351
"Guatemala",2006,"GTM",24.53,"North America",-16.9319336268202,13367459,10.5900001525879,5.148
"Guatemala",2010,"GTM",27.86,"North America",13.5752140236445,14500112,12.7658701289654,5.296
"Guatemala",2011,"GTM",25.11,"North America",-9.87078248384781,14792126,NA,4.994
"Guatemala",2012,"GTM",22.91,"North America",-8.76144962166467,15089647,17.6499996185303,4.618
"Guatemala",2013,"GTM",27.65,"North America",20.6896551724138,15387337,19.3500003814697,5.512
"Guatemala",2014,"GTM",26.9,"North America",-2.7124773960217,15681725,26.6000003814697,5.691
"Guatemala",2015,"GTM",26.66,"North America",-0.89219330855018,15971743,15.106499671936,5.581
"Guatemala",2016,"GTM",27.42,"North America",2.85071267816955,16268760,15.9259261093928,5.582
"Guatemala",2017,"GTM",27.26,"North America",-0.583515681983954,16567357,15.6912419887547,4.939
"Guatemala",2018,"GTM",27.79,"North America",1.94424064563462,16845685,NA,4.679
"Guatemala",2019,"GTM",28.19,"North America",1.4393666786614,17103803,24.0200004577637,4.461
"Guinea",2002,"GIN",24.4,"Africa",NA,8674066,5.36974618740424,5.636
"Guinea",2019,"GIN",34.3,"Africa",40.5737704918033,13034346,NA,6.988
"Guinea-Bissau",2018,"GNB",24.3,"Africa",NA,1922168,6.93031809235181,3.868
"Guyana",2018,"GUY",43.9,"South America",NA,791556,30.8294240629096,25.283
"Guyana",2019,"GUY",46.39,"South America",5.67198177676538,807665,35.2261009216309,26.304
"Haiti",2012,"HTI",21.09,"North America",NA,10069771,11.7493331049769,34.304
"Honduras",2005,"HND",27.02,"North America",NA,7478355,16.3,8.732
"Honduras",2006,"HND",26.84,"North America",-0.666173205033308,7656832,15.8163289365374,6.186
"Honduras",2007,"HND",27.58,"North America",2.75707898658718,7834798,16.1100006103516,5.505
"Honduras",2008,"HND",25.89,"North America",-6.1276287164612,8012587,16.9878047887042,5.521
"Honduras",2009,"HND",26.62,"North America",2.81962147547316,8189899,17.7,6
"Honduras",2010,"HND",26.21,"North America",-1.54019534184823,8365878,19,7.506
"Honduras",2011,"HND",27.55,"North America",5.11255246089279,8540583,19.2199993133545,8.064
"Honduras",2012,"HND",28.67,"North America",4.06533575317605,8715076,18.5900001525879,6.972
"Honduras",2013,"HND",26.81,"North America",-6.48761771886991,8889278,20.5,9.823
"Honduras",2014,"HND",28.67,"North America",6.93770980977248,9063122,23.0100002288818,11.865
"Honduras",2015,"HND",26.96,"North America",-5.96442274154168,9237305,22.9200000762939,11.042
"Honduras",2016,"HND",27.82,"North America",3.18991097922848,9412380,24.6900005340576,12.58
"Honduras",2017,"HND",27.72,"North America",-0.359453630481673,9588137,23.0465093392364,10.746
"Honduras",2018,"HND",26.62,"North America",-3.96825396825396,9765210,23.0699996948242,10.489
"Honduras",2019,"HND",26.8,"North America",0.676183320811419,9943633,29.9400005340576,10.761
"Hungary",2004,"HUN",12.38,"Europe",NA,10107146,68.5299549439554,14.599
"Hungary",2005,"HUN",18.79,"Europe",51.7770597738287,10087065,63.5499992370605,19.656
"Hungary",2006,"HUN",12.43,"Europe",-33.8477913783928,10071370,71.1935433890503,19.377
"Hungary",2007,"HUN",11.46,"Europe",-7.8037007240547,10055780,72.4084913359163,18.158
"Hungary",2008,"HUN",11.46,"Europe",0,10038188,73.2024025180816,19.617
"Hungary",2009,"HUN",13.61,"Europe",18.760907504363,10022650,74.5400009155273,26.395
"Hungary",2010,"HUN",12.56,"Europe",-7.71491550330639,10000023,75.6900024414062,26.393
"Hungary",2011,"HUN",13.21,"Europe",5.17515923566879,9971727,76.6600036621094,25.957
"Hungary",2012,"HUN",14.78,"Europe",11.884935654807,9920362,77.629997253418,28.185
"Hungary",2013,"HUN",15.47,"Europe",4.66847090663059,9872734,78.4899978637695,26.546
"Hungary",2014,"HUN",13.62,"Europe",-11.9586296056884,9833038,74.120002746582,20.378
"Hungary",2015,"HUN",11.58,"Europe",-14.9779735682819,9797755,75.0999984741211,17.272
"Hungary",2016,"HUN",11.05,"Europe",-4.5768566493955,9759755,76.0599975585938,12.922
"Hungary",2017,"HUN",11.04,"Europe",-0.0904977375565752,9726756,77.2879816467953,10.698
"Hungary",2018,"HUN",10.73,"Europe",-2.80797101449274,9706964,78.5578395041174,10.149
"Hungary",2019,"HUN",11,"Europe",2.51630941286113,9694824,79.0355701722967,11.4
"Hungary",2020,"HUN",11.71,"Europe",6.45454545454546,9670419,80.0100021362305,12.757
"Hungary",2021,"HUN",10.61,"Europe",-9.39368061485911,9630932,81.5076989037062,13.459
"Iceland",2003,"ISL",4.48,"Europe",NA,289521,57.6748004126848,11.807
"Iceland",2004,"ISL",6.93,"Europe",54.6875,292074,57.2231597681077,11.483
"Iceland",2005,"ISL",4.66,"Europe",-32.7561327561328,296734,60.7400016784668,7.047
"Iceland",2006,"ISL",4.8,"Europe",3.00429184549356,303782,NA,7.916
"Iceland",2007,"ISL",4.1,"Europe",-14.5833333333333,311566,61.215638185032,6.681
"Iceland",2008,"ISL",4.32,"Europe",5.3658536585366,317414,61.6587814346148,7.864
"Iceland",2009,"ISL",7.33,"Europe",69.6759259259259,318499,63.2554556935402,15.448
"Iceland",2010,"ISL",7.35,"Europe",0.27285129604365,318041,63.7499895581134,15.851
"Iceland",2011,"ISL",6.69,"Europe",-8.97959183673468,319014,67.8225456017772,14.146
"Iceland",2012,"ISL",5.89,"Europe",-11.9581464872945,320716,68.8011019986055,13.195
"Iceland",2013,"ISL",5.47,"Europe",-7.13073005093378,323764,69.7764683538542,10.411
"Iceland",2014,"ISL",5.72,"Europe",4.57038391224863,327386,71.1443688989934,9.562
"Iceland",2015,"ISL",4.55,"Europe",-20.4545454545455,330815,72.3824231405193,8.573
"Iceland",2016,"ISL",4.12,"Europe",-9.45054945054945,335439,76.0004157666148,6.314
"Iceland",2017,"ISL",3.87,"Europe",-6.06796116504854,343400,74.9651123648725,7.54
"Iceland",2018,"ISL",4.87,"Europe",25.8397932816537,352721,75.6547422497294,5.9
"Iceland",2019,"ISL",4.71,"Europe",-3.28542094455852,360563,73.870002746582,8.445
"Iceland",2020,"ISL",6.03,"Europe",28.0254777070064,366463,74.1399993896484,9.871
"Iceland",2021,"ISL",4.88,"Europe",-19.0713101160862,372520,79.7339835426261,11.831
"India",1994,"IND",38.4,"Asia",NA,941163767,7.63572178656048,20.378
"India",2000,"IND",32.71,"Asia",-14.8177083333333,1057922733,9.76947738527724,20.273
"India",2004,"IND",26.13,"Asia",-20.1161724243351,1135991513,NA,21.047
"India",2005,"IND",36.08,"Asia",38.0788365862993,1154676322,11.8794781412257,21.119
"India",2010,"IND",28.94,"Asia",-19.7893569844789,1243481564,NA,23.348
"India",2012,"IND",26.86,"Asia",-7.18728403593643,1278674502,NA,24.184
"India",2018,"IND",30.81,"Asia",14.7058823529412,1374659064,32.3400001525879,26.001
"India",2019,"IND",31.2,"Asia",1.26582278481013,1389030312,NA,22.947
"India",2020,"IND",30.7,"Asia",-1.6025641025641,1402617695,31.7099990844727,24.666
"India",2021,"IND",28.01,"Asia",-8.76221498371335,1414203896,NA,20.824
"Indonesia",1996,"IDN",27.1,"Asia",NA,203204348,18.1583229750119,14.932
"Indonesia",1997,"IDN",28.08,"Asia",3.61623616236161,206536095,18.8248957881397,14.943
"Indonesia",1998,"IDN",29.01,"Asia",3.31196581196582,209826788,19.8637149380185,16.745
"Indonesia",1999,"IDN",29.81,"Asia",2.75766976904515,213004668,20.7943911483877,19.278
"Indonesia",2000,"IDN",29.38,"Asia",-1.44246897014425,216077790,21.3958118325454,19.147
"Indonesia",2001,"IDN",29.85,"Asia",1.5997277059224,219097902,20.1508657510649,19.035
"Indonesia",2002,"IDN",31.06,"Asia",4.05360134003349,222088495,20.9041190123793,21.434
"Indonesia",2003,"IDN",31.52,"Asia",1.48100450740503,225048008,20.8980608801907,21.436
"Indonesia",2004,"IDN",31.42,"Asia",-0.317258883248724,227926649,20.8877204743369,23.617
"Indonesia",2005,"IDN",31.86,"Asia",1.40038192234245,230871650,22.2908919089606,26.301
"Indonesia",2006,"IDN",30.42,"Asia",-4.51977401129943,233951652,26.4099998474121,24.616
"Indonesia",2007,"IDN",30.03,"Asia",-1.28205128205128,237062337,26.0100002288818,22.861
"Indonesia",2008,"IDN",28.15,"Asia",-6.26040626040627,240157903,26.2000007629394,19.644
"Indonesia",2009,"IDN",27.67,"Asia",-1.7051509769094,243220028,27.8400001525879,19.106
"Indonesia",2010,"IDN",26.65,"Asia",-3.68630285507771,246305322,28.0485247975574,17.691
"Indonesia",2011,"IDN",25.9,"Asia",-2.81425891181989,249470032,28.9300003051758,18.393
"Indonesia",2012,"IDN",22.95,"Asia",-11.3899613899614,252698525,29.5142825432068,15.672
"Indonesia",2013,"IDN",22.89,"Asia",-0.261437908496726,255852467,30.4177818759345,15.977
"Indonesia",2014,"IDN",22.35,"Asia",-2.35910878112713,258877399,31.0900001525879,15.977
"Indonesia",2015,"IDN",22.92,"Asia",2.5503355704698,261799249,32.2599983215332,17.224
"Indonesia",2016,"IDN",22.48,"Asia",-1.91972076788831,264627418,33.7299995422363,15.997
"Indonesia",2017,"IDN",21.45,"Asia",-4.58185053380783,267346658,33.7715682983398,14.553
"Indonesia",2018,"IDN",21.74,"Asia",1.35198135198135,269951846,34.5999984741211,16.369
"Indonesia",2019,"IDN",20.55,"Asia",-5.47378104875804,272489381,36.9919811506555,13.577
"Indonesia",2020,"IDN",21.8,"Asia",6.08272506082725,274814866,38.0999984741211,14.773
"Indonesia",2021,"IDN",22.45,"Asia",2.98165137614678,276758053,39.5576649933508,13.8
"Indonesia",2022,"IDN",22.34,"Asia",-0.489977728285075,278830529,39.5653046324461,14.055
"Iraq",2007,"IRQ",46.24,"Asia",NA,28391607,22.1656568198507,17.207
"Iraq",2012,"IRQ",40.64,"Asia",-12.1107266435986,33654842,NA,16.091
"Iraq",2021,"IRQ",36.93,"Asia",-9.12893700787402,43071211,22.9285941572865,35.653
"Ireland",2003,"IRL",8.84,"Europe",NA,3996521,54.9644147202228,7.703
"Ireland",2004,"IRL",10.36,"Europe",17.1945701357466,4070262,56.3179173029456,7.87
"Ireland",2005,"IRL",15.13,"Europe",46.0424710424711,4159914,NA,7.82
"Ireland",2006,"IRL",14.43,"Europe",-4.62656972901521,4273591,66.2200012207031,7.908
"Ireland",2007,"IRL",10.06,"Europe",-30.2841302841303,4398942,66.4599990844727,9.159
"Ireland",2008,"IRL",12.52,"Europe",24.4532803180914,4489544,62.9029172946846,13.471
"Ireland",2009,"IRL",18.29,"Europe",46.0862619808307,4535375,64.1364022947619,24.509
"Ireland",2010,"IRL",19.43,"Europe",6.23291416074358,4560155,66.5899963378906,28.157
"Ireland",2011,"IRL",19.14,"Europe",-1.49253731343283,4580084,66.370002746582,29.579
"Ireland",2012,"IRL",19.18,"Europe",0.208986415882963,4599533,67.7619437749107,30.792
"Ireland",2013,"IRL",16.42,"Europe",-14.3899895724713,4623816,69.4219421933157,26.732
"Ireland",2014,"IRL",15.24,"Europe",-7.1863580998782,4657740,73.1518320316997,23.416
"Ireland",2015,"IRL",14.25,"Europe",-6.49606299212599,4701957,73.4491260847135,20.235
"Ireland",2016,"IRL",12.57,"Europe",-11.7894736842105,4762722,73.6150838402534,16.797
"Ireland",2017,"IRL",10.93,"Europe",-13.0469371519491,4827445,70.7799987792969,14.402
"Ireland",2018,"IRL",10.07,"Europe",-7.86825251601097,4898022,75.2761545483232,13.756
"Ireland",2019,"IRL",10.09,"Europe",0.198609731876858,4976456,75.9404571887024,12.457
"Ireland",2020,"IRL",12.02,"Europe",19.1278493557978,5039747,77.577917817579,15.263
"Ireland",2021,"IRL",7.73,"Europe",-35.6905158069884,5110585,79.6562273497351,15.592
"Israel",2012,"ISR",15.38,"Asia",NA,7910500,80.2900009155273,11.99
"Israel",2013,"ISR",14.42,"Asia",-6.24187256176854,8059500,80.6600036621094,10.4
"Israel",2014,"ISR",14.47,"Asia",0.346740638002779,8215700,81.2300033569336,10.43
"Israel",2015,"ISR",14.31,"Asia",-1.10573600552868,8380100,81.4400024414062,9.202
"Israel",2016,"ISR",13.68,"Asia",-4.40251572327045,8546000,83.4110342871499,8.514
"Israel",2017,"ISR",13.57,"Asia",-0.804093567251458,8713300,83.5603956598591,7.151
"Israel",2018,"ISR",13.42,"Asia",-1.10537951363302,8882800,83.4947652258031,7.025
"Israel",2019,"ISR",14.28,"Asia",6.40834575260804,9054000,84.160980699956,6.525
"Israel",2020,"ISR",16.06,"Asia",12.4649859943978,9215100,85.1860986605197,7.645
"Israel",2021,"ISR",16.76,"Asia",4.35865504358657,9371400,85.1933431691201,7.649
"Italy",2004,"ITA",16.27,"Europe",NA,57828179,39.6440979473887,24.424
"Italy",2005,"ITA",17.05,"Europe",4.7940995697603,58166682,40.5,24.113
"Italy",2006,"ITA",16.77,"Europe",-1.64222873900294,58399861,41.4099998474121,21.792
"Italy",2007,"ITA",16.14,"Europe",-3.75670840787119,58756247,43.0900001525879,20.384
"Italy",2008,"ITA",16.56,"Europe",2.60223048327136,59211181,44,21.217
"Italy",2009,"ITA",17.55,"Europe",5.97826086956523,59555454,44.7299995422363,25.352
"Italy",2010,"ITA",18.97,"Europe",8.09116809116808,59819407,45.5,27.91
"Italy",2011,"ITA",19.64,"Europe",3.53189246178177,60026841,46.1599998474121,29.145
"Italy",2012,"ITA",20.94,"Europe",6.61914460285133,60191247,47.2799987792969,35.294
"Italy",2013,"ITA",22.14,"Europe",5.73065902578796,60311613,47.9796392254295,40.022
"Italy",2014,"ITA",22.04,"Europe",-0.451671183378507,60320707,48.6399993896484,42.669
"Italy",2015,"ITA",21.33,"Europe",-3.22141560798549,60229605,49.1500015258789,40.316
"Italy",2016,"ITA",19.8,"Europe",-7.17299578059071,60115223,50.110688132462,37.758
"Italy",2017,"ITA",19.99,"Europe",0.959595959595948,60002252,51.0024600542183,34.726
"Italy",2018,"ITA",19.19,"Europe",-4.00200100050024,60148658,52.001371763722,32.168
"Italy",2019,"ITA",18.05,"Europe",-5.94059405940594,59729081,52.6440248259532,29.152
"Italy",2020,"ITA",18.93,"Europe",4.87534626038781,59438851,52.4599990844727,29.39
"Italy",2021,"ITA",19.76,"Europe",4.38457474907555,59133173,52.4379031321488,29.665
"Jamaica",2008,"JAM",27.84,"North America",NA,2725635,49.1393673456921,17.182
"Jamaica",2009,"JAM",30.7,"North America",10.2729885057471,2736995,49.6442362490526,18.552
"Jamaica",2010,"JAM",31.61,"North America",2.96416938110749,2748568,50.5329003781205,20.451
"Jamaica",2011,"JAM",31.52,"North America",-0.284720025308446,2760494,54.7658392927122,20.363
"Jamaica",2012,"JAM",32.3,"North America",2.47461928934009,2772430,55.7065467839813,23.401
"Jamaica",2013,"JAM",33.78,"North America",4.58204334365326,2783687,55.3835526277341,27.228
"Jamaica",2014,"JAM",32.96,"North America",-2.42747187685021,2793749,56.6007359598254,26.348
"Jamaica",2016,"JAM",29.76,"North America",-9.70873786407767,2809915,58.9187738782629,24.661
"Jamaica",2017,"JAM",27.88,"North America",-6.31720430107528,2815764,59.9722940113587,21.686
"Jamaica",2018,"JAM",26.06,"North America",-6.52797704447633,2820097,61.1470448981011,18.064
"Jamaica",2019,"JAM",22.91,"North America",-12.0874904067536,2823271,62.6419679446274,15.96
"Jamaica",2020,"JAM",29.66,"North America",29.4631165429943,2830739,NA,20.087
"Japan",2009,"JPN",4.43,"Asia",NA,128047000,NA,9.205
"Japan",2010,"JPN",4.34,"Asia",-2.03160270880361,128070000,80.3399963378906,9.46
"Japan",2012,"JPN",4.26,"Asia",-1.84331797235023,127629000,NA,8.236
"Japan",2013,"JPN",3.96,"Asia",-7.04225352112676,127445000,NA,6.809
"Japan",2014,"JPN",3.74,"Asia",-5.55555555555555,127276000,NA,6.299
"Japan",2015,"JPN",3.66,"Asia",-2.13903743315508,127141000,NA,5.471
"Japan",2016,"JPN",3.55,"Asia",-3.00546448087433,127076000,NA,5.12
"Japan",2017,"JPN",3.32,"Asia",-6.47887323943662,126972000,NA,4.611
"Japan",2018,"JPN",2.97,"Asia",-10.5421686746988,126811000,NA,3.668
"Japan",2019,"JPN",3.14,"Asia",5.72390572390572,126633000,NA,3.938
"Jordan",2017,"JOR",38.06,"Asia",NA,10234226,48.2837409973145,35.438
"Jordan",2018,"JOR",36.52,"Asia",-4.04624277456647,10462306,43.7299995422363,38.941
"Jordan",2019,"JOR",36,"Asia",-1.42387732749179,10671891,41.9079741685744,37.205
"Jordan",2020,"JOR",35.38,"Asia",-1.72222222222222,10865228,50.2400016784668,42.458
"Jordan",2021,"JOR",32.85,"Asia",-7.15093273035614,11066356,42.3314729836131,43.862
"Kazakhstan",2001,"KAZ",18.6,"Asia",NA,15575550,NA,18.716
"Kazakhstan",2002,"KAZ",14.88,"Asia",-20,15656677,NA,16.707
"Kazakhstan",2003,"KAZ",13.53,"Asia",-9.0725806451613,15747380,NA,14.349
"Kazakhstan",2004,"KAZ",13.24,"Asia",-2.14338507021433,15850159,NA,14.103
"Kazakhstan",2005,"KAZ",12.81,"Asia",-3.24773413897281,15968117,NA,12.723
"Kazakhstan",2006,"KAZ",12.5,"Asia",-2.41998438719751,16103716,NA,11.195
"Kazakhstan",2007,"KAZ",10.73,"Asia",-14.16,16257214,96.3099975585938,9.358
"Kazakhstan",2008,"KAZ",9.71,"Asia",-9.50605778191985,16426525,NA,7.388
"Kazakhstan",2009,"KAZ",9.55,"Asia",-1.64778578784758,16619846,85.2300033569336,6.675
"Kazakhstan",2010,"KAZ",8.2,"Asia",-14.1361256544503,16836810,NA,5.215
"Kazakhstan",2011,"KAZ",7.8,"Asia",-4.8780487804878,17066002,NA,4.574
"Kazakhstan",2012,"KAZ",8.03,"Asia",2.94871794871794,17306106,NA,3.935
"Kazakhstan",2013,"KAZ",8.02,"Asia",-0.124533001245327,17556502,NA,3.918
"Kazakhstan",2014,"KAZ",8.76,"Asia",9.22693266832918,17816285,NA,3.831
"Kazakhstan",2015,"KAZ",8.46,"Asia",-3.42465753424656,18084169,NA,3.754
"Kazakhstan",2016,"KAZ",9.49,"Asia",12.1749408983451,18363600,NA,3.797
"Kenya",1999,"KEN",32.43,"Africa",NA,29733408,29.8201760901649,6.747
"Kenya",2005,"KEN",22.7,"Africa",-30.0030835646007,35796484,23.1419269023706,6.667
"Kenya",2006,"KEN",22.7,"Africa",0,36904008,NA,6.585
"Kenya",2016,"KEN",13.73,"Africa",-39.5154185022026,48139687,NA,7.333
"Kenya",2019,"KEN",19.67,"Africa",43.2629278951202,51202827,33.3883895874023,12.547
"Kiribati",2015,"KIR",46.89,"Oceania",NA,116815,NA,NA
"Kiribati",2019,"KIR",52.01,"Oceania",10.9191725314566,123921,NA,NA
"Kiribati",2020,"KIR",47.58,"Oceania",-8.51759277062103,126099,NA,NA
"Latvia",2003,"LVA",12.73,"Europe",NA,2287955,77.0435385879083,20.418
"Latvia",2004,"LVA",12.34,"Europe",-3.06362922230951,2263122,79.0500030517578,21.798
"Latvia",2005,"LVA",10.89,"Europe",-11.7504051863857,2238799,80.0800018310547,15.141
"Latvia",2006,"LVA",11.46,"Europe",5.23415977961433,2218357,86.0199966430664,13.615
"Latvia",2007,"LVA",11.94,"Europe",4.18848167539266,2200325,80.3300018310547,10.56
"Latvia",2008,"LVA",11.82,"Europe",-1.00502512562813,2177322,82.1600036621094,13.648
"Latvia",2009,"LVA",17.49,"Europe",47.9695431472081,2141669,83.6800003051758,33.432
"Latvia",2010,"LVA",17.81,"Europe",1.82961692395655,2097555,85.2099990844727,36.24
"Latvia",2011,"LVA",16.03,"Europe",-9.99438517686692,2059709,84.8099975585938,31.069
"Latvia",2012,"LVA",14.89,"Europe",-7.11166562694947,2034319,86.0899963378906,28.564
"Latvia",2013,"LVA",13.03,"Europe",-12.4916051040967,2012647,86.8600006103516,23.237
"Latvia",2014,"LVA",12.01,"Europe",-7.82808902532617,1993782,87.8000030517578,19.595
"Latvia",2015,"LVA",10.52,"Europe",-12.40632805995,1977527,88.2900009155273,16.316
"Latvia",2016,"LVA",11.21,"Europe",6.55893536121674,1959537,88.7300033569336,17.271
"Latvia",2017,"LVA",10.26,"Europe",-8.47457627118645,1942248,NA,16.971
"Latvia",2018,"LVA",7.84,"Europe",-23.5867446393762,1927174,90.3000030517578,12.192
"Latvia",2019,"LVA",7.86,"Europe",0.255102040816332,1913822,90.9300003051758,12.415
"Latvia",2020,"LVA",7.06,"Europe",-10.1781170483461,1900449,NA,14.868
"Latvia",2021,"LVA",8.63,"Europe",22.2379603399434,1884490,89.2987290021353,14.785
"Lebanon",2007,"LBN",21.3,"Asia",NA,4844118,32.9300003051758,21.837
"Lebanon",2019,"LBN",23.52,"Asia",10.4225352112676,5794594,42.4420566474187,23.28
"Lesotho",2019,"LSO",35.15,"Africa",NA,2209405,NA,25.318
"Liberia",2010,"LBR",24.28,"Africa",NA,4058890,21.7452255269655,3.151
"Liberia",2014,"LBR",15.13,"Africa",-37.6853377265239,4564293,NA,1.554
"Liberia",2016,"LBR",13.23,"Africa",-12.5578321216127,4755608,21.631290435791,2.305
"Liberia",2017,"LBR",40.78,"Africa",208.238851095994,4848925,25.7939576468879,2.3
"Lithuania",2004,"LTU",9.88,"Europe",NA,3377075,74.2240488903674,20.252
"Lithuania",2005,"LTU",8.77,"Europe",-11.2348178137652,3322528,74.1800003051758,15.766
"Lithuania",2006,"LTU",8.32,"Europe",-5.13112884834663,3269909,75.8600006103516,9.984
"Lithuania",2007,"LTU",7.07,"Europe",-15.0240384615385,3231294,76.5400009155273,8.394
"Lithuania",2008,"LTU",8.85,"Europe",25.1768033946252,3198231,78.3499984741211,13.353
"Lithuania",2009,"LTU",12.12,"Europe",36.9491525423729,3162916,79.4300003051758,29.584
"Lithuania",2010,"LTU",13.17,"Europe",8.66336633663367,3097282,80.5500030517578,35.744
"Lithuania",2011,"LTU",11.82,"Europe",-10.250569476082,3028115,81.6699981689453,32.587
"Lithuania",2012,"LTU",11.17,"Europe",-5.49915397631134,2989139,81.5500030517578,26.684
"Lithuania",2013,"LTU",11.14,"Europe",-0.268576544315124,2961250,82.3099975585938,21.896
"Lithuania",2014,"LTU",9.91,"Europe",-11.0412926391382,2937253,83.3300018310547,19.258
"Lithuania",2015,"LTU",9.2,"Europe",-7.16448032290616,2911109,84.3099975585938,16.302
"Lithuania",2016,"LTU",9.41,"Europe",2.28260869565218,2877325,86.2200012207031,14.455
"Lithuania",2017,"LTU",9.15,"Europe",-2.76301806588735,2842639,87.3099975585938,13.266
"Lithuania",2018,"LTU",8.04,"Europe",-12.1311475409836,2819200,88.5540465271884,11.117
"Lithuania",2019,"LTU",8.65,"Europe",7.58706467661693,2811089,89.6794919346865,11.85
"Lithuania",2020,"LTU",10.76,"Europe",24.393063583815,2810369,89.870002746582,19.556
"Lithuania",2021,"LTU",11.32,"Europe",5.20446096654276,2808380,91.1112647101831,14.304
"Luxembourg",2003,"LUX",5.14,"Europe",NA,451630,50.5299987792969,10.891
"Luxembourg",2004,"LUX",6.25,"Europe",21.5953307392996,458095,57.9036088763613,16.818
"Luxembourg",2005,"LUX",5.5,"Europe",-12,465158,60.5850448676279,13.64
"Luxembourg",2006,"LUX",6.69,"Europe",21.6363636363636,472637,60.4663559578401,15.986
"Luxembourg",2007,"LUX",5.66,"Europe",-15.3961136023916,479993,61.7200012207031,14.843
"Luxembourg",2008,"LUX",6.21,"Europe",9.7173144876325,488650,62.6925761242745,17.784
"Luxembourg",2009,"LUX",5.79,"Europe",-6.76328502415459,497783,75.2600021362305,16.781
"Luxembourg",2010,"LUX",5.12,"Europe",-11.5716753022452,506953,75.5199966430664,13.917
"Luxembourg",2011,"LUX",4.74,"Europe",-7.421875,518347,74.9100036621094,18.048
"Luxembourg",2012,"LUX",5.89,"Europe",24.2616033755274,530946,76.25,16.578
"Luxembourg",2013,"LUX",4.99,"Europe",-15.2801358234295,543360,78.3000030517578,16.289
"Luxembourg",2014,"LUX",6.26,"Europe",25.4509018036072,556319,79.5699996948242,24.278
"Luxembourg",2015,"LUX",6.17,"Europe",-1.43769968051118,569604,69.0699996948242,17.5
"Luxembourg",2016,"LUX",5.37,"Europe",-12.9659643435981,582014,NA,21.987
"Luxembourg",2017,"LUX",5.91,"Europe",10.0558659217877,596336,NA,15.477
"Luxembourg",2018,"LUX",5.28,"Europe",-10.6598984771574,607950,73.0939711225684,14.182
"Luxembourg",2019,"LUX",5.6,"Europe",6.06060606060605,620001,74.2218570973786,16.977
"Luxembourg",2020,"LUX",6.55,"Europe",16.9642857142857,630419,73.6529926130647,23.182
"Luxembourg",2021,"LUX",8.67,"Europe",32.3664122137405,640064,77.0716476137358,18.666
"Madagascar",2012,"MDG",3.79,"Africa",NA,23462438,15.1158032004379,1.01
"Malawi",2005,"MWI",17.24,"Africa",NA,12840031,7.95230058759058,6.624
"Malawi",2011,"MWI",18.07,"Africa",4.81438515081208,15265022,10.4817046496756,6.591
"Malawi",2013,"MWI",19.46,"Africa",7.6923076923077,16161816,11.7435632893741,6.741
"Malawi",2017,"MWI",20.95,"Africa",7.65673175745117,18039715,12.9716259885367,6.827
"Malawi",2020,"MWI",19.41,"Africa",-7.3508353221957,19533888,12.1476697921753,7.865
"Malaysia",2011,"MYS",14.37,"Asia",NA,29162039,NA,9.82
"Malaysia",2012,"MYS",13.95,"Asia",-2.92275574112735,29662831,NA,10.337
"Malaysia",2013,"MYS",13.65,"Asia",-2.1505376344086,30174265,NA,10.135
"Malaysia",2014,"MYS",12.77,"Asia",-6.44688644688645,30696137,NA,9.769
"Malaysia",2016,"MYS",11.69,"Asia",-8.45732184808144,31789685,58.3300018310547,10.835
"Malaysia",2017,"MYS",11.8,"Asia",0.940975192472209,32355644,NA,11.276
"Malaysia",2018,"MYS",12.47,"Asia",5.67796610169491,32910967,NA,11.394
"Malaysia",2019,"MYS",11.41,"Asia",-8.50040096230955,33440596,62.6100006103516,10.974
"Malaysia",2020,"MYS",13.63,"Asia",19.4566170026293,33889558,NA,12.366
"Maldives",2009,"MDV",32.54,"Asia",NA,348275,NA,24.656
"Maldives",2014,"MDV",21.84,"Asia",-32.8826060233559,413617,17.3506367206136,18.33
"Maldives",2016,"MDV",23.79,"Asia",8.92857142857143,443308,22.884943205447,15.05
"Maldives",2019,"MDV",26.27,"Asia",10.4245481294662,487731,NA,13.497
"Mali",2010,"MLI",13.47,"Africa",NA,15945198,NA,2.176
"Mali",2013,"MLI",18.22,"Africa",35.2635486265776,17459615,NA,2.279
"Mali",2014,"MLI",21.31,"Africa",16.9593852908891,18020267,5.63864113364767,2.241
"Mali",2015,"MLI",24.94,"Africa",17.0342562177382,18593022,7.51000022888184,2.169
"Mali",2016,"MLI",33.98,"Africa",36.2469927826784,19191289,5.6399998664856,2.134
"Mali",2017,"MLI",28.56,"Africa",-15.9505591524426,19813011,6.03483400784169,2.23
"Mali",2018,"MLI",26.72,"Africa",-6.44257703081232,20442030,7.11999988555908,2.321
"Mali",2020,"MLI",30.86,"Africa",15.4940119760479,21713836,5.40999984741211,6.733
"Malta",2004,"MLT",12.22,"Europe",NA,401268,NA,18.579
"Malta",2005,"MLT",11.9,"Europe",-2.61865793780688,403834,22.7700004577637,16.116
"Malta",2006,"MLT",10.34,"Europe",-13.109243697479,405308,NA,15.459
"Malta",2007,"MLT",11.54,"Europe",11.605415860735,406724,23.0599994659424,13.489
"Malta",2008,"MLT",8.27,"Europe",-28.3362218370884,409379,26.7146173391839,11.617
"Malta",2009,"MLT",9.88,"Europe",19.4679564691657,412477,28.5354493571736,14.491
"Malta",2010,"MLT",9.53,"Europe",-3.5425101214575,414508,25.8700008392334,13.229
"Malta",2011,"MLT",10.18,"Europe",6.82056663168941,416268,27.3700008392334,13.325
"Malta",2012,"MLT",10.82,"Europe",6.286836935167,420028,32.439998626709,13.825
"Malta",2013,"MLT",9.91,"Europe",-8.41035120147874,424810,34.4799995422363,12.71
"Malta",2014,"MLT",10.27,"Europe",3.6326942482341,433481,35.7700004577637,11.677
"Malta",2015,"MLT",10.54,"Europe",2.62901655306718,444220,36.9099998474121,11.653
"Malta",2016,"MLT",8.76,"Europe",-16.888045540797,454505,38.0699996948242,10.696
"Malta",2017,"MLT",8.59,"Europe",-1.94063926940639,467106,NA,10.57
"Malta",2018,"MLT",7.28,"Europe",-15.2502910360885,483903,45.2200012207031,9.049
"Malta",2019,"MLT",8.56,"Europe",17.5824175824176,503912,51.975994340011,9.302
"Malta",2020,"MLT",9.3,"Europe",8.64485981308411,515490,48.2700004577637,10.872
"Malta",2021,"MLT",13.5,"Europe",45.1612903225806,518150,56.1607146317587,9.406
"Marshall Islands",2019,"MHL",42.94,"Oceania",NA,44007,64.7409683839203,NA
"Mauritania",2012,"MRT",39.7,"Africa",NA,3619034,NA,15.087
"Mauritania",2017,"MRT",35.53,"Africa",-10.5037783375315,4210600,NA,20.967
"Mauritania",2019,"MRT",44.08,"Africa",24.0641711229946,4467708,NA,23.372
"Mauritius",2001,"MUS",33.84,"Africa",NA,1196287,NA,27.842
"Mauritius",2002,"MUS",30.22,"Africa",-10.6973995271868,1204621,NA,25.739
"Mauritius",2003,"MUS",27.36,"Africa",-9.46393117140966,1213370,NA,25.233
"Mauritius",2004,"MUS",27.99,"Africa",2.30263157894737,1221003,NA,24.659
"Mauritius",2005,"MUS",28.48,"Africa",1.75062522329404,1228254,NA,25.657
"Mauritius",2006,"MUS",22.23,"Africa",-21.9452247191011,1233996,NA,23.251
"Mauritius",2007,"MUS",20.61,"Africa",-7.28744939271256,1239630,40.3380333081653,24.515
"Mauritius",2008,"MUS",21.34,"Africa",3.54196991751577,1244121,39.5240105785597,19.206
"Mauritius",2009,"MUS",21.83,"Africa",2.29615745079662,1247429,NA,21.439
"Mauritius",2010,"MUS",21.52,"Africa",-1.42006413192853,1250400,42.0400852512234,23.524
"Mauritius",2011,"MUS",21.54,"Africa",0.0929368029739757,1252404,43.5800018310547,21.588
"Mauritius",2012,"MUS",21.61,"Africa",0.324976787372332,1255882,44.096645435703,23.574
"Mauritius",2013,"MUS",21.17,"Africa",-2.03609440074039,1258927,45.3317058447176,22.175
"Mauritius",2014,"MUS",20.86,"Africa",-1.4643363249882,1261208,47.0619648931112,24.728
"Mauritius",2015,"MUS",20.09,"Africa",-3.69127516778523,1262879,48.3445768595436,25.564
"Mauritius",2016,"MUS",20.32,"Africa",1.14484818317571,1263747,48.6779245349184,22.979
"Mauritius",2017,"MUS",19.94,"Africa",-1.87007874015748,1264887,49.0464475976792,24.231
"Mauritius",2018,"MUS",20.46,"Africa",2.60782347041123,1265577,49.847090351973,24.196
"Mauritius",2019,"MUS",18.08,"Africa",-11.6324535679374,1265985,NA,22.083
"Mauritius",2021,"MUS",32.42,"Africa",79.3141592920354,1266334,NA,24.852
"Mexico",2005,"MEX",21.46,"North America",NA,105811504,25.8799991607666,6.878
"Mexico",2006,"MEX",21.3,"North America",-0.745573159366263,107253666,30.2600002288818,6.98
"Mexico",2007,"MEX",21.09,"North America",-0.98591549295775,108774360,30.2099990844727,7.124
"Mexico",2008,"MEX",21.91,"North America",3.88809862494073,110374288,30.3500003814697,7.594
"Mexico",2009,"MEX",22.14,"North America",1.04974897307166,111999721,31.3500003814697,10.012
"Mexico",2010,"MEX",22.18,"North America",0.180668473351396,113623895,29.2000007629394,9.704
"Mexico",2011,"MEX",21.82,"North America",-1.62308385933273,115243504,31.2047459662045,9.765
"Mexico",2012,"MEX",21.14,"North America",-3.11640696608616,116818208,33.7999992370605,9.357
"Mexico",2013,"MEX",20.47,"North America",-3.16934720908232,118343573,31.6299991607666,9.398
"Mexico",2014,"MEX",20.28,"North America",-0.928187591597449,119784261,31.7999992370606,9.418
"Mexico",2015,"MEX",19.72,"North America",-2.7613412228797,121072306,33.3499984741211,8.516
"Mexico",2016,"MEX",19.5,"North America",-1.1156186612576,122251351,33.2900009155273,7.621
"Mexico",2017,"MEX",18.7,"North America",-4.10256410256411,123400057,34.1100006103516,6.849
"Mexico",2018,"MEX",18.41,"North America",-1.55080213903743,124573711,35.6500015258789,6.815
"Mexico",2019,"MEX",18.3,"North America",-0.597501357957629,125762982,36.7302002654603,7.16
"Mexico",2020,"MEX",20.38,"North America",11.3661202185792,126799054,38.560001373291,8.053
"Mexico",2021,"MEX",18.35,"North America",-9.96074582924435,127648148,39.3577259193158,7.626
"Mexico",2022,"MEX",17.32,"North America",-5.61307901907358,128613117,37.9,6.465
"Moldova",2000,"MDA",24.85,"Europe",NA,2924668,NA,16.003
"Moldova",2001,"MDA",24.77,"Europe",-0.321931589537231,2918135,NA,16.495
"Moldova",2002,"MDA",25.57,"Europe",3.22971336293904,2911385,70.3120535261619,15.334
"Moldova",2003,"MDA",25.14,"Europe",-1.68165819319515,2903198,71.182451478807,14.85
"Moldova",2004,"MDA",26.59,"Europe",5.76770087509944,2896023,72.2367203711735,15.492
"Moldova",2005,"MDA",26.44,"Europe",-0.564121850319664,2888985,72.1138337398681,14.642
"Moldova",2006,"MDA",23.6,"Europe",-10.7413010590015,2880967,73.339625241872,9.696
"Moldova",2007,"MDA",22.85,"Europe",-3.17796610169492,2874299,72.9199981689453,7.52
"Moldova",2008,"MDA",20.54,"Europe",-10.109409190372,2868833,74.1999969482422,5.799
"Moldova",2009,"MDA",21.23,"Europe",3.35929892891919,2865213,75.1900024414062,6.605
"Moldova",2010,"MDA",19.45,"Europe",-8.3843617522374,2862354,74.4000015258789,5.607
"Moldova",2011,"MDA",19.72,"Europe",1.38817480719794,2860699,74.4400024414062,4.841
"Moldova",2012,"MDA",19.28,"Europe",-2.2312373225152,2860324,74.5500030517578,3.444
"Moldova",2013,"MDA",18.63,"Europe",-3.37136929460582,2859558,74.1100006103516,2.936
"Moldova",2014,"MDA",16.85,"Europe",-9.55448201825012,2857815,74.7200012207031,2.287
"Moldova",2015,"MDA",15.77,"Europe",-6.40949554896143,2835978,74.7300033569336,3.251
"Moldova",2016,"MDA",16.27,"Europe",3.17057704502219,2803186,72.6785163222252,2.995
"Moldova",2017,"MDA",16.92,"Europe",3.99508297480026,2755189,74.0071317255579,3.894
"Moldova",2018,"MDA",17.83,"Europe",5.37825059101653,2707203,75.2399978637695,3.166
"Moldova",2019,"MDA",17.48,"Europe",-1.96298373527761,2664224,74.5400009155273,3.131
"Moldova",2020,"MDA",15.59,"Europe",-10.812356979405,2635130,74.7600021362305,4.015
"Moldova",2021,"MDA",13.55,"Europe",-13.085311096857,2595809,74.7600021362305,1.777
"Moldova",2022,"MDA",14.96,"Europe",10.4059040590406,2528654,74.75,2.855
"Mongolia",2003,"MNG",19.84,"Asia",NA,2480374,59.0489661503616,10.645
"Mongolia",2006,"MNG",18.51,"Asia",-6.70362903225806,2567168,61.4679501199372,11.71
"Mongolia",2008,"MNG",17.84,"Asia",-3.61966504592113,2643201,64.8961140298818,9.738
"Mongolia",2009,"MNG",18.7,"Asia",4.82062780269058,2691115,65.4980364819218,10.064
"Mongolia",2010,"MNG",17.63,"Asia",-5.72192513368984,2738622,67.5699996948242,14.559
"Mongolia",2011,"MNG",16.54,"Asia",-6.18264322178105,2786317,67.31556720823,10.274
"Mongolia",2012,"MNG",17.59,"Asia",6.34824667472794,2839705,67.2392642746782,8.366
"Mongolia",2013,"MNG",18.39,"Asia",4.5480386583286,2899011,NA,10.581
"Mongolia",2014,"MNG",17.45,"Asia",-5.11147362697119,2963113,77.6869231922225,11.961
"Mongolia",2015,"MNG",16.81,"Asia",-3.6676217765043,3026864,78.0789137260274,12.738
"Mongolia",2016,"MNG",20.45,"Asia",21.6537775133849,3088856,79.135149095672,20.14
"Mongolia",2017,"MNG",19.82,"Asia",-3.08068459657701,3148917,79.5541693832898,17.436
"Mongolia",2018,"MNG",18.88,"Asia",-4.74268415741676,3208189,80.4049911993309,16.46
"Mongolia",2019,"MNG",18.45,"Asia",-2.27754237288135,3267673,78.461540222168,21.857
"Mongolia",2020,"MNG",18.5,"Asia",0.271002710027104,3327204,77.0733413696289,15.947
"Mongolia",2021,"MNG",17.18,"Asia",-7.13513513513514,3383741,79.8019787591645,17.464
"Montenegro",2011,"MNE",16.32,"Europe",NA,620345,72.5599975585938,37.039
"Montenegro",2012,"MNE",16.94,"Europe",3.79901960784314,621418,76.8832666061057,44.038
"Montenegro",2013,"MNE",17.87,"Europe",5.48996458087367,622587,77.297325524433,41.825
"Montenegro",2014,"MNE",17.72,"Europe",-0.839395635142709,623744,77.8178956894038,36.008
"Montenegro",2015,"MNE",19.15,"Europe",8.06997742663657,624651,78.6588176413347,37.722
"Montenegro",2016,"MNE",18.4,"Europe",-3.91644908616188,625353,79.2000317363869,36.061
"Montenegro",2017,"MNE",16.69,"Europe",-9.29347826086955,625982,79.9969960781922,31.846
"Montenegro",2018,"MNE",16.3,"Europe",-2.33672857998802,626438,80.6169743609381,29.61
"Montenegro",2019,"MNE",17.34,"Europe",6.3803680981595,626753,81.8239956037765,25.305
"Montenegro",2020,"MNE",21.09,"Europe",21.6262975778547,626590,81.9217723455169,36.216
"Myanmar",2015,"MMR",18.62,"Asia",NA,51089056,6.88046381134435,1.588
"Myanmar",2017,"MMR",16.59,"Asia",-10.9022556390977,51894938,15.3319144075,3.586
"Myanmar",2018,"MMR",12.79,"Asia",-22.9053646775166,52272247,15.4172948309892,1.843
"Myanmar",2019,"MMR",13.78,"Asia",7.74042220484754,52640713,22.7600002288818,1.313
"Myanmar",2020,"MMR",15.02,"Asia",8.99854862119013,53016522,NA,4.955
"Namibia",1994,"NAM",25.14,"Africa",NA,1556304,39.4598039945578,35.562
"Namibia",2010,"NAM",34.12,"Africa",35.719968178202,2109811,NA,44.529
"Namibia",2012,"NAM",31.15,"Africa",-8.70457209847596,2194654,7.63892287099215,34.093
"Namibia",2013,"NAM",32.01,"Africa",2.76083467094703,2252508,8.31469409023598,40.504
"Namibia",2014,"NAM",30.47,"Africa",-4.81099656357388,2312139,7.76275023066809,38.733
"Namibia",2016,"NAM",33.55,"Africa",10.1083032490975,2439213,NA,44.21
"Namibia",2018,"NAM",31.88,"Africa",-4.97764530551415,2577327,NA,37.974
"Nauru",2013,"NRU",36.4,"Oceania",NA,10517,NA,NA
"Nepal",2008,"NPL",23.13,"Asia",NA,26990037,19.8068646945664,19.217
"Nepal",2017,"NPL",34.76,"Asia",50.2810203199308,28011258,NA,19.571
"Netherlands",2003,"NLD",4.78,"Europe",NA,16225302,63.9171015152637,6.531
"Netherlands",2004,"NLD",4.86,"Europe",1.67364016736402,16281779,64.7300033569336,7.915
"Netherlands",2005,"NLD",6.43,"Europe",32.3045267489712,16319868,64.9499969482422,11.542
"Netherlands",2006,"NLD",4.9,"Europe",-23.7947122861586,16346101,64.708899175946,9.762
"Netherlands",2007,"NLD",4.27,"Europe",-12.8571428571429,16381696,67.4499969482422,9.102
"Netherlands",2008,"NLD",3.91,"Europe",-8.43091334894612,16445593,66.2200012207031,8.32
"Netherlands",2009,"NLD",4.96,"Europe",26.8542199488491,16530388,66.3399963378906,9.876
"Netherlands",2010,"NLD",4.83,"Europe",-2.62096774193548,16615394,66.7699966430664,10.77
"Netherlands",2011,"NLD",4.31,"Europe",-10.7660455486543,16693074,66.4100036621094,9.78
"Netherlands",2012,"NLD",4.85,"Europe",12.5290023201856,16754962,67.0999984741211,11.457
"Netherlands",2013,"NLD",5.65,"Europe",16.4948453608248,16804432,69.5299987792969,12.943
"Netherlands",2014,"NLD",5.53,"Europe",-2.12389380530974,16865008,69.4199981689453,12.529
"Netherlands",2015,"NLD",4.67,"Europe",-15.5515370705244,16939923,69.5699996948242,11.103
"Netherlands",2016,"NLD",4.57,"Europe",-2.14132762312633,17030314,69.9899978637695,10.639
"Netherlands",2017,"NLD",4,"Europe",-12.472647702407,17131296,72.7198793783845,8.715
"Netherlands",2018,"NLD",4.18,"Europe",4.49999999999999,17231624,71.0999984741211,7.044
"Netherlands",2019,"NLD",4.26,"Europe",1.91387559808613,17344874,73.8042606493922,6.604
"Netherlands",2020,"NLD",4.52,"Europe",6.10328638497652,17441500,72.9599990844727,8.875
"Netherlands",2021,"NLD",5.11,"Europe",13.0530973451328,17533044,73.8152267342655,9.331
"New Caledonia",2014,"NCL",11.84,"Oceania",NA,281224,NA,38.207
"New Caledonia",2017,"NCL",39.24,"Oceania",231.418918918919,283546,NA,36.413
"New Caledonia",2018,"NCL",32.43,"Oceania",-17.3547400611621,283541,NA,39.948
"New Caledonia",2019,"NCL",27.91,"Oceania",-13.9377119950663,283606,62.7930297851562,32.409
"New Caledonia",2020,"NCL",33.02,"Oceania",18.3088498745969,284176,NA,46.146
"New Zealand",2004,"NZL",10.79,"Oceania",NA,4087500,NA,9.656
"New Zealand",2005,"NZL",11.12,"Oceania",3.05838739573679,4133900,NA,9.752
"New Zealand",2006,"NZL",10.73,"Oceania",-3.50719424460431,4184600,72.7699966430664,9.946
"New Zealand",2007,"NZL",10.98,"Oceania",2.32991612301957,4223800,NA,10.101
"New Zealand",2008,"NZL",11.24,"Oceania",2.36794171220401,4259800,NA,11.411
"New Zealand",2009,"NZL",14.25,"Oceania",26.779359430605,4302600,NA,16.759
"New Zealand",2010,"NZL",13.65,"Oceania",-4.21052631578947,4350700,NA,17.421
"New Zealand",2011,"NZL",13.46,"Oceania",-1.39194139194139,4384000,67.9899978637695,17.512
"New Zealand",2012,"NZL",13.78,"Oceania",2.37741456166418,4408100,68.7600021362305,18.003
"New Zealand",2013,"NZL",12.22,"Oceania",-11.3207547169811,4442100,NA,15.302
"New Zealand",2014,"NZL",11.65,"Oceania",-4.6644844517185,4516500,69.4899978637695,14.109
"New Zealand",2015,"NZL",11.54,"Oceania",-0.944206008583701,4609400,69.6600036621094,13.872
"New Zealand",2016,"NZL",12.18,"Oceania",5.54592720970538,4714100,70.0299987792969,13.474
"New Zealand",2017,"NZL",11.92,"Oceania",-2.13464696223317,4813600,NA,12.968
"New Zealand",2018,"NZL",12.05,"Oceania",1.09060402684564,4900600,NA,11.83
"New Zealand",2019,"NZL",11.62,"Oceania",-3.56846473029047,4979200,NA,11.294
"New Zealand",2020,"NZL",12.94,"Oceania",11.3597246127367,5090200,75.1100006103516,12.442
"New Zealand",2021,"NZL",11.85,"Oceania",-8.42349304482225,5111300,NA,10.49
"Nicaragua",2001,"NIC",26.08,"North America",NA,5087825,14.9,11.477
"Nicaragua",2005,"NIC",22.82,"North America",-12.5,5342105,18.2,8.674
"Nicaragua",2012,"NIC",15.02,"North America",-34.1805433829974,5901287,25.8626731748979,8.142
"Nicaragua",2014,"NIC",24.49,"North America",63.0492676431425,6066492,26.7,8.437
"Niger",2011,"NER",19.43,"Africa",NA,17176283,2.47877175297484,0.466
"Niger",2014,"NER",25.2,"Africa",29.6963458569223,19215909,2.02615553743375,0.674
"Niger",2017,"NER",68.66,"Africa",172.460317460317,21435446,2.08943520186499,0.733
"Nigeria",2011,"NGA",29.09,"Africa",NA,171379598,NA,8.183
"Nigeria",2013,"NGA",27.85,"Africa",-4.26263320728772,181049443,NA,7.984
"Nigeria",2016,"NGA",27.06,"Africa",-2.83662477558349,195443700,38.8324203491211,9.318
"Nigeria",2019,"NGA",36.65,"Africa",35.439763488544,209485641,39.2685203552246,10.423
"North Macedonia",2006,"MKD",34.48,"Europe",NA,1994287,51.8113922949686,60.112
"North Macedonia",2007,"MKD",33.65,"Europe",-2.40719257540603,1982933,54.7300570868853,58.213
"North Macedonia",2008,"MKD",31.24,"Europe",-7.16196136701337,1971493,53.4685962037339,56.802
"North Macedonia",2009,"MKD",27.94,"Europe",-10.5633802816901,1958782,55.5553109520438,55.156
"North Macedonia",2010,"MKD",26.42,"Europe",-5.4402290622763,1946298,57.1032136769685,55.198
"North Macedonia",2011,"MKD",25.32,"Europe",-4.16351249053748,1937398,58.3066093666083,55.109
"North Macedonia",2012,"MKD",25.23,"Europe",-0.355450236966824,1929821,59.645118714887,53.713
"North Macedonia",2013,"MKD",24.64,"Europe",-2.33848592944907,1922716,60.6467546769108,51.588
"North Macedonia",2014,"MKD",25.69,"Europe",4.26136363636364,1917557,61.4638086717181,53.073
"North Macedonia",2015,"MKD",24.93,"Europe",-2.95834955235501,1912430,62.277834657197,47.478
"North Macedonia",2016,"MKD",24.98,"Europe",0.20056157240273,1906313,63.7399607674655,48.48
"North Macedonia",2017,"MKD",25.61,"Europe",2.52201761409127,1898657,NA,46.759
"North Macedonia",2018,"MKD",25.08,"Europe",-2.06950409996096,1889051,53.4467811584473,45.495
"North Macedonia",2019,"MKD",18.81,"Europe",-25,1876262,NA,35.353
"North Macedonia",2020,"MKD",19.81,"Europe",5.31632110579479,1856124,68.3000030517578,35.622
"North Macedonia",2021,"MKD",18.36,"Europe",-7.31953558808682,1837114,69.5329199114654,36.097
"North Macedonia",2022,"MKD",18.45,"Europe",0.490196078431372,1831712,70.5153081423898,32.595
"Norway",2003,"NOR",10.01,"Europe",NA,4564855,NA,11.78
"Norway",2004,"NOR",9.18,"Europe",-8.29170829170829,4591910,70.6100006103516,12.727
"Norway",2005,"NOR",11.3,"Europe",23.0936819172113,4623291,71.2699966430664,11.251
"Norway",2006,"NOR",4.56,"Europe",-59.646017699115,4660677,73.25,8.602
"Norway",2007,"NOR",4.41,"Europe",-3.28947368421052,4709153,73.7699966430664,7.305
"Norway",2008,"NOR",4.13,"Europe",-6.34920634920635,4768212,74.9300003051758,7.391
"Norway",2009,"NOR",5,"Europe",21.0653753026634,4828726,74.8899993896484,9.011
"Norway",2010,"NOR",4.9,"Europe",-1.99999999999999,4889252,75.4100036621094,9.192
"Norway",2011,"NOR",5.04,"Europe",2.85714285714285,4953088,75.9899978637695,8.38
"Norway",2012,"NOR",5.16,"Europe",2.38095238095238,5018573,80.9221100868499,8.346
"Norway",2013,"NOR",5.63,"Europe",9.10852713178294,5079623,81.4295679783411,9.003
"Norway",2014,"NOR",5.47,"Europe",-2.84191829484903,5137232,77.0100021362305,7.761
"Norway",2015,"NOR",5.03,"Europe",-8.04387568555758,5188607,77.4899978637695,9.779
"Norway",2016,"NOR",5.37,"Europe",6.75944333996024,5234519,77.8399963378906,11.021
"Norway",2017,"NOR",4.59,"Europe",-14.5251396648045,5276968,78.2200012207031,10.243
"Norway",2018,"NOR",4.85,"Europe",5.66448801742919,5311916,82.1633464745519,9.562
"Norway",2019,"NOR",4.75,"Europe",-2.06185567010309,5347896,78.75,9.782
"Norway",2020,"NOR",4.9,"Europe",3.15789473684211,5379475,NA,11.188
"Norway",2021,"NOR",6.32,"Europe",28.9795918367347,5408320,81.8810132531688,12.835
"Pakistan",2006,"PAK",36.17,"Asia",NA,179682690,23.3500003814697,0.939
"Pakistan",2007,"PAK",34.97,"Asia",-3.31766657450927,184493231,20.3912199728416,0.82
"Pakistan",2008,"PAK",33.33,"Asia",-4.6897340577638,189499113,23.0300006866455,0.99
"Pakistan",2009,"PAK",31.47,"Asia",-5.58055805580558,194376534,23.2999992370606,1.08
"Pakistan",2010,"PAK",31.1,"Asia",-1.1757229107086,199239047,23.8799991607666,1.287
"Pakistan",2011,"PAK",32,"Asia",2.89389067524115,203746065,24.2600002288818,1.719
"Pakistan",2013,"PAK",31.01,"Asia",-3.09375,211073978,26.0699996948242,5.98
"Pakistan",2014,"PAK",30.91,"Asia",-0.322476620445022,214264647,27.7199993133545,4.052
"Pakistan",2015,"PAK",30.41,"Asia",-1.61759948236817,217290883,25.4954239952493,6.682
"Pakistan",2018,"PAK",30.96,"Asia",1.80861558697797,226928892,26.0640049316992,7.864
"Pakistan",2019,"PAK",29.71,"Asia",-4.0374677002584,230800899,15.1435604095459,9.598
"Pakistan",2021,"PAK",34.56,"Asia",16.3244698754628,239477801,16.4568099975586,11.053
"Palau",2000,"PLW",27.23,"Oceania",NA,19178,66.8119185019432,NA
"Palau",2014,"PLW",13.26,"Oceania",-51.3037091443261,17715,83.8312563095342,NA
"Palau",2020,"PLW",18.04,"Oceania",36.0482654600302,17792,87.5593775593775,NA
"Panama",1997,"PAN",25.41,"North America",NA,2836695,39.0925684452831,13.648
"Panama",2003,"PAN",23.53,"North America",-7.39866194411649,3189807,36.1,13.946
"Panama",2008,"PAN",22.04,"North America",-6.33234169145772,3500648,40.1,12.97
"Panama",2009,"PAN",20.08,"North America",-8.8929219600726,3564381,41,13.269
"Panama",2010,"PAN",20.89,"North America",4.03386454183268,3628535,43,13.43
"Panama",2011,"PAN",21.03,"North America",0.670177118238394,3693505,43.3,11.099
"Panama",2012,"PAN",17.59,"North America",-16.3575844032335,3759256,45.3415910802169,9.583
"Panama",2013,"PAN",16.98,"North America",-3.46787947697555,3825329,45.1,9.896
"Panama",2014,"PAN",18.76,"North America",10.4829210836278,3892101,46.1,11.523
"Panama",2015,"PAN",18.45,"North America",-1.65245202558637,3960035,46.8,11.675
"Panama",2016,"PAN",17.09,"North America",-7.37127371273712,4029086,47.8,12.295
"Panama",2017,"PAN",17.2,"North America",0.643651258045637,4098707,47.2,14.817
"Panama",2018,"PAN",16.38,"North America",-4.76744186046512,4167860,47.2,14.1
"Panama",2019,"PAN",16.68,"North America",1.83150183150184,4234700,54.310001373291,17.128
"Panama",2020,"PAN",18.74,"North America",12.3501199040767,4293261,54.1473088932791,33.033
"Panama",2021,"PAN",19.3,"North America",2.98826040554964,4345405,51.4,22.338
"Panama",2022,"PAN",17.56,"North America",-9.01554404145079,4400773,51.3,19.186
"Papua New Guinea",2010,"PNG",35.5,"Oceania",NA,7633523,23.0182664503048,3.574
"Paraguay",1998,"PRY",23.78,"South America",NA,4900025,17.7259675408774,9.48
"Paraguay",1999,"PRY",23.9,"South America",0.504625735912521,5003135,17.3431259222997,10.106
"Paraguay",2001,"PRY",21.45,"South America",-10.2510460251046,5187689,20.2,11.22
"Paraguay",2002,"PRY",25.03,"South America",16.6899766899767,5261328,18.6,16.531
"Paraguay",2003,"PRY",21.85,"South America",-12.7047542948462,5326436,24.0799999237061,13.35
"Paraguay",2004,"PRY",20.57,"South America",-5.85812356979406,5388175,21.4,11.927
"Paraguay",2005,"PRY",18.88,"South America",-8.2158483228002,5448097,29.6200008392334,10.33
"Paraguay",2006,"PRY",19.19,"South America",1.64194915254239,5505148,27.3500003814697,11.076
"Paraguay",2007,"PRY",19.56,"South America",1.92808754559665,5559386,26.4200000762939,10.411
"Paraguay",2008,"PRY",17.55,"South America",-10.2760736196319,5613574,28.6200008392334,9.594
"Paraguay",2009,"PRY",18.01,"South America",2.62108262108263,5671236,27.1399993896484,11.746
"Paraguay",2010,"PRY",19.5,"South America",8.27318156579677,5737971,29.1,10.614
"Paraguay",2011,"PRY",16.91,"South America",-13.2820512820513,5814626,33.1,11.361
"Paraguay",2012,"PRY",16.02,"South America",-5.26315789473685,5897008,32.1399993896484,10.045
"Paraguay",2013,"PRY",14.58,"South America",-8.98876404494382,5982445,36.0299987792969,9.497
"Paraguay",2014,"PRY",16.83,"South America",15.4320987654321,6069811,36.560001373291,11.097
"Paraguay",2015,"PRY",17.45,"South America",3.68389780154487,6159103,38.7900009155273,10.922
"Paraguay",2016,"PRY",18.57,"South America",6.41833810888253,6249126,36.6399993896484,11.529
"Paraguay",2017,"PRY",18.59,"South America",0.107700592353256,6338660,38.1,14.28
"Peru",2002,"PER",13.73,"South America",NA,27288217,43.6,5.935
"Peru",2003,"PER",20.32,"South America",47.9970866715222,27580490,43.2,6.364
"Peru",2004,"PER",19.67,"South America",-3.19881889763779,27852190,46.7799987792969,7.737
"Peru",2005,"PER",23.99,"South America",21.9623792577529,28101180,44.0400009155273,8.429
"Peru",2006,"PER",18.74,"South America",-21.8841183826594,28324491,44.0499992370605,7.153
"Peru",2007,"PER",16.99,"South America",-9.33831376734258,28530699,46.7000007629395,7.541
"Peru",2008,"PER",16.64,"South America",-2.0600353148911,28719041,46.8699989318848,7.432
"Peru",2009,"PER",16.08,"South America",-3.36538461538463,28896811,47,7.11
"Peru",2010,"PER",15.19,"South America",-5.53482587064676,29086019,52.939998626709,6.843
"Peru",2011,"PER",15.83,"South America",4.21329822251482,29304086,53.5200004577637,7.001
"Peru",2012,"PER",15.24,"South America",-3.72710044219836,29550366,55.9900016784668,6.848
"Peru",2013,"PER",16.33,"South America",7.1522309711286,29817919,55.810001373291,7.008
"Peru",2014,"PER",16.65,"South America",1.95958358848745,30115826,55.9300003051758,7.55
"Peru",2015,"PER",18.59,"South America",11.6516516516517,30457600,56.0200004577637,6.877
"Peru",2016,"PER",19.2,"South America",3.28133405056482,30866494,52.9,8.272
"Peru",2017,"PER",17.35,"South America",-9.63541666666666,31324637,53.5,8.319
"Peru",2018,"PER",17.75,"South America",2.30547550432276,31897584,58.0400009155273,8.342
"Peru",2019,"PER",16.87,"South America",-4.95774647887323,32449303,55.1,7.405
"Peru",2020,"PER",25.68,"South America",52.2228808535862,32838579,55.2,12.659
"Peru",2021,"PER",22.7,"South America",-11.6043613707165,33155882,54.8,9.586
"Philippines",2006,"PHL",24.68,"Asia",NA,89508986,NA,10.018
"Philippines",2007,"PHL",25.03,"Asia",1.41815235008104,91075184,NA,8.742
"Philippines",2008,"PHL",24.75,"Asia",-1.11865761086696,92699095,NA,9.844
"Philippines",2009,"PHL",24.81,"Asia",0.242424242424237,94384250,NA,10.149
"Philippines",2010,"PHL",25.32,"Asia",2.05562273276905,96337125,55.9700012207031,9.736
"Philippines",2011,"PHL",24.42,"Asia",-3.55450236966824,98248614,NA,9.477
"Philippines",2012,"PHL",24.83,"Asia",1.67895167895166,100175512,NA,9.361
"Philippines",2013,"PHL",24.3,"Asia",-2.13451469995972,102076336,58.4599990844727,9.165
"Philippines",2014,"PHL",23.35,"Asia",-3.90946502057613,103767130,NA,9.465
"Philippines",2015,"PHL",22.84,"Asia",-2.18415417558887,105312992,NA,8.509
"Philippines",2016,"PHL",22.2,"Asia",-2.80210157618214,106735719,NA,7.634
"Philippines",2017,"PHL",21.7,"Asia",-2.25225225225225,108119693,57.8848916653618,7.379
"Philippines",2018,"PHL",19.89,"Asia",-8.34101382488479,109465287,NA,6.605
"Philippines",2019,"PHL",18.76,"Asia",-5.68124685771744,110804683,NA,6.696
"Philippines",2020,"PHL",21.05,"Asia",12.2068230277185,112081264,NA,6.987
"Philippines",2021,"PHL",17.47,"Asia",-17.0071258907364,113100950,32.4310847098511,8.434
"Poland",2004,"POL",14.48,"Europe",NA,38182222,75.229380584443,39.674
"Poland",2005,"POL",13.91,"Europe",-3.93646408839779,38165445,76.454425667489,36.574
"Poland",2006,"POL",12.61,"Europe",-9.34579439252337,38141267,77.4255277991736,29.536
"Poland",2007,"POL",10.59,"Europe",-16.0190325138779,38120560,78.0281782594488,21.392
"Poland",2008,"POL",9.04,"Europe",-14.6364494806421,38125759,78.8399963378906,17.098
"Poland",2009,"POL",10.11,"Europe",11.8362831858407,38151603,79.9100036621094,20.472
"Poland",2010,"POL",10.77,"Europe",6.52818991097923,38042794,80.8199996948242,23.576
"Poland",2011,"POL",11.5,"Europe",6.77808727948004,38063255,81.5500030517578,25.529
"Poland",2012,"POL",11.82,"Europe",2.78260869565218,38063164,82.0899963378906,26.312
"Poland",2013,"POL",12.21,"Europe",3.29949238578681,38040196,82.8499984741211,27.156
"Poland",2014,"POL",11.98,"Europe",-1.88370188370189,38011735,83.4899978637695,23.73
"Poland",2015,"POL",10.99,"Europe",-8.26377295492488,37986412,NA,20.684
"Poland",2016,"POL",10.52,"Europe",-4.27661510464059,37970087,84.8600006103516,17.589
"Poland",2017,"POL",9.48,"Europe",-9.88593155893535,37974826,NA,14.763
"Poland",2018,"POL",8.66,"Europe",-8.64978902953587,37974750,NA,11.682
"Poland",2019,"POL",8.13,"Europe",-6.12009237875288,37965475,NA,9.832
"Poland",2020,"POL",8.63,"Europe",6.150061500615,37515748,87.7799987792969,10.831
"Poland",2021,"POL",11.2,"Europe",29.7798377752028,36981559,NA,11.808
"Portugal",2004,"PRT",10.25,"Europe",NA,10483861,20.3299999237061,14.048
"Portugal",2005,"PRT",11.09,"Europe",8.19512195121951,10503330,21.3400001525879,16.217
"Portugal",2006,"PRT",10.61,"Europe",-4.32822362488729,10522288,22.4099998474121,16.502
"Portugal",2007,"PRT",11.16,"Europe",5.1837888784166,10542964,22.2900009155273,16.727
"Portugal",2008,"PRT",10.23,"Europe",-8.33333333333333,10558177,22.7999992370606,16.663
"Portugal",2009,"PRT",11.2,"Europe",9.48191593352882,10568247,24.0599994659424,20.308
"Portugal",2010,"PRT",11.44,"Europe",2.14285714285715,10573100,25.6000003814697,22.753
"Portugal",2011,"PRT",12.55,"Europe",9.70279720279721,10557560,27.8799991607666,30.261
"Portugal",2012,"PRT",13.91,"Europe",10.8366533864542,10514844,30.0200004577637,37.917
"Portugal",2013,"PRT",14.07,"Europe",1.15025161754134,10457295,31.8700008392334,38.086
"Portugal",2014,"PRT",12.28,"Europe",-12.7221037668799,10401062,34.2099990844727,34.754
"Portugal",2015,"PRT",11.27,"Europe",-8.22475570032573,10358076,35.4300003051758,31.947
"Portugal",2016,"PRT",10.55,"Europe",-6.38864241348712,10325452,36.7700004577637,27.95
"Portugal",2017,"PRT",9.34,"Europe",-11.4691943127962,10300300,37.6199989318848,23.869
"Portugal",2018,"PRT",8.37,"Europe",-10.3854389721627,10283822,37.0800018310547,20.305
"Portugal",2019,"PRT",8.02,"Europe",-4.1816009557945,10286263,40.6800003051758,18.279
"Portugal",2020,"PRT",9.06,"Europe",12.9675810473816,10297081,43.4500007629395,22.494
"Portugal",2021,"PRT",7.61,"Europe",-16.0044150110375,10361831,44.0859379938661,23.474
"Romania",2003,"ROU",19.33,"Europe",NA,21574326,60.0366828849929,19.686
"Romania",2004,"ROU",18.84,"Europe",-2.53491981376099,21451748,60.8212788960474,23.161
"Romania",2005,"ROU",16.8,"Europe",-10.828025477707,21319685,62.532315194077,20.554
"Romania",2006,"ROU",14.77,"Europe",-12.0833333333333,21193760,63.5713662897754,21.747
"Romania",2007,"ROU",13.31,"Europe",-9.88490182802978,20882982,64.2699966430664,20.649
"Romania",2008,"ROU",11.57,"Europe",-13.0728775356875,20537875,64.7200012207031,19.24
"Romania",2009,"ROU",13.94,"Europe",20.4840103716508,20367487,64.2300033569336,21.46
"Romania",2010,"ROU",16.61,"Europe",19.1535150645624,20246871,64.0299987792969,22.193
"Romania",2011,"ROU",17.47,"Europe",5.17760385310054,20147528,64.8600006103516,24.075
"Romania",2012,"ROU",16.81,"Europe",-3.77790497996566,20058035,65.8399963378906,22.818
"Romania",2013,"ROU",16.96,"Europe",0.892325996430709,19983693,66.4599990844727,24.029
"Romania",2014,"ROU",17.01,"Europe",0.294811320754721,19908979,62.9799995422363,24.374
"Romania",2015,"ROU",18.08,"Europe",6.29041740152849,19815616,64.6600036621094,22.038
"Romania",2016,"ROU",17.38,"Europe",-3.8716814159292,19702267,66.4199981689453,21.03
"Romania",2017,"ROU",15.15,"Europe",-12.8308400460299,19588715,67.4499969482422,18.732
"Romania",2018,"ROU",14.52,"Europe",-4.15841584158416,19473970,68.3221539365843,16.612
"Romania",2019,"ROU",14.66,"Europe",0.964187327823695,19371648,69.1800003051758,17.147
"Romania",2020,"ROU",14.75,"Europe",0.613915416098226,19265250,71.0299987792969,17.586
"Romania",2021,"ROU",18.02,"Europe",22.1694915254237,19122059,72.1699981689453,21.149
"Rwanda",2014,"RWA",5.16,"Africa",NA,11364757,8.46000003814697,16.561
"Rwanda",2017,"RWA",25.59,"Africa",395.93023255814,12202060,14.5475073736572,16.732
"Rwanda",2018,"RWA",26.3,"Africa",2.77452129738179,12487996,9.85999965667725,16.264
"Rwanda",2019,"RWA",28.55,"Africa",8.55513307984791,12776103,15.3399355819435,16.052
"Rwanda",2020,"RWA",26.14,"Africa",-8.44133099824869,13065837,10.962080001831,15.947
"Rwanda",2021,"RWA",29.05,"Africa",11.132364192808,13355260,15.8195775844715,23.312
"Samoa",2012,"WSM",39.06,"Oceania",NA,196498,54.5442561147149,17.494
"Samoa",2017,"WSM",28.74,"Oceania",-26.42089093702,205415,NA,19.382
"Saudi Arabia",2019,"SAU",15.6,"Asia",NA,30063799,56.8663981871088,25.476
"Saudi Arabia",2020,"SAU",20.32,"Asia",30.2564102564103,31552510,62.2900009155273,29.627
"Saudi Arabia",2021,"SAU",19.22,"Asia",-5.41338582677166,30784383,63.3182887963145,19.772
"Senegal",2015,"SEN",36.26,"Africa",NA,14593331,5.71197986602783,8.045
"Senegal",2016,"SEN",29.52,"Africa",-18.5879757308329,15034521,6.90667009353638,6.374
"Senegal",2017,"SEN",35.52,"Africa",20.3252032520325,15475002,10.8599996566772,5.836
"Senegal",2018,"SEN",39.69,"Africa",11.7398648648648,15914498,7.19961023330688,4.922
"Senegal",2019,"SEN",33.9,"Africa",-14.5880574452003,16352922,7.41092014312744,4.037
"Serbia",2008,"SRB",20.32,"Europe",NA,7350222,62.5499992370605,35.076
"Serbia",2009,"SRB",21.61,"Europe",6.34842519685039,7320807,62.9900016784668,41.391
"Serbia",2010,"SRB",21.2,"Europe",-1.8972697825081,7291436,63.6699981689453,46.439
"Serbia",2011,"SRB",21.6,"Europe",1.8867924528302,7236519,66.5999984741211,51.182
"Serbia",2012,"SRB",21.65,"Europe",0.231481481481468,7201497,NA,51.244
"Serbia",2013,"SRB",19.79,"Europe",-8.59122401847575,7166553,66.5599975585938,49.464
"Serbia",2014,"SRB",21,"Europe",6.11419909044973,7131787,68.5699996948242,47.632
"Serbia",2015,"SRB",20.36,"Europe",-3.04761904761905,7095383,70.9000015258789,43.23
"Serbia",2016,"SRB",18.08,"Europe",-11.1984282907662,7058322,71.4100036621094,34.962
"Serbia",2017,"SRB",17.58,"Europe",-2.76548672566372,7020858,71.6399993896484,31.905
"Serbia",2018,"SRB",16.98,"Europe",-3.41296928327644,6982604,71.707241071027,29.696
"Serbia",2019,"SRB",15.66,"Europe",-7.77385159010601,6945235,73.6399993896484,27.495
"Serbia",2020,"SRB",16.18,"Europe",3.32056194125159,6899126,73.4497629176403,26.608
"Serbia",2021,"SRB",16.05,"Europe",-0.803461063040785,6834326,73.9430674328555,24.471
"Seychelles",2019,"SYC",21.82,"Africa",NA,97625,84.9096744727077,NA
"Seychelles",2020,"SYC",26.01,"Africa",19.2025664527956,98462,84.3140997583049,NA
"Sierra Leone",2003,"SLE",21.13,"Africa",NA,5177687,NA,7.206
"Sierra Leone",2014,"SLE",32.31,"Africa",52.910553715097,6876385,NA,9.442
"Sierra Leone",2018,"SLE",33.17,"Africa",2.66171463943051,7554563,14.8278392780654,3.573
"Singapore",2013,"SGP",3.7,"Asia",NA,5399162,68.7799987792969,8.903
"Singapore",2014,"SGP",3.6,"Asia",-2.7027027027027,5469724,69.5500030517578,8.378
"Singapore",2015,"SGP",3.6,"Asia",0,5535002,70.9199981689453,8.894
"Singapore",2016,"SGP",4.1,"Asia",13.8888888888889,5607283,70.6900024414062,8.723
"Singapore",2017,"SGP",4.5,"Asia",9.75609756097562,5612253,71.4000015258789,9.339
"Singapore",2018,"SGP",4.3,"Asia",-4.44444444444445,5638676,73.5199966430664,8.437
"Singapore",2019,"SGP",4.13,"Asia",-3.95348837209302,5703569,74.4800033569336,7.63
"Singapore",2020,"SGP",4.46,"Asia",7.99031476997579,5685807,74.5500030517578,10.557
"Singapore",2021,"SGP",6.2,"Asia",39.0134529147982,5453566,78.370002746582,9.499
"Slovenia",2003,"SVN",8,"Europe",NA,1995733,71.9450184331403,15.346
"Slovenia",2004,"SVN",7.73,"Europe",-3.37499999999999,1997012,74.0500030517578,14.1
"Slovenia",2005,"SVN",8.93,"Europe",15.5239327296248,2000474,73.620002746582,15.968
"Slovenia",2006,"SVN",8.52,"Europe",-4.5912653975364,2006868,75.0299987792969,13.887
"Slovenia",2007,"SVN",6.7,"Europe",-21.3615023474178,2018122,73.2099990844727,10.127
"Slovenia",2008,"SVN",6.5,"Europe",-2.98507462686567,2021316,75.8000030517578,10.506
"Slovenia",2009,"SVN",7.46,"Europe",14.7692307692308,2039669,77.3199996948242,13.661
"Slovenia",2010,"SVN",7.11,"Europe",-4.69168900804289,2048583,77.6699981689453,14.7
"Slovenia",2011,"SVN",7.08,"Europe",-0.421940928270046,2052843,78.4499969482422,15.764
"Slovenia",2012,"SVN",9.28,"Europe",31.0734463276836,2057159,79.1600036621094,20.649
"Slovenia",2013,"SVN",9.24,"Europe",-0.431034482758612,2059953,79.7799987792969,21.665
"Slovenia",2014,"SVN",9.42,"Europe",1.94805194805194,2061980,80.0899963378906,20.236
"Slovenia",2015,"SVN",9.51,"Europe",0.955414012738852,2063531,81.4499969482422,16.299
"Slovenia",2016,"SVN",8.03,"Europe",-15.5625657202944,2065042,81.870002746582,15.243
"Slovenia",2017,"SVN",6.52,"Europe",-18.8044831880448,2066388,82.5599975585938,11.24
"Slovenia",2018,"SVN",6.62,"Europe",1.53374233128835,2073894,82.7784258411314,8.817
"Slovenia",2019,"SVN",7.03,"Europe",6.19335347432024,2088385,82.9400024414062,8.136
"Slovenia",2020,"SVN",7.68,"Europe",9.24608819345661,2102419,84.8297258764264,14.179
"Slovenia",2021,"SVN",6.6,"Europe",-14.0625,2108079,86.0023322405167,12.846
"Solomon Islands",2013,"SLB",7.04,"Oceania",NA,594945,NA,1.274
"South Africa",2000,"ZAF",31.79,"Africa",NA,47159719,NA,42.396
"South Africa",2001,"ZAF",34.65,"Africa",8.99653979238754,47566800,26.9799995422363,42.453
"South Africa",2002,"ZAF",35.69,"Africa",3.001443001443,48019415,NA,42.606
"South Africa",2003,"ZAF",36.58,"Africa",2.4936957130849,48500348,NA,43.012
"South Africa",2004,"ZAF",35.39,"Africa",-3.25314379442318,48991421,NA,43.112
"South Africa",2005,"ZAF",34.42,"Africa",-2.74088725628708,49490033,NA,43.209
"South Africa",2006,"ZAF",33.38,"Africa",-3.02149912841371,49998277,NA,43.204
"South Africa",2007,"ZAF",32.63,"Africa",-2.24685440383463,50528584,NA,43.399
"South Africa",2013,"ZAF",30.34,"Africa",-7.01808152007356,54678791,39.6898406450314,50.482
"South Africa",2014,"ZAF",29.93,"Africa",-1.35135135135135,55594838,40.7220812391492,50.648
"South Africa",2015,"ZAF",28.97,"Africa",-3.20748412963582,56723537,40.8310099723,49.447
"South Africa",2016,"ZAF",29.31,"Africa",1.17362789092164,57259551,41.187928727249,52.631
"South Africa",2017,"ZAF",28.88,"Africa",-1.46707608324804,57635162,42.4025035840145,52.625
"South Africa",2018,"ZAF",29.6,"Africa",2.49307479224378,58613001,42.8261385016175,52.938
"South Africa",2019,"ZAF",30.57,"Africa",3.27702702702702,59587885,43.6190376104454,56.628
"South Africa",2020,"ZAF",29.88,"Africa",-2.25711481844946,60562381,49.127311706543,58.588
"South Africa",2021,"ZAF",30.6,"Africa",2.40963855421688,61502603,50.0408210754395,64.652
"South Africa",2022,"ZAF",32.92,"Africa",7.58169934640523,62378410,45.5105018615723,61.115
"Spain",2003,"ESP",11.69,"Europe",NA,42187645,35.5499083496337,22.328
"Spain",2004,"ESP",11.76,"Europe",0.598802395209583,42921895,37.2599983215332,22.48
"Spain",2005,"ESP",12.96,"Europe",10.2040816326531,43653155,40.3899993896484,19.642
"Spain",2006,"ESP",11.83,"Europe",-8.71913580246914,44397319,41.439998626709,17.886
"Spain",2007,"ESP",12.03,"Europe",1.69061707523245,45226803,42.3199996948242,18.087
"Spain",2008,"ESP",14.25,"Europe",18.4538653366584,45954106,42.8300018310547,24.443
"Spain",2009,"ESP",18.09,"Europe",26.9473684210526,46362946,43.3300018310547,37.71
"Spain",2010,"ESP",17.81,"Europe",-1.54781647318961,46576897,44.25,41.453
"Spain",2011,"ESP",18.25,"Europe",2.47052217855138,46742697,45.2700004577637,46.158
"Spain",2012,"ESP",18.6,"Europe",1.91780821917809,46773055,45.5999984741211,52.829
"Spain",2013,"ESP",18.63,"Europe",0.161290322580632,46604197,46.8978414601602,55.444
"Spain",2014,"ESP",17.14,"Europe",-7.99785292538915,46460733,47.2400016784668,53.169
"Spain",2015,"ESP",15.64,"Europe",-8.7514585764294,46422303,47.8600006103516,48.353
"Spain",2016,"ESP",14.62,"Europe",-6.52173913043479,46458139,48.6500015258789,44.445
"Spain",2017,"ESP",13.32,"Europe",-8.89192886456908,46571232,51.1859564334636,38.594
"Spain",2018,"ESP",12.45,"Europe",-6.53153153153154,46782011,50.4199981689453,34.362
"Spain",2019,"ESP",12.13,"Europe",-2.57028112449798,47118501,53.012303429667,32.555
"Spain",2020,"ESP",13.88,"Europe",14.4270403957131,47359424,53.2599983215332,38.312
"Spain",2021,"ESP",10.97,"Europe",-20.9654178674352,47443821,55.3232507853649,34.844
"Sri Lanka",2010,"LKA",26.68,"Asia",NA,20879089,NA,18.684
"Sri Lanka",2011,"LKA",26.52,"Asia",-0.599700149925038,21009048,NA,16.758
"Sri Lanka",2013,"LKA",27.46,"Asia",3.54449472096531,20585000,NA,17.939
"Sri Lanka",2014,"LKA",28.8,"Asia",4.87982520029133,20778000,NA,18.781
"Sri Lanka",2015,"LKA",26.63,"Asia",-7.53472222222223,20970000,NA,19.232
"Sri Lanka",2016,"LKA",27.09,"Asia",1.72737514081863,21209000,61.6800003051758,20.07
"Sri Lanka",2017,"LKA",24.72,"Asia",-8.74861572535992,21453000,62.5,17.391
"Sri Lanka",2018,"LKA",24.18,"Asia",-2.18446601941747,21670000,63.0299987792969,20.496
"Sri Lanka",2019,"LKA",21.21,"Asia",-12.2828784119107,21803000,62.2999992370605,20.425
"Sri Lanka",2020,"LKA",21.51,"Asia",1.41442715700142,21919000,64.8300018310547,25.449
"Sudan",2011,"SDN",33.09,"Africa",NA,36140806,NA,32.17
"Suriname",2016,"SUR",18.19,"South America",NA,587757,NA,24.958
"Sweden",2003,"SWE",6.51,"Europe",NA,8958229,NA,14.312
"Sweden",2004,"SWE",7.88,"Europe",21.0445468509985,8993531,78.25,18.522
"Sweden",2005,"SWE",14.16,"Europe",79.6954314720812,9029572,79.0400009155273,22.829
"Sweden",2006,"SWE",9.34,"Europe",-34.0395480225989,9080505,79.7399978637695,21.475
"Sweden",2007,"SWE",7.48,"Europe",-19.9143468950749,9148092,80.4000015258789,19.26
"Sweden",2008,"SWE",7.82,"Europe",4.54545454545454,9219637,76.2699966430664,20.206
"Sweden",2009,"SWE",9.6,"Europe",22.7621483375959,9298515,76.9599990844727,25.024
"Sweden",2010,"SWE",7.67,"Europe",-20.1041666666667,9378126,77.620002746582,24.761
"Sweden",2011,"SWE",7.53,"Europe",-1.82529335071708,9449213,78.3199996948242,22.784
"Sweden",2012,"SWE",7.83,"Europe",3.98406374501992,9519374,79,23.609
"Sweden",2013,"SWE",7.44,"Europe",-4.98084291187739,9600379,73.9199981689453,23.519
"Sweden",2014,"SWE",7.16,"Europe",-3.76344086021506,9696110,74.4700012207031,22.822
"Sweden",2015,"SWE",6.72,"Europe",-6.14525139664805,9799186,75.0299987792969,20.365
"Sweden",2016,"SWE",6.48,"Europe",-3.57142857142856,9923085,75.5599975585938,18.896
"Sweden",2017,"SWE",6.15,"Europe",-5.09259259259259,10057698,76.1500015258789,17.875
"Sweden",2018,"SWE",6.02,"Europe",-2.1138211382114,10175214,83.172673189653,17.4
"Sweden",2019,"SWE",5.48,"Europe",-8.97009966777407,10278887,77.2600021362305,20.094
"Sweden",2020,"SWE",6.46,"Europe",17.8832116788321,10353442,84.2121403696943,23.895
"Sweden",2021,"SWE",5.07,"Europe",-21.5170278637771,10415811,83.1048471312952,24.599
"Switzerland",1991,"CHE",9.33,"Europe",NA,6799978,NA,3.272
"Switzerland",1992,"CHE",8.8,"Europe",-5.68060021436227,6875364,NA,3.01
"Switzerland",1993,"CHE",9.95,"Europe",13.0681818181818,6938265,82.5051079827871,5.844
"Switzerland",1994,"CHE",11.12,"Europe",11.7587939698492,6993795,81.5815055113866,5.557
"Switzerland",1995,"CHE",10.35,"Europe",-6.92446043165467,7040687,79.8444681883128,4.653
"Switzerland",1996,"CHE",6.21,"Europe",-40,7071850,78.851929549637,4.654
"Switzerland",1997,"CHE",6.69,"Europe",7.72946859903382,7088906,78.842688892995,5.997
"Switzerland",1998,"CHE",6.53,"Europe",-2.3916292974589,7110001,79.1058326628825,5.773
"Switzerland",1999,"CHE",6.22,"Europe",-4.74732006125575,7143991,78.9661416594489,5.651
"Switzerland",2000,"CHE",5.76,"Europe",-7.39549839228296,7184250,79.0890797616452,4.806
"Switzerland",2001,"CHE",6.24,"Europe",8.33333333333334,7229854,83.2533726879818,5.625
"Switzerland",2002,"CHE",6.7,"Europe",7.37179487179487,7284753,82.6618483613412,5.586
"Switzerland",2003,"CHE",8.63,"Europe",28.8059701492537,7339001,82.2766318575162,8.494
"Switzerland",2004,"CHE",7.98,"Europe",-7.53186558516802,7389625,82.8338125684416,7.707
"Switzerland",2005,"CHE",8.67,"Europe",8.64661654135338,7437115,82.7766577918303,8.76
"Switzerland",2006,"CHE",8.57,"Europe",-1.15340253748558,7483934,83.1207526506269,7.7
"Switzerland",2007,"CHE",7.86,"Europe",-8.28471411901984,7551117,83.5807909131454,7.083
"Switzerland",2008,"CHE",8.03,"Europe",2.16284987277352,7647675,84.4327535294807,7.018
"Switzerland",2009,"CHE",8.44,"Europe",5.10585305105853,7743831,82.7200012207031,8.446
"Switzerland",2010,"CHE",8.45,"Europe",0.118483412322272,7824909,81.7399978637695,8.216
"Switzerland",2011,"CHE",7.91,"Europe",-6.39053254437869,7912398,81.629997253418,7.727
"Switzerland",2012,"CHE",8.8,"Europe",11.251580278129,7996861,82.4800033569336,8.327
"Switzerland",2013,"CHE",9.58,"Europe",8.86363636363636,8089346,85.1794450427913,8.743
"Switzerland",2014,"CHE",9.11,"Europe",-4.90605427974949,8188649,84.6399993896484,8.597
"Switzerland",2015,"CHE",9.35,"Europe",2.6344676180022,8282396,85.1900024414062,8.815
"Switzerland",2016,"CHE",8.67,"Europe",-7.27272727272727,8373338,84.5400009155273,8.579
"Switzerland",2017,"CHE",8.13,"Europe",-6.22837370242214,8451840,84.830271864468,8.059
"Switzerland",2018,"CHE",7.93,"Europe",-2.46002460024602,8514329,85.6800003051758,7.937
"Switzerland",2019,"CHE",7.71,"Europe",-2.77427490542244,8575280,86.6500015258789,7.993
"Switzerland",2020,"CHE",8.62,"Europe",11.8028534370947,8638167,86.870062106571,8.603
"Switzerland",2021,"CHE",9.89,"Europe",14.7331786542924,8704546,84.5048573551638,8.319
"Tajikistan",2003,"TJK",31.91,"Asia",NA,6658575,76.6137649109339,5.736
"Tajikistan",2007,"TJK",38.32,"Asia",20.0877467878408,7194477,75.5284041488601,6.046
"Tajikistan",2009,"TJK",42.2,"Asia",10.125260960334,7490230,76.2276910259915,24.618
"Tanzania",2001,"TZA",12.15,"Africa",NA,35198299,0.808757879682355,5.354
"Tanzania",2005,"TZA",9.01,"Africa",-25.843621399177,39182076,NA,5.833
"Tanzania",2006,"TZA",9.01,"Africa",0,40294902,1.31394619692309,6.021
"Tanzania",2010,"TZA",14.87,"Africa",65.03884572697,44758488,2.0456363458292,5.851
"Tanzania",2012,"TZA",10.94,"Africa",-26.4290517821116,47374260,3.40000009536743,6.259
"Tanzania",2014,"TZA",14.93,"Africa",36.4716636197441,50351512,6.03727175759067,3.693
"Tanzania",2020,"TZA",14.35,"Africa",-3.88479571332887,60972798,NA,3.805
"Thailand",2000,"THA",10.44,"Asia",NA,63007815,10.9080495390968,6.818
"Thailand",2007,"THA",10.15,"Asia",-2.77777777777777,67102394,21.9606498681637,4.548
"Thailand",2009,"THA",13.71,"Asia",35.0738916256158,68121080,NA,5.729
"Thailand",2010,"THA",12.52,"Asia",-8.67979576951131,68579447,27.3400001525879,2.598
"Thailand",2011,"THA",12.55,"Asia",0.239616613418539,69007208,NA,2.947
"Thailand",2012,"THA",12.85,"Asia",2.39043824701194,69436098,NA,2.758
"Thailand",2013,"THA",14.37,"Asia",11.8287937743191,69845114,29.2900009155273,1.231
"Thailand",2014,"THA",13.32,"Asia",-7.30688935281836,70216367,31.1241301304379,3.113
"Thailand",2015,"THA",13.59,"Asia",2.02702702702702,70540795,32.2173025321347,3.094
"Thailand",2016,"THA",14.97,"Asia",10.1545253863135,70859841,32.6699981689453,3.714
"Thailand",2017,"THA",15.59,"Asia",4.14161656646626,71160187,33.2606201829033,4.373
"Thailand",2018,"THA",14.78,"Asia",-5.19563822963438,71376079,33.310001373291,4.011
"Thailand",2019,"THA",14.88,"Asia",0.67658998646821,71522271,35.2599983215332,4.19
"Thailand",2020,"THA",15.13,"Asia",1.68010752688172,71641484,35.5546011622631,5.199
"Thailand",2021,"THA",14.75,"Asia",-2.51156642432254,71727332,36.1886879229945,5.858
"Togo",2006,"TGO",9.81,"Africa",NA,6010668,NA,7.49
"Togo",2011,"TGO",11.23,"Africa",14.4750254841998,6916474,9.26000022888184,3.15
"Togo",2015,"TGO",17.76,"Africa",58.1478183437222,7663195,NA,4.315
"Togo",2017,"TGO",25.08,"Africa",41.2162162162162,8057140,9.46590042114258,9.282
"Tonga",2018,"TON",27.92,"Oceania",NA,105567,63.8764236121148,6.679
"Tonga",2021,"TON",18.68,"Oceania",-33.0945558739255,105490,68.7770133541221,6.299
"Trinidad and Tobago",2013,"TTO",52.05,"North America",NA,1340557,54.1681766785809,6.275
"Trinidad and Tobago",2019,"TTO",14.61,"North America",-71.9308357348703,1363985,52.3339197209346,9.17
"Trinidad and Tobago",2020,"TTO",17.06,"North America",16.7693360711841,1366725,52.6581979027097,11.81
"Trinidad and Tobago",2021,"TTO",15.46,"North America",-9.37866354044547,1367558,NA,13.145
"Tunisia",2010,"TUN",25.23,"Africa",NA,10765980,39.33471236499,29.573
"Tunisia",2014,"TUN",31.5,"Africa",24.8513674197384,11274288,24.5912218702907,36.912
"Tuvalu",2016,"TUV",34.26,"Oceania",NA,10930,43.2030771804805,NA
"Tuvalu",2017,"TUV",45.54,"Oceania",32.9246935201401,10869,NA,NA
"Uganda",2009,"UGA",6.95,"Africa",NA,31451151,NA,5.368
"Uganda",2012,"UGA",14.53,"Africa",109.064748201439,34337438,9.86999988555908,5.096
"Uganda",2013,"UGA",5.91,"Africa",-59.3255333792154,35337042,NA,2.593
"Uganda",2017,"UGA",19.2,"Africa",224.8730964467,40177388,NA,5.081
"Uganda",2021,"UGA",13.8,"Africa",-28.125,45910930,NA,5.044
"Ukraine",2014,"UKR",19.98,"Europe",NA,45972380,NA,23.573
"Ukraine",2015,"UKR",17.63,"Europe",-11.7617617617618,45784896,NA,22.611
"Ukraine",2016,"UKR",18.26,"Europe",3.57345433919457,45616832,NA,23.139
"Ukraine",2017,"UKR",16.47,"Europe",-9.802847754655,45436041,NA,18.963
"United Arab Emirates",2021,"ARE",10.72,"Asia",NA,9575152,73.4800033569336,9.737
"United Kingdom",2004,"GBR",5.45,"Europe",NA,59987905,NA,10.618
"United Kingdom",2005,"GBR",8.42,"Europe",54.4954128440367,60401206,NA,12.934
"United Kingdom",2006,"GBR",8.55,"Europe",1.54394299287412,60846820,NA,14.051
"United Kingdom",2007,"GBR",11.9,"Europe",39.1812865497076,61322463,NA,14.482
"United Kingdom",2008,"GBR",12.09,"Europe",1.59663865546218,61806995,NA,15.269
"United Kingdom",2009,"GBR",13.22,"Europe",9.34656741108355,62276270,84.6699981689453,19.35
"United Kingdom",2010,"GBR",13.62,"Europe",3.02571860816943,62766365,86.4300003051758,20.206
"United Kingdom",2011,"GBR",14.24,"Europe",4.55212922173275,63258810,86.0800018310547,21.647
"United Kingdom",2012,"GBR",13.88,"Europe",-2.52808988764045,63711000,87.7399978637695,22.046
"United Kingdom",2013,"GBR",13.24,"Europe",-4.61095100864554,64139000,74,20.822
"United Kingdom",2014,"GBR",11.86,"Europe",-10.4229607250755,64620000,74.7099990844727,17.411
"United Kingdom",2015,"GBR",11.05,"Europe",-6.82967959527824,65088000,NA,15.046
"United Kingdom",2016,"GBR",10.89,"Europe",-1.44796380090498,65607000,NA,13.033
"United Kingdom",2017,"GBR",10.31,"Europe",-5.32598714416896,65966000,77.1100006103516,12.336
"United Kingdom",2018,"GBR",10.45,"Europe",1.35790494665372,66289000,NA,11.555
"United Kingdom",2019,"GBR",10.52,"Europe",0.669856459330146,66631000,NA,10.529
"United States",1994,"USA",15.29,"North America",NA,263126000,89.0161772479126,12.554
"United States",1995,"USA",15.03,"North America",-1.70045781556573,266278000,89.411039858669,12.186
"United States",1996,"USA",14.37,"North America",-4.39121756487026,269394000,89.6436036581065,12.094
"United States",1997,"USA",13.38,"North America",-6.8893528183716,272657000,90.0273232016357,11.43
"United States",1998,"USA",12.66,"North America",-5.38116591928252,275854000,90.3566959582523,10.424
"United States",1999,"USA",12.47,"North America",-1.50078988941548,279040000,90.835679574916,9.891
"United States",2000,"USA",12.39,"North America",-0.641539695268645,282162411,90.835575067592,9.278
"United States",2001,"USA",12.94,"North America",4.43906376109765,284968955,91.1667627020552,10.492
"United States",2002,"USA",13.43,"North America",3.78670788253478,287625193,91.3540456900476,11.935
"United States",2003,"USA",13.61,"North America",1.34028294862248,290107933,91.4598239108993,12.362
"United States",2004,"USA",13.14,"North America",-3.45334313005143,292805298,85.9800033569336,11.791
"United States",2005,"USA",13.15,"North America",0.0761035007610334,295516599,85.1900024414062,11.24
"United States",2006,"USA",12.46,"North America",-5.24714828897338,298379912,85.75,10.43
"United States",2007,"USA",12.29,"North America",-1.36436597110756,301231207,92.4371478045846,10.472
"United States",2008,"USA",13.03,"North America",6.02115541090318,304093966,86.6100006103516,12.76
"United States",2009,"USA",15.03,"North America",15.3491941673062,306771529,86.7099990844727,17.517
"United States",2010,"USA",15.23,"North America",1.33067198935463,309378227,87.1500015258789,18.361
"United States",2011,"USA",14.41,"North America",-5.38411030860145,311839461,87.5899963378906,17.272
"United States",2012,"USA",13.91,"North America",-3.46981263011797,314339099,87.6800003051758,16.211
"United States",2013,"USA",14.38,"North America",3.37886412652768,316726282,88.1500015258789,15.558
"United States",2014,"USA",13.39,"North America",-6.884561891516,319257560,88.3099975585938,13.411
"United States",2015,"USA",12.44,"North America",-7.09484690067215,321815121,88.4100036621094,11.634
"United States",2016,"USA",12.02,"North America",-3.37620578778135,324353340,89.0899963378906,10.432
"United States",2017,"USA",10.97,"North America",-8.73544093178036,326608609,89.8141326904297,9.238
"United States",2018,"USA",10.92,"North America",-0.45578851412945,328529577,89.8099975585938,8.607
"United States",2019,"USA",10.41,"North America",-4.67032967032967,330226227,94.6938014055522,8.375
"United States",2020,"USA",13.89,"North America",33.4293948126801,331577720,90.9400024414062,14.891
"United States",2021,"USA",12.2,"North America",-12.167026637869,332099760,91.313362121582,9.704
"United States",2022,"USA",11.24,"North America",-7.86885245901639,334017321,91.1900024414062,8.105
"Uruguay",1998,"URY",20.85,"South America",NA,3239280,25.6161838475002,22.878
"Uruguay",1999,"URY",21.41,"South America",2.68585131894484,3254015,25.3303740962957,24.466
"Uruguay",2000,"URY",22.99,"South America",7.37972909855207,3266206,25.2426686718162,29.251
"Uruguay",2001,"URY",21.1,"South America",-8.22096563723357,3274251,29.9504705836157,34.45
"Uruguay",2002,"URY",22.47,"South America",6.49289099526065,3278867,30.3218574469913,37.887
"Uruguay",2003,"URY",22.01,"South America",-2.04717400979082,3281186,34.4500007629395,38.091
"Uruguay",2004,"URY",19.66,"South America",-10.6769650159019,3283148,33.4081001985142,33.068
"Uruguay",2005,"URY",19.25,"South America",-2.0854526958291,3285771,NA,29.068
"Uruguay",2006,"URY",20.55,"South America",6.75324675324676,3289506,24.7399997711182,28.089
"Uruguay",2007,"URY",19.66,"South America",-4.330900243309,3295153,NA,24.891
"Uruguay",2008,"URY",18.79,"South America",-4.42522889114955,3302177,26.9799995422363,22.354
"Uruguay",2009,"URY",17.85,"South America",-5.00266098988823,3310091,27.75,20.957
"Uruguay",2010,"URY",18.12,"South America",1.5126050420168,3318580,27.1700000762939,20.707
"Uruguay",2011,"URY",17.16,"South America",-5.29801324503312,3326825,27.0200004577637,18.055
"Uruguay",2012,"URY",17.73,"South America",3.32167832167832,3335401,27.5400009155273,18.566
"Uruguay",2013,"URY",18.04,"South America",1.74844895657078,3345337,27.5799999237061,19.302
"Uruguay",2014,"URY",18.15,"South America",0.609756097560972,3356334,28.4500007629394,19.422
"Uruguay",2015,"URY",18.73,"South America",3.19559228650139,3368017,28.75,22.875
"Uruguay",2016,"URY",18.68,"South America",-0.266951414842502,3379283,28.75,24.149
"Uruguay",2017,"URY",17.87,"South America",-4.33618843683083,3388438,30.0200004577637,25.251
"Uruguay",2018,"URY",17.95,"South America",0.447677672076096,3394534,30.4400005340576,26.538
"Uruguay",2019,"URY",17.58,"South America",-2.06128133704736,3397206,31.5100002288818,28.46
"Uruguay",2021,"URY",14.92,"South America",-15.1308304891923,3396695,33.5,31.806
"Uruguay",2022,"URY",14.26,"South America",-4.42359249329759,3390913,34.8,25.32
"Vanuatu",2006,"VUT",24.24,"Oceania",NA,215923,NA,13.543
"Vanuatu",2009,"VUT",26.33,"Oceania",8.62211221122112,232731,NA,8.957
"Vanuatu",2010,"VUT",31.85,"Oceania",20.9646790733004,238248,NA,9.407
"Vanuatu",2019,"VUT",34.5,"Oceania",8.32025117739403,291985,20.8766313678964,12.336
"Vanuatu",2020,"VUT",47.53,"Oceania",37.768115942029,298858,19.1758354728476,9.696
"Zambia",2008,"ZMB",12.94,"Africa",NA,13021324,NA,16.775
"Zambia",2017,"ZMB",42.83,"Africa",230.989180834621,17441320,NA,8.514
"Zambia",2018,"ZMB",32.83,"Africa",-23.3481204763017,17973569,19.9344501495361,8.747
"Zambia",2019,"ZMB",32.54,"Africa",-0.88333840999086,18513839,NA,10.353
"Zambia",2020,"ZMB",31.05,"Africa",-4.57897971727105,19059395,NA,11.042
"Zambia",2021,"ZMB",31.36,"Africa",0.998389694041864,19603607,NA,9.367
"Zimbabwe",2011,"ZWE",17.26,"Africa",NA,13595424,NA,8.958
"Zimbabwe",2014,"ZWE",16.56,"Africa",-4.0556199304751,14207359,15.1899995803833,6.944
"Zimbabwe",2019,"ZWE",29.37,"Africa",77.3550724637681,15271368,13.274299621582,11.718
"Zimbabwe",2021,"ZWE",30.43,"Africa",3.60912495743956,15797210,NA,15.208
